:020000040800F2
:1000000000000824A53D0008613800086338000896
:1000100065380008673800086938000800000000EB
:10002000000000000000000000000000C1610108A5
:100030006B3800080000000061620108C562010819
:10004000F53D0008F53D0008F53D0008F53D0008C8
:10005000F53D0008F53D0008F53D0008F53D0008B8
:10006000F53D0008F53D0008F53D00086D38000835
:100070007D3800088D380008F53D0008F53D000882
:10008000F53D0008F53D0008F53D0008F53D000888
:10009000F53D0008F53D0008F53D0008F53D000878
:1000A000F53D00089D380008F53D0008F53D0008C5
:1000B000F53D0008F53D0008F53D0008F53D000858
:1000C000F53D0008F53D0008F53D0008F53D000848
:1000D000F53D00083D220008F53D0008F53D00080B
:1000E000F53D0008F53D000800000000F53D000862
:1000F000F53D0008F53D0008F53D0008F53D000818
:10010000F53D0008AD380008F53D0008F53D000854
:10011000F53D0008F53D0008F53D0008F53D0008F7
:10012000F53D0008F53D0008F53D0008F53D0008E7
:10013000F53D0008F53D0008F53D0008F53D0008D7
:1001400000000000000000000000000000000000AF
:10015000F53D0008F53D0008F53D0008F53D0008B7
:10016000F53D0008F53D0008F53D0008F53D0008A7
:10017000F53D0008F53D0008F53D000800000000D1
:10018000F53D0008F53D0008F53D0008F53D000887
:10019000F53D0008F53D0008F53D0008F53D000877
:1001A000F53D0008F53D0008F53D0008F53D000867
:1001B000BD380008F53D0008F53D0008F53D000894
:1001C000F53D0008F53D0008F53D0008F53D000847
:1001D000F53D0008CD380008F53D0008F53D000864
:1001E000F53D0008F53D0008F53D0008F53D000827
:1001F000F53D0008F53D0008F53D0008F53D000817
:10020000F53D0008F53D0008F53D0008F53D000806
:10021000F53D0008F53D0008F53D0008F53D0008F6
:10022000F53D0008F53D0008DD380008000000003D
:10023000F53D0008F53D000800000000F53D000810
:10024000F53D0008F53D0008F53D0008F53D0008C6
:10025000F53D0008F53D0008F53D0008F53D0008B6
:10026000F53D0008F53D0008F53D0008F53D0008A6
:10027000F53D0008F53D0008F53D000800000000D0
:10028000F53D0008F53D0008F53D000800000000C0
:0802900000000000F53D00082C
:1002C00010B5054C237833B9044B13B10448AFF390
:1002D00000800123237010BD200B002400000000CB
:1002E0008085020808B5034B1BB103490348AFF3EF
:1002F000008008BD00000000240B00248085020857
:10030000BFF34F8F0C480D490860BFF34F8FBFF309
:100310006F8FFEE772B60A4801680422114301603C
:10032000084801681143016030BF0748016881F344
:1003300008884068004700000400FA050CED00E062
:1003400010ED00E0084402580098F01F81F00041D1
:1003500002E000BF83F0004330B54FEA41044FEAAA
:10036000430594EA050F08BF90EA020F1FBF54EA45
:10037000000C55EA020C7FEA645C7FEA655C00F0E1
:10038000E2804FEA5454D4EB5555B8BF6D420CDDB2
:100390002C4480EA020281EA030382EA000083EA35
:1003A000010180EA020281EA0303362D88BF30BDD5
:1003B00011F0004F4FEA01314FF4801C4CEA11312B
:1003C00002D0404261EB410113F0004F4FEA03338A
:1003D0004CEA133302D0524263EB430394EA050F15
:1003E00000F0A780A4F10104D5F1200E0DDB02FA84
:1003F0000EFC22FA05F2801841F1000103FA0EF218
:10040000801843FA05F359410EE0A5F120050EF1DD
:10041000200E012A03FA0EFC28BF4CF0020C43FA0E
:1004200005F3C01851EBE37101F0004507D54FF01B
:10043000000EDCF1000C7EEB00006EEB0101B1F56B
:10044000801F1BD3B1F5001F0CD349085FEA3000B1
:100450004FEA3C0C04F101044FEA445212F5800FBC
:1004600080F09A80BCF1004F08BF5FEA500C50F159
:10047000000041EB045141EA050130BD5FEA4C0C3C
:10048000404141EB0101013C28BFB1F5801FE9D299
:1004900091F0000F04BF01460020B1FA81F308BFBC
:1004A0002033A3F10B03B3F120020CDA0C3208DD88
:1004B00002F1140CC2F10C0201FA0CF021FA02F163
:1004C0000CE002F11402D8BFC2F1200C01FA02F1D3
:1004D00020FA0CFCDCBF41EA0C019040E41AA2BFF8
:1004E00001EB0451294330BD6FEA04041F3C1CDAC0
:1004F0000C340EDC04F11404C4F1200220FA04F0E0
:1005000001FA02F340EA030021FA04F345EA030189
:1005100030BDC4F10C04C4F1200220FA02F001FA4B
:1005200004F340EA0300294630BD21FA04F02946CD
:1005300030BD94F0000F83F4801306BF81F4801166
:100540000134013D4EE77FEA645C18BF7FEA655CD9
:1005500029D094EA050F08BF90EA020F05D054EAAB
:10056000000C04BF1946104630BD91EA030F1EBFB0
:100570000021002030BD5FEA545C05D140004941B4
:1005800028BF41F0004130BD14F580043CBF01F5A7
:10059000801130BD01F0004545F0FE4141F470018D
:1005A0004FF0000030BD7FEA645C1ABF1946104668
:1005B0007FEA655C1CBF0B46024650EA013406BF69
:1005C00052EA033591EA030F41F4002130BD00BF28
:1005D00090F0000F04BF0021704730B54FF48064E5
:1005E00004F132044FF000054FF0000150E700BF66
:1005F00090F0000F04BF0021704730B54FF48064C5
:1006000004F1320410F0004548BF40424FF00001B1
:100610003EE700BF42004FEAE2014FEA31014FEAF4
:1006200002701FBF12F07F4393F07F4F81F0605143
:10063000704732F07F4208BF704793F07F4F04BF8E
:1006400041F40021704730B54FF4607401F000456B
:1006500021F000411CE700BF50EA010208BF7047CB
:1006600030B54FF000050AE050EA010208BF7047BC
:1006700030B511F0004502D5404261EB41014FF425
:10068000806404F132045FEA915C3FF4D8AE4FF02D
:1006900003025FEADC0C18BF03325FEADC0C18BF10
:1006A000033202EBDC02C2F1200300FA03FC20FA61
:1006B00002F001FA03FE40EA0E0021FA02F11444AE
:1006C000BDE600BF70B54FF0FF0C4CF4E06C1CEAC7
:1006D00011541DBF1CEA135594EA0C0F95EA0C0F38
:1006E00000F0DEF82C4481EA030621EA4C5123EAAB
:1006F0004C5350EA013518BF52EA033541F48011DA
:1007000043F4801338D0A0FB02CE4FF00005E1FB8C
:1007100002E506F00042E0FB03E54FF00006E1FBD6
:1007200003569CF0000F18BF4EF0010EA4F1FF0419
:10073000B6F5007F64F5407404D25FEA4E0E6D4159
:1007400046EB060642EAC62141EA55514FEAC5206A
:1007500040EA5E504FEACE2EB4F1FD0C88BFBCF5E6
:10076000E06F1ED8BEF1004F08BF5FEA500E50F197
:10077000000041EB045170BD06F0004646EA01015D
:1007800040EA020081EA0301B4EB5C04C2BFD4EB8F
:100790000C0541EA045170BD41F480114FF0000E88
:1007A000013C00F3AB8014F1360FDEBF002001F0F6
:1007B000004170BDC4F10004203C35DA0C341BDC70
:1007C00004F11404C4F1200500FA05F320FA04F042
:1007D00001FA05F240EA020001F0004221F0004176
:1007E00010EBD37021FA04F642EB06015EEA430EE9
:1007F00008BF20EAD37070BDC4F10C04C4F1200519
:1008000000FA04F320FA05F001FA04F240EA0200CB
:1008100001F0004110EBD37041F100015EEA430E9C
:1008200008BF20EAD37070BDC4F1200500FA05F2BC
:100830004EEA020E20FA04F301FA05F243EA02033B
:1008400021FA04F001F0004121FA04F220EA02004A
:1008500000EBD3705EEA430E08BF20EAD37070BD90
:1008600094F0000F0FD101F00046400041EB010170
:1008700011F4801F08BF013CF7D041EA060195F052
:10088000000F18BF704703F00046520043EB03030C
:1008900013F4801F08BF013DF7D043EA06037047F9
:1008A00094EA0C0F0CEA135518BF95EA0C0F0CD004
:1008B00050EA410618BF52EA4306D1D181EA03014A
:1008C00001F000414FF0000070BD50EA410606BF44
:1008D0001046194652EA430619D094EA0C0F02D189
:1008E00050EA013613D195EA0C0F05D152EA0336CE
:1008F0001CBF104619460AD181EA030101F00041EC
:1009000041F0FE4141F470014FF0000070BD41F034
:10091000FE4141F4780170BD70B54FF0FF0C4CF40E
:10092000E06C1CEA11541DBF1CEA135594EA0C0F2D
:1009300095EA0C0F00F0A7F8A4EB050481EA030E7A
:1009400052EA03354FEA013100F088804FEA033361
:100950004FF0805545EA131343EA12634FEA02222F
:1009600045EA111545EA10654FEA00260EF00041F0
:100970009D4208BF964244F1FD0404F5407402D242
:100980005B084FEA3202B61A65EB03055B084FEAD3
:1009900032024FF480104FF4002CB6EB020E75EBD0
:1009A000030E22BFB61A754640EA0C005B084FEAF8
:1009B0003202B6EB020E75EB030E22BFB61A754675
:1009C00040EA5C005B084FEA3202B6EB020E75EBC0
:1009D000030E22BFB61A754640EA9C005B084FEA38
:1009E0003202B6EB020E75EB030E22BFB61A754645
:1009F00040EADC0055EA060E18D04FEA051545EA34
:100A000016754FEA06164FEAC30343EA52734FEADC
:100A1000C2025FEA1C1CC0D111F4801F0BD141EA55
:100A200000014FF000004FF0004CB6E711F4801FBA
:100A300004BF01430020B4F1FD0C88BFBCF5E06F9A
:100A40003FF6AFAEB5EB030C04BFB6EB020C5FEAAA
:100A5000500C50F1000041EB045170BD0EF0004EFF
:100A60004EEA113114EB5C04C2BFD4EB0C0541EA31
:100A7000045170BD41F480114FF0000E013C90E62E
:100A800045EA060E8DE60CEA135594EA0C0F08BFF2
:100A900095EA0C0F3FF43BAF94EA0C0F0AD150EAF1
:100AA00001347FF434AF95EA0C0F7FF425AF104684
:100AB00019462CE795EA0C0F06D152EA03353FF4AC
:100AC000FDAE1046194622E750EA410618BF52EA29
:100AD00043067FF4C5AE50EA41047FF40DAF52EAFD
:100AE00043057FF4EBAE12E74FF0FF3C06E000BF9A
:100AF0004FF0010C02E000BF4FF0010C4DF804CDA7
:100B00004FEA410C7FEA6C5C4FEA430C18BF7FEA66
:100B10006C5C1BD001B050EA410C0CBF52EA430C94
:100B200091EA030F02BF90EA020F0020704710F114
:100B3000000F91EA030F58BF994208BF90422CBFA3
:100B4000D8176FEAE37040F0010070474FEA410C9C
:100B50007FEA6C5C02D150EA013C07D14FEA430CBA
:100B60007FEA6C5CD6D152EA033CD3D05DF8040B2B
:100B7000704700BF8446104662468C46194663465D
:100B800000E000BF01B5FFF7B7FF002848BF10F134
:100B9000000F01BD4DF808EDFFF7F4FF0CBF012079
:100BA00000205DF808FB00BF4DF808EDFFF7EAFFF5
:100BB00034BF012000205DF808FB00BF4DF808EDB0
:100BC000FFF7E0FF94BF012000205DF808FB00BFA5
:100BD0004DF808EDFFF7CEFF94BF012000205DF82F
:100BE00008FB00BF4DF808EDFFF7C4FF34BF01203C
:100BF00000205DF808FB00BF4FEA4102B2F1E0437C
:100C000024BFB3F5001CDCF1FE5C0DD901F0004CF3
:100C10004FEAC0024CEA5070B2F1004F40EB830043
:100C200008BF20F00100704711F0804F21D113F16F
:100C30003872BCBF01F00040704741F480114FEAA8
:100C40005252C2F11802C2F1200C10FA0CF320FA31
:100C500002F018BF40F001004FEAC1234FEAD3234E
:100C600003FA0CFC40EA0C0023FA02F34FEA4303B8
:100C7000CCE77FEA625307D150EA01331EBF4FF041
:100C8000FE4040F44000704701F0004040F0FE405C
:100C900040F40000704700BF53B94AB9002908BFAB
:100CA00000281CBF4FF0FF314FF0FF3000F074B947
:100CB000ADF1080C6DE904CE00F006F8DDF804E0B3
:100CC000DDE9022304B070472DE9F047089D044692
:100CD0008E46002B4DD18A42944669D9B2FA82F2EF
:100CE00052B101FA02F3C2F1200120FA01F10CFA2B
:100CF00002FC41EA030E94404FEA1C48210CBEFB63
:100D0000F8F61FFA8CF708FB16E341EA034306FBEB
:100D100007F199420AD91CEB030306F1FF3080F07A
:100D20001F81994240F21C81023E63445B1AA4B2C7
:100D3000B3FBF8F008FB103344EA034400FB07F769
:100D4000A7420AD91CEB040400F1FF3380F00A81AA
:100D5000A74240F207816444023840EA0640E41B9F
:100D600000261DB1D4400023C5E900433146BDE84B
:100D7000F0878B4209D9002D00F0EF800026C5E9ED
:100D8000000130463146BDE8F087B3FA83F6002E05
:100D90004AD18B4202D3824200F2F980841A61EB7D
:100DA000030301209E46002DE0D0C5E9004EDDE79B
:100DB00002B9FFDEB2FA82F2002A40F09280A1EB83
:100DC0000C014FEA1C471FFA8CFE0126200CB1FBD8
:100DD000F7F307FB131140EA01410EFB03F08842D1
:100DE00008D91CEB010103F1FF3802D2884200F25E
:100DF000CB804346091AA4B2B1FBF7F007FB1011F0
:100E000044EA01440EFB00FEA64508D91CEB04048D
:100E100000F1FF3102D2A64500F2BB800846A4EBE8
:100E20000E0440EA03409CE7C6F12007B34022FAD3
:100E300007FC4CEA030C20FA07F401FA06F31C4302
:100E4000F9404FEA1C4900FA06F3B1FBF9F8200C0F
:100E50001FFA8CFE09FB181140EA014108FB0EF055
:100E6000884202FA06F20BD91CEB010108F1FF3AA5
:100E700080F08880884240F28580A8F102086144B1
:100E8000091AA4B2B1FBF9F009FB101144EA0141BF
:100E900000FB0EFE8E4508D91CEB010100F1FF346A
:100EA0006CD28E456AD90238614440EA0840A0FB02
:100EB0000294A1EB0E01A142C846A64656D353D0D8
:100EC0005DB1B3EB080261EB0E0101FA07F722FAFC
:100ED00006F3F1401F43C5E9007100263146BDE825
:100EE000F087C2F12003D8400CFA02FC21FA03F388
:100EF000914001434FEA1C471FFA8CFEB3FBF7F009
:100F000007FB10360B0C43EA064300FB0EF69E422D
:100F100004FA02F408D91CEB030300F1FF382FD2C6
:100F20009E422DD9023863449B1B89B2B3FBF7F66E
:100F300007FB163341EA034106FB0EF38B4208D947
:100F40001CEB010106F1FF3816D28B4214D9023E88
:100F50006144C91A46EA004638E72E46284605E7A6
:100F60000646E3E61846F8E64B45A9D2B9EB020877
:100F700064EB0C0E0138A3E74646EAE7204694E707
:100F80004046D1E7D0467BE7023B614432E730463A
:100F900009E76444023842E7704700BF844641EAEB
:100FA000000313F003036DD1403A41D351F8043BE1
:100FB00040F8043B51F8043B40F8043B51F8043B33
:100FC00040F8043B51F8043B40F8043B51F8043B23
:100FD00040F8043B51F8043B40F8043B51F8043B13
:100FE00040F8043B51F8043B40F8043B51F8043B03
:100FF00040F8043B51F8043B40F8043B51F8043BF3
:1010000040F8043B51F8043B40F8043B51F8043BE2
:1010100040F8043B51F8043B40F8043B51F8043BD2
:1010200040F8043B51F8043B40F8043B403ABDD241
:10103000303211D351F8043B40F8043B51F8043BE3
:1010400040F8043B51F8043B40F8043B51F8043BA2
:1010500040F8043B103AEDD20C3205D351F8043B72
:1010600040F8043B043AF9D2043208D0D2071CBF3E
:1010700011F8013B00F8013B01D30B880380604667
:10108000704700BF082A13D38B078DD010F00303DD
:101090008AD0C3F10403D21ADB071CBF11F8013B4D
:1010A00000F8013B80D331F8023B20F8023B7BE79C
:1010B000043AD9D3013A11F8013B00F8013BF9D2C7
:1010C0000B7803704B7843708B7883706046704761
:1010D0000000000000000000000000000000000010
:1010E000A2EB0300704700BF02780B78012A28BFEB
:1010F0009A42F5D16DE9044540EA0104CDE9026761
:101100006FF0000C4FEA447212B380EA010414F04D
:10111000070F6AD100F0070420F0070004F0030570
:1011200021F007014FEAC505F0E8042314F0040F8D
:10113000F1E804670CFA05F462EA040266EA0406C0
:101140000AD063EA0403624667EA0407664603E0DE
:10115000F0E80423F1E8046782FA4CF582EA060419
:10116000A4FA8CF46CBB83FA4CF583EA0705A5FA64
:101170008CF595B950E9022351E9026782FA4CF5E2
:1011800082EA0604A4FA8CF483FA4CF583EA070594
:10119000A5FA8CF52543DBD09CB92DBAB5FA85F4B8
:1011A00024F0070427FA04F1DDE9026723FA04F3C7
:1011B00003F0FF0001F0FF01FDE80445A0EB010092
:1011C000704724BAB4FA84F424F0070426FA04F130
:1011D000DDE9026722FA04F202F0FF0001F0FF01EC
:1011E000FDE80445A0EB0100704714F0030F3CD16B
:1011F00010F0030428D150F8082B51F8083B82FA6C
:101200004CF582EA0305A5FA8CF55DB950F8042C7B
:1012100051F8043C82FA4CF582EA0305A5FA8CF5F4
:10122000002DE8D02DBAB5FA85F424F0070423FA8E
:1012300004F122FA04F202F0FF0001F0FF01FDE8E0
:101240000445A0EB010070474FEAC40420F00300FE
:1012500050F8082B21F0030151F8083B0CFA04F474
:1012600062EA040263EA0403C9E710F003041AD037
:10127000A1EB040120F00300E40750F8042B06D092
:101280000FD28B785FFAA2F4E41A06D12BB1CB7897
:101290005FFAB2F4E41A00D11BB920465DF8104B96
:1012A000704701F1040150F8042BCC0721F0030131
:1012B00051F8043B48D824D222F07F4482FA4CF5FE
:1012C00094EA1325A5FA8CF50AD165B951F8043BC7
:1012D00084EA0204B4EB036F0ED150F8042BEBE761
:1012E0004FEA132355E035F07F454DD10878FDE8EE
:1012F0000445C0F1000070474FEA126203F0FF039B
:1013000047E002EA1C4482FA4CF594EA1345A5FA38
:101310008CF50AD165B951F8043B84EA0204B4EBB8
:10132000034F0CD150F8042BEBE74FEA134330E0A6
:1013300015EA1C4528D10B884FEA124229E04FEAF2
:10134000124203EA1C4324E002F0FF0482FA4CF547
:1013500094EA1365A5FA8CF50AD165B951F8043BF6
:1013600084EA0204B4EB032F09D150F8042BEBE715
:101370004FEA13630DE015F0FF0F05D10B684FEA3C
:10138000122223F07F4304E04FF00000FDE8044503
:10139000704712BA1BBA82FA4CF482EA0304A4FA28
:1013A0008CF5B5FA85F402FA04F203FA04F34FEA75
:1013B0001260FDE80445A0EB1360704700000000D8
:1013C00090F800F06DE9024520F007016FF0000C85
:1013D00010F0070491F820F040F049804FF000042D
:1013E0006FF00700D1E9002391F840F000F1080008
:1013F00082FA4CF2A4FA8CF283FA4CF3A2FA8CF340
:101400004BBBD1E9022382FA4CF200F10800A4FAA6
:101410008CF283FA4CF3A2FA8CF3E3B9D1E90423FA
:1014200082FA4CF200F10800A4FA8CF283FA4CF331
:10143000A2FA8CF37BB9D1E9062301F1200182FAEB
:101440004CF200F10800A4FA8CF283FA4CF3A2FAF1
:101450008CF3002BC6D0002A04BF04301A4612BAFF
:10146000B2FA82F2FDE8024500EBD2007047D1E902
:10147000002304F00305C4F100004FEAC50514F091
:10148000040F91F840F00CFA05F562EA05021CBF62
:1014900063EA050362464FF00004A9E7000000007C
:1014A00001F0FF01102A2BDB10F0070F08D010F815
:1014B000013B013A8B422DD010F0070F42B3F6D119
:1014C000F0B441EA012141EA014122F007047FF032
:1014D00000070023F0E80256083C85EA010586EA89
:1014E000010685FA47F5A3FA87F586FA47F6A5FAC5
:1014F00087F68EB9EED1F0BC01F0FF0102F00702D1
:1015000032B110F8013B013A83EA010313B1F8D17B
:101510000020704701387047002D06BF354603385C
:10152000073815F0010F07D1013015F4807F02BF95
:10153000013015F4C03F0130F0BC0138704700BFE6
:101540004FEA410C7FEA6C5C02D150EA013C0AD1BF
:101550004FEA430C7FEA6C5C02D152EA033C02D1B1
:101560004FF0000070474FF0010070474FEA410212
:1015700012F5001215D211D56FF47873B3EB6252E5
:1015800012D94FEAC12343F0004343EA505311F00C
:10159000004F23FA02F018BF404270474FF000009E
:1015A000704750EA013005D111F0004008BF6FF0DC
:1015B000004070474FF00000704700BF4A0011D252
:1015C00012F5001211D20DD56FF47873B3EB62529D
:1015D0000ED44FEAC12343F0004343EA505323FAA9
:1015E00002F070474FF00000704750EA013002D11E
:1015F0004FF0FF3070474FF00000704738B50022C1
:10160000002304460D46FFF7CFFA28B920462946A5
:10161000BDE8384000F00AB8204605F1004100F06E
:1016200005F8404261EB410138BD00BFD0B50C4B1D
:10163000002206460F46FFF745F8FFF7BFFF0446B6
:10164000FEF7C6FF074B0022FFF73CF802460B46A9
:1016500030463946FEF77EFEFFF7B0FF2146D0BD8B
:101660000000F03D0000F0414FF0FF3070470000F7
:1016700070B504460D46164640F2FF72002104F094
:1016800025F9204603F04AFE0A21204603F04EFACF
:1016900070B9204603F0E0FA03460A4A314628466C
:1016A0001BF018FA0546204603F00AFF284670BDD5
:1016B000204603F005FF044816F0FCFA4FF0FF3512
:1016C000F4E700BF508602085486020830B595B092
:1016D0000C460E4D00230293012301930723009330
:1016E0000B4B0A460146284619F098FD00942B46FC
:1016F000084A402104A81BF0EDF904A819F00CFEDB
:1017000008B1054A426115B030BD00BF74860208B9
:10171000688602087C8602080000002408B5024999
:101720000248FFF7D3FF08BD848602084C0C002452
:1017300008B501210A480AF0C0FE0A4B984206D0BB
:1017400016F03CFA0FF07EFA00F0CEFC08BD002245
:10175000012103480AF0ACFEFEF7E7FDF0E700BF09
:10176000D41000240155464408B500F0ADFD00F04A
:1017700075F800F097FA00F0FDF9FFF7CFFF08BD0C
:1017800008B5034A012103480AF092FE08BD00BFD4
:1017900001554644D41000240020704700207047B3
:1017A000002A18BF00280DD010B51446827962B106
:1017B0000A78303A18BF01228188006805F099FD47
:1017C000204610BD4FF0FF3070474FF0FF30F8E774
:1017D000002A18BF002802D14FF0FF30704710B523
:1017E0000C468188006805F07DFD012803D0302378
:1017F0002370012010BD3123FAE70000F0B595B049
:1018000007460E4614461D46082002F0A1FC01467C
:101810000760868085710D4D00230293012301939B
:10182000052300930A4B2246284619F0F7FC009442
:101830002B46084A402104A81BF04CF904A819F0D3
:101840006BFD08B1044A426115B0F0BD98860208EC
:101850008C8602087C8602081000002408B501234B
:10186000054A80210548FFF7C9FF0123044A80216A
:101870000448FFF7C3FF08BDA486020800140258FD
:10188000A8860208001C025830B585B000240094D8
:1018900001940294039404F087F901258DF8005017
:1018A0008DF801404FF04043019318238DF8083024
:1018B0008DF809408DF80A4003238DF80B308DF820
:1018C0000C408DF80D408DF80E508DF80F40684695
:1018D00004F088F98DF801504FF010530193122352
:1018E0008DF808308DF80F50684604F07BF904201D
:1018F00004F068F905B030BD00B59FB04C2200215E
:101900000BA81AF0BFFF2022002103A81AF0BAFF8B
:10191000022007F0A5FD00230093404BDA6A22F075
:101920000102DA62DB6A03F0010300933C4B9A691F
:1019300042F440429A619B6903F440430093009B48
:10194000374B9B6913F4005FFAD0364BD3F8F42081
:1019500042F00202C3F8F420D3F8F43003F002039B
:101960000193019B002302932D4B9A6942F440425C
:101970009A619B6903F440430293284BDA6A42F070
:101980000102DA62DB6A03F001030293029B244B3B
:101990009B6913F4005FFAD007F05AFD03F0C0F81A
:1019A000204A136F23F01803136725230B934FF47A
:1019B00080330C9301230D931193022314931593F9
:1019C00005221692C02217921893042219921A9394
:1019D00008231B9300231C931D930BA808F0A4F964
:1019E000B0B93F23039303230493002305930823F3
:1019F00006934023079308934FF4806209920A9359
:101A0000042103A808F0E4FD28B91FB05DF804FB29
:101A100002F0FAFAE5E702F0F7FAF6E700040058F8
:101A2000004802580044025810B5B0B0C024224605
:101A3000002168461AF026FF4FF400220023CDE96A
:101A400000230523029303940C230493022305939C
:101A5000069380230793684609F080F808B930B0F0
:101A600010BD02F0D1FAFAE708B5FFF70DFFFFF756
:101A700043FFFFF7D9FF00F0BFFE00F051FD01F07A
:101A80008BFA00F075FE00F077FD01F0CDFA01F061
:101A900003F801F0FFFD02F045F801F077FD01F0D9
:101AA000B7FD0FF085F800F08BFC01F0FBF900F0BA
:101AB00037FC01F0C9FF02F069F800F071FF08BDC2
:101AC000012A10D930B583B014460A4612F8011B1A
:101AD000631E642500959BB2490005F021FE28B9DC
:101AE000204603B030BD4FF0FF3070474FF0FF305D
:101AF000F7E7012A10D930B583B014460A4612F828
:101B0000011B631E642500959BB2490005F0DAFEB7
:101B100028B9204603B030BD4FF0FF3070474FF07A
:101B2000FF30F7E730B595B00C460E4D0023029319
:101B300001230193052300930B4B0A4601462846D7
:101B400019F06CFB00942B46084A402104A81AF0B7
:101B5000C1FF04A819F0E0FB08B1054A426115B0C5
:101B600030BD00BFB4860208AC8602087C8602083D
:101B70002000002408B502490248FFF7D3FF08BD42
:101B8000BC8602082C0E00240AB9002070473023BE
:101B90000B70012070470000002A18BF00283DD0BC
:101BA00010B5844614460020034605E003EB83038A
:101BB00002EB4303303B0130A04204D20A5C2F2ADF
:101BC00001D9392AF2D9642B00D96423DCF800202A
:101BD0001168CA6A02FB0333124AA2FB03235B09A2
:101BE000DCF8042042B94B63DCF80410DCF8000098
:101BF0000CF042F9204610BD042A07D0082A07D06D
:101C00000C2A07D0102A07D0CB65EDE78B63EBE7F2
:101C1000CB63E9E70B64E7E78B65E5E74FF0FF305F
:101C2000704700BF1F85EB512DE9F04194B0044689
:101C30000E4690461D4608F037FE400000276760BC
:101C4000B0FBF8F00138E0608023A36120460BF080
:101C500043FF082002F07CFA0146046046600D4C08
:101C600002970123019300970B4B2A46204619F057
:101C7000D5FA00952346094A402104A81AF02AFF04
:101C800004A819F049FB08B1054A426114B0BDE847
:101C9000F08100BFA0980208949802087C86020890
:101CA0003C00002410B5074C074B3222002120468F
:101CB000FFF7BAFF054B322204212046FFF7B4FF9D
:101CC00010BD00BFC0110024A8980208B4980208F3
:101CD00003460138B3B182B00EE0BDF806309BB2C6
:101CE00001339BB2ADF80630BDF806309BB2072B2E
:101CF000F3D9034601381BB10023ADF80630F3E7F2
:101D000002B070477047000000B587B00023019310
:101D100002930393049305930123029303930823EF
:101D2000019301A9024805F0CDF907B05DF804FB65
:101D30000018025800B587B0002301930293039363
:101D4000049305930823019301A9034805F0BAF908
:101D500007B05DF804FB00BF0018025810B5114C25
:101D600001224FF48071204605F0C3FA01224FF49E
:101D70000061204605F0BDFA1420FFF7A9FF0022FC
:101D80004FF48071204605F0B4FA1420FFF7A0FF4D
:101D900000224FF40061204605F0ABFA1420FFF753
:101DA00097FF10BD0020025810B5134C00224FF4CD
:101DB0000061204605F09DFA1420FFF789FF0022FC
:101DC0004FF48071204605F094FA1420FFF780FF4D
:101DD00001224FF40061204605F08BFA1420FFF732
:101DE00077FF01224FF48071204605F082FA14201B
:101DF000FFF76EFF10BD00BF0020025810B5164C53
:101E000000224FF40061204605F073FA1420FFF71A
:101E10005FFF00224FF48071204605F06AFA14201B
:101E2000FFF756FF01224FF40061204605F061FAEA
:101E30001420FFF74DFF00224FF40061204605F00B
:101E400058FA01224FF48071204605F052FA14200E
:101E5000FFF73EFF10BD00BF0020025810B5134C25
:101E600000224FF40061204605F043FA1420FFF7EA
:101E70002FFF01224FF48071204605F03AFA14201A
:101E8000FFF726FF01224FF40061204605F031FAEA
:101E90001420FFF71DFF00224FF40061204605F0DB
:101EA00028FA1420FFF714FF10BD00BF00200258CD
:101EB00010B5174C01224FF48071204605F019FA35
:101EC0001420FFF705FF01224FF40061204605F0C2
:101ED00010FA1420FFF7FCFE4FF48071204605F045
:101EE00001FA50B100224FF40061204605F001FADA
:101EF0001420FFF7EDFE002010BD00224FF400611A
:101F0000034805F0F6F91420FFF7E2FE0120F3E79D
:101F10000020025870B5054600241EE001224FF44F
:101F20008071194805F0E5F91420FFF7D1FE164E2F
:101F300001224FF40061304605F0DBF91420FFF771
:101F4000C7FE00224FF40061304605F0D2F9072C9D
:101F50000FD06D00EDB20134E4B2072C10D815F0AB
:101F6000800FDBD100224FF48071074805F0C1F9E2
:101F7000DAE701224FF48071304605F0BAF9E8E75C
:101F8000FFF796FF70BD00BF00200258F8B5074666
:101F900000252C461EE06400E4B2144E01224FF4EA
:101FA0000061304605F0A5F91420FFF791FE4FF4CB
:101FB0008071304605F096F900F0010004430022DC
:101FC0004FF40061304605F094F91420FFF780FECD
:101FD0000135EDB2072DDED9012F03D0FFF73EFF0B
:101FE0002046F8BDFFF70AFFFAE700BF00200258BD
:101FF00010B5FFF789FE00220821124805F079F993
:10200000114C01221021204605F073F942F21070A4
:10201000FFF75EFE00221021204605F06AF90B480A
:10202000FFF756FE01221021204605F062F908480C
:10203000FFF74EFEFFF77EFE44F62060FFF748FEF6
:1020400010BD00BF00180258001C0258F0490200E1
:102050003057050070B50546FFF780FEBA20FFF740
:1020600059FF012802D00124204670BD0446280AE9
:10207000FFF750FF06460128F6D1E8B2FFF74AFF06
:10208000012801D03446EFE70024EDE7F8B5044617
:102090000D461746FFF762FE2046FFF7DBFF20B133
:1020A0000126FFF781FE3046F8BD0646FFF756FED3
:1020B000BB20FFF72FFF012811D00126F1E70020F8
:1020C000FFF764FF38550134E4B2AC4209D26B1E0D
:1020D0009C42F4D00120FFF759FF3855F3E734460E
:1020E000F3E7FFF761FEDCE730B585B000248DF83B
:1020F0000340FFF77DFF164D01224FF40061284693
:1021000005F0F7F801224FF48071284605F0F1F848
:10211000224608210F4805F0ECF8012210210E4854
:1021200005F0E7F801AA0B2148F24010FFF7AEFFD7
:102130000DF10302012148F24700FFF7A7FF9DF8C8
:102140000430392B02D0012005B030BD2046FBE71A
:102150000020025800180258001C0258002090422B
:1021600022D230B4114BB3F800C01FFA8CFC104BD4
:102170001B889BB29C4515D00C4C23889BB20D4DFF
:10218000EB5C0B5423889BB20133D3F1000CDBB220
:102190005FFA8CFC58BFCCF100039BB22380013066
:1021A0009042DFD330BC7047704700BF480C00241A
:1021B000400C0024400B002410B514464FF0FF33B0
:1021C00092B204480DF062F808B9204610BD4FF0F5
:1021D000FF30FBE7FC12002408B505480BF0A0FF18
:1021E000252003F0CFFC0020024B186008BD00BF83
:1021F000FC120024440C002408B500230A4A138072
:102200000A4A13800A4B1B680BB1002008BD252029
:1022100003F0AAFC0122074907480DF0D5F9044B49
:1022200001221A60F1E700BF480C0024400C002492
:10223000440C00243C0B0024FC12002408B5024886
:102240000BF0F0FF08BD00BFFC12002408B50268C7
:10225000174B9A4200D008BD816D0029FBD0154A6A
:1022600013889BB208781449C85413889BB2013371
:102270005942DBB2C9B258BF4B429BB2138012889D
:1022800092B20E4B1B889BB29A4205D001220C4998
:102290000C480DF099F9DEE708490B889BB2013331
:1022A0005A42DBB2D2B258BF53429BB20B80EDE729
:1022B00000100140400C0024400B0024480C002476
:1022C0003D0B0024FC12002430B595B00E4D0F4C90
:1022D0000023029301230193052300930C4B2A460C
:1022E0000C49204618F09AFF009523460A4A4021DF
:1022F00004A81AF0EFFB04A819F00EF808B1074A79
:10230000426115B030BD00BFD4980208DC980208C5
:10231000C0980208FC1200247C8602084C000024AD
:1023200000B58BB0002307930893099300930193A2
:10233000029303930493059306931E481E4A02607A
:1023400043608360C3600422026103754375012208
:102350008261037743628362C3620363436380F8ED
:10236000383003F081F9E0B90023079307A9114839
:1023700003F000FBC0B9114B009306230193002327
:10238000029340F2FF7203920422049205938DF8A7
:1023900019306946074802F063FC40B90BB05DF89C
:1023A00004FB01F031FEDFE701F02EFEE3E701F070
:1023B0002BFEF3E74C0C0024002002401000C0105C
:1023C00000B589B00023019302930393049305930E
:1023D0000693079319481A4A02608360C360042277
:1023E0000261037543750122826103774362836250
:1023F000C3620363436380F8383003F035F9B0B942
:10240000104B0193062302930723039340F2FF73BB
:10241000049304230593002306938DF81D3001A92E
:10242000064802F01DFC28B909B05DF804FB01F074
:10243000EBFDE5E701F0E8FDF6E700BFB00C002496
:1024400000600258000084CB10B588B000230393CD
:10245000049305930693079303682B4A934204D091
:102460002A4A934241D008B010BD0446284BD3F805
:10247000D82042F02002C3F8D820D3F8D82002F0A8
:1024800020020092009AD3F8E02042F00402C3F840
:10249000E020D3F8E03003F004030193019B102304
:1024A00003930323049303A91A4804F00BFE1A486C
:1024B0001A4B03600923436000238360C3604FF419
:1024C000806202614FF4006242614FF40052826107
:1024D000C3610362436203F0EBFC18B90E4BE36483
:1024E0009C63C0E701F090FDF8E7094BD3F8E020CA
:1024F00042F08072C3F8E020D3F8E03003F080733C
:102500000293029BAFE700BF002002400060025828
:102510000044025800080258140D0024280002400C
:1025200000B583B0134BD3F8D82042F00102C3F8B2
:10253000D820D3F8D83003F001030193019B002287
:1025400005210B2003F0DAFA0B2003F00DFB00222B
:1025500005210C2003F0D2FA0C2003F005FB002229
:1025600005210D2003F0CAFA0D2003F0FDFA03B097
:102570005DF804FB0044025808B50F480F4B036098
:102580000023436002228260C36043648264C364A8
:10259000036543658365C36504F0D0FC28B9012158
:1025A000054804F00DFD18B908BD01F02DFDF6E752
:1025B00001F02AFDF8E700BF8C0D00240010005246
:1025C00002680A4B9A4200D0704782B0084BD3F899
:1025D000D42042F01002C3F8D420D3F8D43003F052
:1025E00010030193019B02B0704700BF001000521E
:1025F00000440258F0B5B9B00023339334933593B7
:1026000036933793304B1B680BB139B0F0BD2E4B6E
:1026100001221A60C022002102A81AF033F94FF0FB
:1026200080720023CDE9022302A808F097FA00285F
:1026300047D1264BD3F8D42042F48052C3F8D4209B
:10264000D3F8D43003F480530193019B4FF63F033A
:1026500033930227349700263596032536950C24AC
:10266000379433A91A4804F02DFD2C233393349763
:1026700035963695379433A9164804F023FD48F271
:1026800037133393349735963695379433A91248D8
:1026900004F018FD4FF683733393349735963695CF
:1026A000379433A90D4804F00DFD4CF203733393B6
:1026B000349735963695379433A9094804F002FDCE
:1026C000A3E701F0A1FCB4E7F40D00240044025894
:1026D00000140258001C025800180258001002583A
:1026E000000C0258F0B587B0044600230593012280
:1026F000019210210291039204934FF4805201A998
:102700000AF06AFE20460AF0A1FE0128FAD102234F
:1027100001931025029501260396002704974FF494
:10272000805201A920460AF057FE03230193029527
:102730000823039304974FF4805201A920460AF01E
:102740004BFE40F231230593042301930295039637
:10275000059B04934FF4805201A920460AF03CFEE9
:1027600040F2963120460AF058FE07B0F0BD000056
:1027700000B589B00023019302930393049305935A
:10278000069307931848194A026043600122826049
:102790000822C26010220261402242614FF4C072DE
:1027A0008261C3614FF4006303624FF4805343625C
:1027B0004FF4005383620223019307220292042103
:1027C00003910492032205920693079369440AF049
:1027D000DBFD28B90448FFF785FF09B05DF804FB6D
:1027E00001F012FCF6E700BFF80D00244041005252
:1027F00008B5FFF7FFFE08BD2DE9F0418EB00024BB
:1028000009940A940B940C940D945F4BD3F8E02038
:1028100042F01002C3F8E020D3F8E02002F01002EA
:102820000092009AD3F8E02042F48072C3F8E020CE
:10283000D3F8E02002F480720192019AD3F8E020EC
:1028400042F00402C3F8E020D3F8E02002F00402D2
:102850000292029AD3F8E02042F02002C3F8E0206E
:10286000D3F8E02002F020020392039AD3F8E0208C
:1028700042F08002C3F8E020D3F8E02002F08002AA
:102880000492049AD3F8E02042F00102C3F8E02059
:10289000D3F8E02002F001020592059AD3F8E02077
:1028A00042F00202C3F8E020D3F8E02002F0020276
:1028B0000692069AD3F8E02042F04002C3F8E020E6
:1028C000D3F8E02002F040020792079AD3F8E02004
:1028D00042F00802C3F8E020D3F8E03003F0080328
:1028E0000893089B294D22464FF41061284604F0B6
:1028F00000FDDFF8A88022468021404604F0F9FC64
:10290000234E01221021304604F0F3FC2246C02160
:10291000304604F0EEFC1F4F01220821384604F037
:10292000E8FC4FF41063099311230A930B940C9461
:1029300009A9284604F0C6FB8023099301250A95BE
:102940000B940C9409A9404604F0BCFBD0230993D6
:102950000A950B940C9409A9304604F0B3FB4FF48C
:10296000805309930A940B9409A90B4804F0AAFB1D
:10297000082309930A950B940C9409A9384604F08E
:10298000A1FB0EB0BDE8F0810044025800200258BF
:10299000001C025800180258000402580014025883
:1029A00008B51548154B0360A3F17863A3F57D23A3
:1029B000A3F64F634360002383600122C26003617A
:1029C00043618361C361036204F046FE50B9002194
:1029D000094805F035F840B90021074805F05EF8D0
:1029E00030B908BD01F010FBF1E701F00DFBF3E792
:1029F00001F00AFBF5E700BF2C0E00240054004054
:102A000010B5B8B004460021339134913591369118
:102A10003791C02202A819F035FF22681B4B9A4259
:102A200001D038B010BD08220023CDE9022302A84E
:102A300008F094F838BB164CD4F8E03043F00203A9
:102A4000C4F8E030D4F8E03003F002030093009BB8
:102A50004FF4C0733393122334930023359336938A
:102A60000423379333A90B4804F02CFBD4F8E83047
:102A700043F40013C4F8E830D4F8E83003F400134A
:102A80000193019BCDE701F0BFFAD4E70054004069
:102A9000004402580004025808B50548054B03607D
:102AA00005F0DEFA00B908BD01F0AEFAFBE700BFA1
:102AB000800E00240030005202680A4B9A4200D077
:102AC000704782B0084BD3F8D42042F02002C3F8FC
:102AD000D420D3F8D43003F020030193019B02B03B
:102AE000704700BF00300052004402582DE9F04109
:102AF000BEB00446002139913A913B913C913D9101
:102B0000C02208A819F0BEFE2268714B9A4202D07A
:102B10003EB0BDE8F0814FF000520023CDE908231C
:102B200019231293C8231393022314931593142388
:102B3000169308A808F012F8002840F0C580654BED
:102B4000D3F8E42042F00802C3F8E420D3F8E420EC
:102B500002F008020092009AD3F8E02042F010023E
:102B6000C3F8E020D3F8E02002F010020192019AAD
:102B7000D3F8E02042F48072C3F8E020D3F8E020DC
:102B800002F480720292029AD3F8E02042F020020E
:102B9000C3F8E020D3F8E02002F020020392039A69
:102BA000D3F8E02042F00102C3F8E020D3F8E0209F
:102BB00002F001020492049AD3F8E02042F080026D
:102BC000C3F8E020D3F8E02002F080020592059AD5
:102BD000D3F8E02042F04002C3F8E020D3F8E02030
:102BE00002F040020692069AD3F8E02042F0080272
:102BF000C3F8E020D3F8E03003F008030793079B05
:102C00006023399302253A9500243B943C940E2688
:102C10003D9639A9304804F055FA40F2F7633993EC
:102C20003A953B943C943D9639A92C4804F04AFAD5
:102C30004FF4806339933A953B943C943D9639A97F
:102C4000274804F03FFA042339933A953B943C9487
:102C50003D96DFF89C8039A9404604F033FA4FF4E2
:102C60007F4339933A953B943C943D961D4F39A947
:102C7000384604F027FA47F2C00339933A953B945B
:102C80003C943D9639A9184804F01CFA4FF480731F
:102C900039933A953B943C940D233D9339A9404692
:102CA00004F010FA4FF04008CDF8E4803A953B94D8
:102CB0003C943D9639A90D4804F004FA2246414659
:102CC000384604F016FB23E701F09EF937E700BF12
:102CD0000010005000440258001002580020025812
:102CE00000140258001C025800180258000C025828
:102CF00000000258044B4FF04042DA6002229A6012
:102D00009A7400221A747047D80E0024214B9B68D5
:102D1000022B06D0032B13D0042B28D01D4B186098
:102D20007047C0F30F2303F47843C0F34F1202F44B
:102D3000FC62C0F3C40013430343164A1360704798
:102D400010F07F4F10D10022C0F34F2101F4F84161
:102D5000C0F38F1303F47873C0F3C4000A43134322
:102D600003430C4A136070474FF40042ECE70A4AF1
:102D700002EA1042C0F30F3101F47061C0F30F2377
:102D800003F0F003C0F303100A4313430343014A63
:102D900013607047D80E002400F0FFFF214B9B68A2
:102DA000022B06D0032B13D0042B28D01D4B5860C8
:102DB0007047C0F30F2303F47843C0F34F1202F4BB
:102DC000FC62C0F3C40013430343164A53607047C8
:102DD00010F07F4F10D10022C0F34F2101F4F841D1
:102DE000C0F38F1303F47873C0F3C4000A43134392
:102DF00003430C4A536070474FF40042ECE70A4A21
:102E000002EA1042C0F30F3101F47061C0F30F23E6
:102E100003F0F003C0F303100A4313430343014AD2
:102E200053607047D80E002400F0FFFF014B18607C
:102E3000704700BFEC0E0024014B5874704700BF70
:102E4000D80E0024104B1A6822F001021A604FF4C9
:102E500040321A600D4A9168596300211964D168A3
:102E6000D9630B49596452689A630A4B9B6C012BD6
:102E7000FBD1054A136843F001031360024B1B6842
:102E800013F0010FFAD1704700100052D80E002441
:102E90001001E00100100050014BD874704700BFD2
:102EA000D80E002400B58FB03422002101A819F0FB
:102EB000E9FC3548354B0360002343608360C36001
:102EC0000361436183612B22C2610C22026240F2E2
:102ED0000B2242624FF48E72826240F21322C2626F
:102EE0004FF49272026380F8343080F8353080F805
:102EF000363005F0E1F9002840D1002201924FF46C
:102F0000F073029303924FF48873049302230593A2
:102F1000FF23069307924FF48063089305230993D8
:102F20004FF040430A930B920C928DF834208DF8A9
:102F300035208DF8362001A9134805F037FA00BB7B
:102F40000020FFF779FF1248FFF770FF0120FFF71D
:102F5000A3FF0020FFF7CEFE4FF07F40FFF71EFFDC
:102F60004FF0FF30FFF7D2FEFFF76CFF0122402148
:102F7000084804F0BEF90FB05DF804FB01F044F816
:102F8000BBE701F041F8DBE7F00E00240010005031
:102F900030000024001C025800B583B01F4BD3F84A
:102FA000D42042F00102C3F8D420D3F8D43003F087
:102FB00001030193019B1A481A4B03601D234360D0
:102FC00000238360C36003610222426108228261A0
:102FD000C36103624FF00072426201228262C362E7
:102FE00003634363836305F071FA80B900221146DD
:102FF0000B4805F09BFA68B9002205217A2002F0FF
:103000007DFD7A2002F0B0FD03B05DF804FB00F016
:10301000FBFFEBE700F0F8FFEEE700BF00440258CB
:10302000980F0024C000005208B50B480B4B0360FA
:1030300001224260202383601023C36016230361B2
:10304000002343618261C361036206F019FE00B987
:1030500008BD00F0D9FFFBE77410002400500052B7
:103060002DE9F043BBB004460021359136913791EC
:1030700038913991C02204A819F004FC2268564BFB
:103080009A4202D03BB0BDE8F0834FF000720023BB
:10309000CDE9042304A807F061FD002840F09280E8
:1030A0004E4BD3F8D42042F48042C3F8D420D3F856
:1030B000D42002F480420092009AD3F8E02042F03B
:1030C0001002C3F8E020D3F8E02002F010020192D1
:1030D000019AD3F8E02042F00202C3F8E020D3F8CE
:1030E000E02002F002020292029AD3F8E02042F0BD
:1030F0000802C3F8E020D3F8E03003F0080303939C
:10310000039B4FF00409CDF8D49002263696002593
:103110003795032738974FF00908CDF8E48035A993
:103120002F4803F0CFFFCDF8D490369637953897D7
:10313000CDF8E480DFF8B89035A9484603F0C2FF27
:103140004FF460533593369637953897CDF8E48031
:1031500035A9244803F0B6FF4023359336963795BA
:1031600038970A23399335A9484603F0ABFF1E4828
:103170001E4B0360162343608560C023C360056156
:1031800046618561C56105624FF00073436280232B
:103190008362C56205634563856305F097F9A0B94D
:1031A00000221146104805F0C1F988B90E4BE363BF
:1031B0001C6400220E215C2002F0A0FC5C2002F0C6
:1031C000D3FC5FE700F020FF6AE700F01DFFE7E7B0
:1031D00000F01AFFEAE700BF005000520044025816
:1031E00000100258000C0258081000248000005201
:1031F0000004025800B595B04FF480730C9300237F
:103200000D930E931193129313934FF080720F92BC
:103210000B930522069200930493102302934FF41C
:103220008003059301230393019341F288336A4697
:1032300006A9054806F082FB10B915B05DF804FB3D
:103240006FF00200F9E700BF7410002400B58FB0E2
:103250004FF4807306930023079308930B930C930A
:103260000D93099305936623009341F288326946D2
:10327000104806F03CFA88B9FFF7BCFF88B99923DB
:10328000009341F2883269460A4806F030FA58B98C
:10329000FFF7B0FF58B90FB05DF804FB4FF0FF30F7
:1032A000F9E76FF00200F6E74FF0FF30F3E76FF059
:1032B0000200F0E77410002400B591B04FF4807361
:1032C00008934FF40053059300230A930D930E9334
:1032D0000F9309934FF080720B92079303230C9383
:1032E0009F23029341F2883202A90F4806F0FFF9AA
:1032F00098B941F2883201A90B4806F0B0FA78B9C2
:103300009DF804309DF80500000240EA03409DF856
:103310000630184311B05DF804FB4FF0FF30F9E7B9
:103320006FF00400F6E700BF7410002408B5FFF743
:103330008DFFFFF7C1FF044B984201D1002008BD6B
:103340004FF0FF30FBE700BF1740EF0000B595B02E
:103350004FF480730C9300230D930E9311931293EB
:1033600013930F930B930623069341F2883206A919
:10337000134806F0BCF9E0B902230093019300233F
:10338000049301230393102202924FF480020592CA
:10339000052206924FF080720F92109341F288330B
:1033A0006A4606A9064806F0C9FA28B915B05DF8BC
:1033B00004FB6FF00100F9E76FF00200F6E700BFD1
:1033C0007410002410B594B04FF480730C934FF434
:1033D0000053099300230E931193129313930D93AB
:1033E0000F930B93C7230693FFF7B0FF10BB044660
:1033F00041F2883206A9144806F079F9E8B90023A9
:1034000000930493102302934FF480030593012348
:1034100003930193052206924FF080720F9210934E
:103420000A4B6A4606A9084806F088FA40B92046C1
:1034300014B010BD6FF00104F9E76FF00304F6E774
:103440006FF00204F3E700BF74100024A0860100AF
:1034500010B58EB004464FF4807306934FF40053BA
:103460000393002308930B930C930D934FF4806008
:1034700007904FF04070099005930A920191322312
:103480000093FFF763FF90B941F2883269460E4816
:1034900006F02DF970B941F2883221460A4806F04B
:1034A00075F950B9FFF7A6FE50B90EB010BD6FF018
:1034B0000100FAE76FF00400F7E76FF00400F4E7AB
:1034C0006FF00200F1E700BF74100024F8B5064663
:1034D0000C4601F07F05C5F18005954200D91546DF
:1034E000A71802E08025A74210D9AAB2214630468B
:1034F000FFF7AEFF024638B92C442E4404F1800396
:10350000BB42EFD93D1BEEE76FF004021046F8BD59
:1035100010B58EB004464FF4807306934FF40053F9
:103520000393002308930B930C930D934FF4406384
:1035300007934FF040730993062305930A92019174
:10354000EB23009341F2883269460C4806F0CFF82D
:1035500058B941F288322146084806F080F938B956
:10356000FFF748FE38B90EB010BD6FF00400FAE75F
:103570006FF00400F7E76FF00200F4E77410002426
:10358000014B01221A7070470410002408B5064848
:10359000064B03600023436008F094FE00B908BDA9
:1035A00000F032FDFBE700BFC01000240018024805
:1035B00010B5B2B00446C022002102A819F062F989
:1035C0002268114B9A4201D032B010BD4FF4003244
:1035D0000023CDE902234FF48073229302A807F061
:1035E000BDFA68B9094BD3F8DC2042F04002C3F8B9
:1035F000DC20D3F8DC3003F040030193019BE3E7C8
:1036000000F002FDEEE700BF001802480044025837
:1036100008B50A480A4B0360002343607F2282609A
:10362000FF22C26003618361C361436108F0EEFE63
:1036300000B908BD00F0E8FCFBE700BFD41000248F
:103640000040005810B5B0B00446C02200216846C2
:1036500019F018F922680D4B9A4201D030B010BD14
:103660004FF480020023CDE900234FF480732D93A3
:10367000684607F073FA28B9054A136F43F400430C
:103680001367EBE700F0C0FCF6E700BF004000580E
:103690000044025808B50748074B03600023436005
:1036A00083604FF48042C26003610623436109F0E6
:1036B000F4FC08BDF810002400700052F0B5BBB057
:1036C0000446002135913691379138913991C022C5
:1036D00004A819F0D7F822682C4B9A4201D03BB0CD
:1036E000F0BD4FF480320023CDE9042304A807F095
:1036F00035FA002846D1264BD3F8D42042F4803244
:10370000C3F8D420D3F8D42002F480320192019A75
:10371000D3F8E02042F00402C3F8E020D3F8E02020
:1037200002F004020292029AD3F8E02042F008026A
:10373000C3F8E020D3F8E03003F008030393039BC1
:103740004FF4F85335930227369701263796032511
:1037500038950C24399435A90E4803F0B3FC0423A2
:103760003593369737963895399435A90A4803F03A
:10377000A9FC00220E21312002F0C0F9312002F014
:10378000F3F9ACE700F040FCB5E700BF0070005271
:103790000044025800080258000C025800B583B0DB
:1037A0000A4BD3F8F42042F00202C3F8F420D3F815
:1037B000F43003F002030193019B00220F216FF00C
:1037C000010002F09BF903B05DF804FB00440258CD
:1037D0000F2801D90120704710B58AB00446002295
:1037E0000146192002F08AF9192002F0BDF9174BA1
:1037F0001C60174BD3F8F02042F00102C3F8F02010
:10380000D3F8F03003F001030093009B01A902A854
:1038100007F06EF807F05AF843000E48A0FB0323A8
:103820009B0C013B0C480D4A026040F2E732C2603B
:1038300043600023036183600AF01EF910B1012088
:103840000AB010BD044809F083FFF9E768000024BE
:103850000044025883DE1B43741100240000014021
:10386000FEE7FEE7FEE7FEE7FEE7704708B5024821
:1038700002F0C8FF08BD00BF0C12002408B50248C2
:1038800002F0C0FF08BD00BF140D002408B50248B7
:1038900002F0B8FF08BD00BF8412002408B502483A
:1038A00009F0A3FF08BD00BF7411002408B5024849
:1038B00009F054FC08BD00BFF810002408B5024808
:1038C00006F0BCF808BD00BF7410002408B502481B
:1038D00005F07FFA08BD00BFB8B9002408B5034859
:1038E00004F06EFE024804F06BFE08BD08100024D0
:1038F000980F0024274AD2F8883043F47003C2F8A6
:103900008830254B1B6803F00F03062B06D8224A8C
:10391000136823F00F0343F0070313601F4B1A686B
:1039200042F001021A6000221A6119681C4A0A401A
:103930001A60194B1B6813F0080F06D0164A13685B
:1039400023F00F0343F007031360144B00229A6126
:10395000DA611A62134999621349D96213491963EA
:103960005A639963DA6319645A64196821F48021EF
:1039700019601A660E4B1A680E4B1340B3F1005FC4
:1039800003D20D4B0122C3F808210C4B43F2D202A3
:103990001A60704700ED00E0002000520044025819
:1039A0007FEDF6EA000202020000FF018002010141
:1039B0000010005C0000FFFF00800051004000523A
:1039C0000368B3F1804F00D0704782B0074BD3F843
:1039D000E82042F00102C3F8E820D3F8E83003F011
:1039E00001030193019B02B0704700BF00440258DD
:1039F00000B587B0002301930293039304930593CA
:103A00000368B3F1804F02D007B05DF804FB0C4BA4
:103A1000D3F8E02042F00102C3F8E020D3F8E03010
:103A200003F001030093009B0323019302230293FD
:103A30000123059301A9034803F044FBE4E700BF19
:103A4000004402580000025800B58FB000230A93CA
:103A50000B930C930D930793089309930093019391
:103A60000293039304930593069325484FF08042F5
:103A70000260436083604FF0FF32C2600361836184
:103A800009F0FAFF50BB4FF480530A930AA91C486F
:103A90000AF046F928BB1A480AF01EF820BB00239A
:103AA0000793099307A916480AF09AFAF8B9602310
:103AB00000930022019202920492694610480AF093
:103AC00085F8B8B9042269460D480AF07FF8A0B914
:103AD0000B48FFF78DFF0FB05DF804FB00F094FA80
:103AE000D1E700F091FAD6E700F08EFAD7E700F0C0
:103AF0008BFADCE700F088FAE4E700F085FAE7E704
:103B0000C011002400B583B001904FF6FF7301226D
:103B100001A903480BF0BAFB019803B05DF804FB60
:103B2000FC12002408B51748174B03604FF4E1332B
:103B3000436000238360C36003610C2242618361A0
:103B4000C3610362436283620BF06DFC70B90021B4
:103B50000C480BF0A7FD60B900210A480BF0C7FD27
:103B600050B908480BF07FFD48B908BD00F04CFA89
:103B7000EDE700F049FAEFE700F046FAF1E700F070
:103B800043FAF2E7FC1200240010014008B5174880
:103B9000174B03604FF4E133436000238360C3603D
:103BA00003610C2242618361C361036243628362E9
:103BB0000BF039FC70B900210C480BF073FD60B9B3
:103BC00000210A480BF093FD50B908480BF04BFD5B
:103BD00048B908BD00F018FAEDE700F015FAEFE774
:103BE00000F012FAF1E700F00FFAF2E79013002468
:103BF00000440040F0B5BDB0044600213791389133
:103C000039913A913B91C02206A818F03BFE2368F7
:103C10005B4A934204D05B4A93424ED03DB0F0BD24
:103C200001220023CDE9062306A806F097FF00280D
:103C30003DD1554BD3F8F02042F01002C3F8F020EC
:103C4000D3F8F02002F010020192019AD3F8E0209C
:103C500042F00102C3F8E020D3F8E03003F00103A2
:103C60000293029B4FF4C0633793022338930025DD
:103C700039953A9507233B9337A9444803F022FA34
:103C80004348444B0360292343608560C5604FF47B
:103C90008063036145618561C5610562456202F02B
:103CA00007F938B93A4BC4F880309C63B6E700F0A6
:103CB000ABF9BEE700F0A8F9F4E702220023CDE952
:103CC000062306A806F04AFF002852D12E4BD3F84F
:103CD000E82042F40032C3F8E820D3F8E82002F4E8
:103CE00000320392039AD3F8E02042F00102C3F8B5
:103CF000E020D3F8E02002F001020492049AD3F805
:103D0000E02042F00802C3F8E020D3F8E03003F0EE
:103D100008030593059B082337930227389700254E
:103D200039953A9507263B9637A9184803F0CAF902
:103D300020233793389739953A953B9637A91648FB
:103D400003F0C0F91548164B03602B2343608560D0
:103D5000C5604FF48063036145618561C56105629B
:103D6000456202F0A5F838B90C4BC4F880309C636A
:103D700054E700F049F9A9E700F046F9F4E700BF7D
:103D80000010014000440040004402580000025866
:103D90000C12002410000240000C0258841200246F
:103DA00040000240DFF834D0FFF7A4FD0C480D4975
:103DB0000D4A002302E0D458C4500433C4188C4286
:103DC000F9D30A4A0A4C002301E013600432A242EC
:103DD000FBD318F033FD00F0B7F87047000008245B
:103DE00000000024140B0024B0BB0208200B0024A8
:103DF00064C80024FEE708B5FDF79AFC08BD08B5C5
:103E0000FDF7B2FC08BD0000BFF34F8F0549CA683B
:103E100002F4E062044B1343CB60BFF34F8F00BF4B
:103E2000FDE700BF00ED00E00400FA05A8B110B501
:103E30008AB0044601A90B4809F060F878B9079BDD
:103E4000089AA3FB020120606160A260E3609DF814
:103E50000430237401200AB010BD002070470020F8
:103E6000F9E700BFF810002400487047C41A002486
:103E700000487047F898020808B5FFF757FA08BDE0
:103E800008B5FFF719FA08BD08B5FFF79BFA08BD9A
:103E900008B5FFF71BFB08BD08B5FFF739FB08BDE8
:103EA000004870477410002408B5FDF769FC08BD90
:103EB00008B5FFF7F9FFFFF7A7FF0000074AD2F8A0
:103EC000FC3043F08073C2F8FC30054B00225A608E
:103ED0001A6842F001021A60704700BF00ED00E06E
:103EE000001000E0014B5868704700BF001000E070
:103EF00070470000034B0360034B0B60802313608B
:103F0000704700BF281600242414002410B588B080
:103F10000DF1040C0A4C0FCCACE80F0094E807003C
:103F20008CE80700002101A811F0DBFF054B1860A9
:103F300000F0F4F814F0DCF914F05CFB08B010BDEC
:103F400098850208B01A002408B5284B5B6913F461
:103F5000003F13D1BFF34F8FBFF36F8F234B00226E
:103F6000C3F85022BFF34F8FBFF36F8F5A6942F4EB
:103F700000325A61BFF34F8FBFF36F8F1B4B5B69EA
:103F800013F4803F27D1194B0022C3F88420BFF3DC
:103F90004F8FD3F88040C4F34E3000E01846C4F38E
:103FA000C90243F6E07303EA401343EA82730F4900
:103FB000C1F860321346013A002BF2D1431E0028AB
:103FC000ECD1BFF34F8F4B6943F480334B61BFF3A8
:103FD0004F8FBFF36F8F00F04FFDFDF745FDFFF7EB
:103FE0000AFFFFF793FF11F064FFFEE700ED00E02A
:103FF00008B50268034B9A4200D008BD00F06AFD84
:10400000FBE700BF0000014072B6FEE701207047E9
:1040100008B518F0F9FB162303604FF0FF3008BD18
:1040200008B54FF0FF31FFF7F3FFFEE770B50C4620
:104030001646002506E0AFF30080214601F8010B8B
:1040400001350C46B542F6DB304670BD70B50C4606
:104050001646002504E014F8010BFFF753FD013567
:10406000B542F8DB304670BD4FF0FF3070474FF47B
:1040700000534B60002070470120704700207047BC
:1040800010B503460C4A0D490D48006840B10C4874
:1040900000680344521A934206D8094A136010BDBF
:1040A0000748084C0460F2E718F0AEFB0C230360ED
:1040B0004FF0FF30F3E700BF00000824004000008D
:1040C000B41A002468C80024002304E011F803C0D7
:1040D00000F803C001339342F8DB7047002393429A
:1040E0000EDA00B510F803E011F803C0E64505D17B
:1040F00001339342F6DB01205DF804FB0020FBE76F
:1041000001207047002304E003F1404200211170B8
:104110000133B3F1007FF7D37047000008B5FFF714
:10412000F1FF4FF46001064800F0C5FB054B186035
:104130004FF42001044800F0BEFB044B186008BD9A
:10414000000080C0B81A0024000060C1BC1A00241E
:1041500010B5044612F046F82146044B186800F0EA
:10416000B9FB044612F060F8204610BDB81A0024CE
:1041700010B5044612F036F82146034B186800F0DB
:10418000BBFB12F051F810BDB81A0024406820F0B3
:1041900003007047436803F003030B434360704719
:1041A00008B5FFF7F3FFB0FA80F0400908BD40689A
:1041B00000F001007047436843F00103436070471B
:1041C000436823F0010343607047406800F0020039
:1041D0007047436843F0020343607047436823F02D
:1041E000020343607047083870470830704708443E
:1041F00070470068704710B50C46FFF7C7FF1034D2
:10420000A04234BF0020012010BD01468060C06084
:104210000020086109E002EB40131C3301EB83032B
:10422000596001321F2AF6DD0130172805DC031D15
:1042300001EB830300225A60F4E7704738B5044667
:10424000FFF7D3FF05462046FFF7A0FF011F2846D2
:10425000FFF7CDFF05462046FFF7A2FF08B9284625
:1042600038BD034B034ABE21034818F0A9FA00BF2A
:1042700004990208DC9D02081C99020810B5044646
:10428000FFF7DCFF046010BD10B50446FFF7F6FF32
:10429000FFF79FFF2046FFF78EFF10BD10B50446C5
:1042A000FFF7CCFFFFF79AFF2046FFF789FF10BD0D
:1042B00008B54B1E0B4202D14942084008BD034BD2
:1042C000034ADC21034818F07BFA00BF409902083A
:1042D000D09D02081C99020808B5084401384B42D9
:1042E00018404B1E0B4200D108BD034B034AE3218B
:1042F000034818F065FA00BF40990208B09D020813
:104300001C9902082DE9F04116461F4603EB4212A4
:104310001C3200EB820253681BB304460D4639B3CE
:104320008B60C860D9600846FFF75FFF80460421B4
:10433000FFF7D2FF804522D107EB46131C3304EB75
:1043400083035D60012303FA06F122690A432261B7
:10435000BB40043604EB860467683B436360BDE8FA
:10436000F0810A4B0A4A4FF4A4710A4818F028FA5F
:10437000094B074A40F24911064818F021FA074B49
:10438000034A4FF4A771034818F01AFA80990208FB
:10439000BC9D02081C990208B0990208EC99020819
:1043A00038B5CD688C686DB19CB1E560AC6003EB4D
:1043B000421C0CF11C0C00EB8C0CDCF804508D4200
:1043C0000ED038BD124B134A40F23111124818F08A
:1043D000F7F9124B0F4A4FF499710F4818F0F0F9A2
:1043E000CCF80440A042ECD101249C40111D00EB0C
:1043F00081014B6823EA04034B60002BE1D10123C8
:1044000003FA02F2036923EA02030361D9E700BF5A
:10441000509A02089C9D02081C9902087C9A020886
:1044200008B54B1E0B4204D10844013849420840EC
:1044300008BD034B034AD721034818F0C1F900BF58
:1044400040990208909D02081C99020808B5421E76
:104450006FF040439A4201D3002008BDFFF7E0FF10
:104460000C2838BF0C20F8E72DE9F84307460D4625
:10447000FFF7BBFE291FFFF7BAFE04463846FFF7D9
:1044800085FE0646A0EB05082046FFF7AEFE8146F6
:104490000421FFF721FF814519D1A8F1040805EB9C
:1044A000080304339E4219D141462046FFF772FEAD
:1044B0002046FFF76BFE0B2817D929463846FFF731
:1044C00069FE2046FFF7E0FE2046BDE8F8830A4B70
:1044D0000A4A40F273110A4818F072F9094B074A68
:1044E0004FF4BB71064818F06BF9074B034A4FF4C1
:1044F000BC71034818F064F9A89A02082C9E0208BF
:104500001C9902081C9B02085C9B020838B50446F3
:104510000D46FFF745FE58B92846FFF737FE043031
:104520006368034463602046FFF7A8FE204638BD59
:10453000034B044A4FF4C171034818F041F900BF1E
:10454000A89B0208FC9D02081C99020828B1B0FA39
:1045500080F0C0F12000013870470020FBE770B503
:1045600004460D4616467F2808D8002804DB841030
:1045700000202860346070BD0330F8E7FFF7E6FFE5
:10458000431FDC4084F020040638F2E730B583B0E6
:1045900005460C460846FFF7F9FD6A4601A9FFF7F4
:1045A000DEFF009B019A21462846FFF7ABFE03B0D1
:1045B00030BD000070B506460C4615460846FFF7AC
:1045C000F6FD28B129462046FFF715FE38B970BD23
:1045D0000B4B0C4A4FF4D3710B4818F0F1F82946F5
:1045E0002046FFF741FF05462046FFF747FE2846D5
:1045F000FFF7EFFD29463046FFF7C8FFE7E700BFAA
:10460000E09B0208389E02081C99020810B50C466F
:1046100041B1FFF7CFFF2046FFF740FE2046FFF7EE
:10462000E4FD10BD0846FCE730B583B005460C46F6
:104630000846FFF7ABFD6A4601A9FFF790FF009B14
:10464000019A21462846FFF7ABFE03B030BD0000BB
:1046500070B505460C460846FFF7B7FD80B1204609
:10466000FFF7C7FD064668B1FFF7A1FD88B13146E7
:104670002846FFF7D9FF21463046FFF747FF04469B
:10468000204670BD064B074A40F28D11064818F0CF
:1046900097F8064B034A4FF4C771034818F090F897
:1046A000109C02080C9E02081C9902083C9C0208FF
:1046B00070B505460C460846FFF7C0FD90B10646AA
:1046C000FFF775FD60B12046FFF76AFD88B93146F6
:1046D0002846FFF7A9FF31462046FFF717FF04469B
:1046E000204670BD064B074A40F29911064818F063
:1046F00067F8064B034A4FF4CE71034818F060F890
:10470000849C0208E89D02081C990208B09C0208DB
:1047100070B504460D4616461F2806D9FFF716FF4A
:10472000431F012098400138044432462946204660
:10473000FFF715FF70BD034690FAA0F0B0FA80F0C5
:104740000BB94FF0FF307047F8B504460F461646D8
:104750000D6811682A1D00EB820250684FF0FF338C
:104760008B4018400FD120696B1C4FF0FF3202FACA
:1047700003F3184019D0FFF7DEFF05463860031D2C
:1047800004EB8303586848B1FFF7D5FF306000EBB6
:1047900045131C3304EB83035868F8BD044B054AEA
:1047A00040F22511044818F00BF80020F5E700BF8F
:1047B000EC9C0208489E02081C99020870B582B061
:1047C000002301930093F9B104460E466A4601A9FD
:1047D0003046FFF79DFF6A4601A92046FFF7B4FF68
:1047E000054690B1FFF7D2FCB04206D3009B019A78
:1047F00029462046FFF7D4FD07E0054B054A4FF454
:10480000EA71054817F0DCFF0025284602B070BDAC
:10481000289D02087C9D02081C99020840F67440FD
:104820007047082070470000F8B507460C4615464B
:10483000FFF7F7FF0421281AFFF73AFD14F0030FE2
:1048400027D10546A0F10C02144B9A4223D86FF0F1
:1048500003012046FFF7CBFC06462946FFF79AFCEA
:104860003046FFF7A8FC3046FFF7B8FC3146384623
:10487000FFF78CFE3046FFF701FD05460021FFF7EC
:1048800089FC2846FFF79CFC2846FFF7A2FC20463F
:10489000F8BD0020FCE70020FAE700BFF4FFFF3F6F
:1048A00010F0030F05D110B50446FFF7AEFC20460B
:1048B00010BD0020704770B505460E46FFF7F0FFAB
:1048C0000446FFF7ABFF321A29182046FFF7ACFF6A
:1048D000204670BD38B5044608460421FFF7B6FDF2
:1048E000054601462046FFF769FF01462A46204655
:1048F000FFF78CFE38BD0000F9B138B50446084614
:10490000FFF771FC0546FFF752FC78B92846FFF720
:10491000BBFC29462046FFF79BFE01462046FFF7D9
:10492000C7FE01462046FFF731FE38BD034B044A5F
:104930004FF44071034817F043FF7047449D02084D
:10494000209E02081C99020882B0BFF35B8F0368A7
:10495000BFF35B8F0193BFF35B8F0198BFF35B8F56
:10496000012814BF0020012002B0704782B0024627
:104970000121BFF35B8F50E8003F40E8001CBCF111
:10498000000FF8D1BFF35B8F019310E00121BFF35B
:104990005B8F52E8003F42E8001CBCF1000FF8D1E9
:1049A000BFF35B8FBFF35B8F0193BFF35B8FBFF3ED
:1049B0005B8F019BBFF35B8F012BE7D0031DBFF320
:1049C0005B8F53E8002F013243E800210029F8D122
:1049D000BFF35B8FBFF35B8F01238360BFF35B8FFC
:1049E00002B07047BFF35B8F8368BFF35B8F03B97F
:1049F0007047031DBFF35B8F53E8002F013A43E874
:104A000000210029F8D1BFF35B8FBFF35B8F4368B0
:104A1000BFF35B8F33B1BFF35B8F00238360BFF3C2
:104A20005B8FE5E7BFF35B8F50E8002F40E8003174
:104A30000029F9D1BFF35B8FEDE70000BFF35B8F77
:104A400000230360BFF35B8FBFF35B8F4360BFF353
:104A50005B8FBFF35B8F8360BFF35B8F034BC360E0
:104A6000034B0361034B4361704700BF6D4900086E
:104A7000E54900084949000810B5032001F02CF869
:104A800005F0ACFC0F498B69C3F303230E4AD35CDA
:104A900003F01F03D8408B6903F00F03D35C03F0CE
:104AA0001F0320FA03F3094A1360094B18600F2013
:104AB000FEF78EFE10B10124204610BD0446FEF71D
:104AC0006DFEF9E700440258E898020860000024EF
:104AD0005C000024034B1B78034A11680B441360ED
:104AE000704700BF64000024C01A0024014B1868FE
:104AF000704700BFC01A002438B50446FFF7F6FF20
:104B00000546B4F1FF3F02D0044B1B781C44FFF76D
:104B1000EDFF401BA042FAD338BD00BF6400002463
:104B2000014B1868000C70470010005C2DE9F04143
:104B300004460E4603684549454A934218BF8B42D6
:104B400013D102F50072976807F01F072569082D39
:104B500012D0052F18BF002F09D0092F07D0936856
:104B600013F4404F2DD1042506E03A4AEBE7DB6809
:104B700013F0010F1FD10425FFF7B8FF804623680B
:104B80001A682A4223D1B6F1FF3FF8D0FFF7AEFFF3
:104B9000A0EB0800B04201D8002EF0D123681B68BA
:104BA0002B42ECD1636D43F004036365002384F86A
:104BB0005030032045E0636D43F02003636501201E
:104BC0003FE0636D43F020036365012039E0626DCF
:104BD00042F400726265DA6812F4406F11D1627DAE
:104BE0007AB91A6812F0080F0BD0626D22F4807245
:104BF0006265626D12F4805F03D1626D42F0010262
:104C00006265134A93420CD01A4693420CD0052F8A
:104C100014BF002101213FB131B9092F04D0D2685E
:104C200003E0A2F58072F0E7DA68082D06D012F4EE
:104C3000804F08D10C221A60002002E008221A607E
:104C40000020BDE8F0810020FBE700BF002002400B
:104C500000210240006302580368186C704700008E
:104C6000F0B583B00022019290F85020012A00F0A4
:104C700057820346012280F850200068826812F0B3
:104C8000040F09D05A6D42F020025A65012000221B
:104C900083F8502003B0F0BD0A68002A0ADBC2F393
:104CA0001304002C4ED1C2F3846201249440C269E3
:104CB0002243C2611D684C683035220A920002F01E
:104CC0000C02A85804F01F0E1F2404FA0EF420EA68
:104CD00004000C68C4F3846C0CFA0EFC40EA0C006F
:104CE000A8501C68A26812F0040200D00122A0683B
:104CF00010F0080000D0012002432FD0186882680D
:104D000012F0010F40F008820A68CD68D0F8C04068
:104D1000C2F3130624EA060405F0180CB24D25FA76
:104D20000CF52A40C2F313022243C0F8C020C86821
:104D3000AE4A904200F0B0800A68002AC0F26B814F
:104D40000020A4E792FAA2F232B1B2FA82F202F0A3
:104D50001F0201249440AAE72022F8E70F688D681B
:104D60001434780E800000F004002658C7F3045E67
:104D70004FF0070C0CFA0EFC26EA0C0C05FA0EF5A7
:104D80004CEA050525509A48006800F07040B0F1E3
:104D9000805F0BD01C68E06810F0100F39D14869B3
:104DA000E468C4F382046400A04006E048691C681B
:104DB000E468C4F382046400A0400D69042D36D079
:104DC0001F680E68603757F8254004F0004406F06D
:104DD000F8463043204347F8250018680E694C7E9A
:104DE000012C1ED01546603050F8264024F00044B7
:104DF0002C4340F826401D680C69087E012813D01A
:104E0000286920F4F04004F01F04A24002432A6104
:104E100074E74869E468A40804F004046400A0404E
:104E2000CBE74FF00045DEE74FF40062E8E7186893
:104E3000026E02F0F8420C68B2EB846F1DD0186865
:104E4000426E02F0F8420C68B2EB846F1AD0186818
:104E5000826E02F0F8420C68B2EB846F17D01868CB
:104E6000C26E02F0F8420C68B2EB846F7FF446AF7A
:104E7000C26E22F00042C26640E7026E22F000429B
:104E80000266DCE7426E22F000424266DFE7826E95
:104E900022F000428266E2E71C680A68C2F313054A
:104EA000002D34D1900E013000F01F0009288CBF76
:104EB00000200120002861D0002D37D1900E013054
:104EC000800600F0F840002D3CD1960E013606F029
:104ED0001F070126BE403043002D41D1920E013202
:104EE00002F01F0202EB42021205024388681434EA
:104EF000550EAD0005F004056659C2F304520727AC
:104F0000974026EA070690403043605114E792FA32
:104F1000A2F048B1B0FA80F0013000F01F0009287B
:104F20008CBF00200120C5E72020F5E792FAA2F00F
:104F300030B1B0FA80F00130800600F0F840C2E7EE
:104F40002020F8E792FAA2F646B1B6FA86F60136C4
:104F500006F01F06012707FA06F6BCE72026F6E74B
:104F600092FAA2F242B1B2FA82F2013202F01F02C8
:104F700002EB42021205B8E72022F6E7CDB9900E07
:104F80000130800600F0F840FDB9960E013606F0BB
:104F90001F070126BE40304365BB920E013202F06E
:104FA0001F0202EB42021E3A120542F00072024357
:104FB0009CE792FAA2F030B1B0FA80F0013080069E
:104FC00000F0F840E0E72020F8E792FAA2F646B1B8
:104FD000B6FA86F6013606F01F06012707FA06F62E
:104FE000D9E72026F6E700BFFFFF0F000000FF47CC
:104FF0000010005C92FAA2F25AB1B2FA82F20132C7
:1050000002F01F0202EB42021E3A120542F0007249
:10501000CDE72022F3E719684248434CA14218BF6C
:1050200081420CBF0120002021D1404EB56805F01F
:10503000E077F0B13B48806810F0010000D001201B
:10504000394CA46814F0010400D0012420430CBFA3
:1050500001200020002859D03548824212D035481E
:10506000824231D0344882423FD000200FE6334E96
:10507000DCE73348806810F0010000D0012080F0A8
:105080000100E7E715F4000FE9D12D4A914201D064
:105090000020FCE547F40002B16821F0E0710A430A
:1050A000B260284A126892092749A1FB02129209AC
:1050B00001325200019202E0019A013A0192019AF2
:1050C000002AF9D10020E2E515F0807FCAD11C4A00
:1050D000914201D00020DAE547F08072B16821F0FA
:1050E000E0710A43B2600020D1E515F4800F15D1BC
:1050F000134A914201D00020C9E547F48002B1680B
:1051000021F0E0710A43B2600020C0E55A6D42F020
:1051100020025A650120BAE50020B8E50020B6E576
:105120000220B7E500200240002102400023024097
:10513000000084CB000052C70000B8CF00630258C3
:10514000006002585C000024632D3E0570B50446E3
:105150000068836813F0040300D00123826812F012
:10516000080200D00122134367D0C36813F0007F08
:1051700004D0A28A40F201139A424AD002290ED0EA
:1051800023689A6812F0040F09D09A6812F0020F8F
:1051900005D198682A4A024042F010029A6001291B
:1051A0000ED023689A6812F0080F09D09A6812F09E
:1051B000020F05D19868224A024042F020029A600C
:1051C000022934D0032934D10C25FFF78FFC064681
:1051D00023689B682B422ED0FFF788FC831B052B8E
:1051E000F6D923689B682B42F2D0636D43F010031D
:1051F0006365A36D43F00103A36501201EE0636DA9
:1052000043F010036365A36D43F00103A365012020
:1052100014E00023026812F0400F04D1094A9342BF
:10522000EDD80133F6E7402303600121A8E7082504
:10523000CBE70425C9E7002000E0002070BD00BFD7
:10524000C0FFFF7FFFDB0C0038B503689A6812F0DF
:10525000010F56D1044699682B4A114209D0436D7B
:1052600043F010034365836D43F001038365012020
:1052700048E09968254A0A4042F001029A60FFF727
:1052800035FC054623682249224A934218BF8B42C7
:105290000DD102F50072926802F01F021D498B4287
:1052A00007D01946994207D032B100202AE01A4AA5
:1052B000F1E7A1F58071F5E723681A6812F0010F94
:1052C0001DD19A6812F0010F05D199680F4A0A4062
:1052D00042F001029A60FFF709FC401B0228EBD95B
:1052E00023681B6813F0010FE6D1636D43F01003D0
:1052F0006365A36D43F00103A365012002E0002074
:1053000000E0002038BD00BF3F000080C0FFFF7FED
:1053100000200240002102400063025838B50446D4
:1053200003683E493E4A934218BF8B4252D102F570
:105330000072956805F01F059B6813F0040F69D192
:1053400094F85030012B67D0012384F85030204668
:10535000FFF77AFF002859D1626DA0F6027313405F
:1053600043F48073636523682D4A934234D01A4610
:10537000934200D01DB9626D22F480126265626DA5
:1053800012F4805F2BD0A26D22F00602A2651C22CF
:105390001A60002384F850302368214A934221D0B8
:1053A0001A46934221D0052D14BF00210121E5B1F9
:1053B000D9B9092D19D0636D43F480136365D3689F
:1053C00013F0007F27D0636D23F4405343F48053E0
:1053D000636520E0134AACE7A2F58072C8E70022BB
:1053E000A265D4E7A2F58072DBE7DA6812F0007FED
:1053F00005D0626D22F4405242F480526265996891
:10540000094A0A4042F004029A6004E0002384F84A
:10541000503000E0022038BD0220FCE700200240AE
:105420000021024000630258C0FFFF7F38B50446E8
:105430000268936813F0020300D00123916811F011
:10544000010F37D0002B37D1936803F00D03012BE8
:1054500009D0636D43F010036365A36D43F001034E
:10546000A365012027E09168144B0B4043F0020331
:105470009360236803221A60FFF738FB0546236810
:105480009B6813F0010F13D0FFF730FB401B02287D
:10549000F5D923689B6813F0010FF0D0636D43F0DA
:1054A00010036365A36D43F00103A365012002E0CF
:1054B000002000E0002038BD0020FCE7C0FFFF7F97
:1054C00090F85030012B18D010B50446012380F815
:1054D00050300321FFF73AFE18B1002384F8503012
:1054E00010BD2046FFF7A2FF0028F6D1626D044BE5
:1054F000134043F001036365EFE70220704700BFEC
:10550000FEEEFFFF38B5044603684F494F4A934209
:1055100018BF8B4223D14E4B9B6813F4403F14BFFE
:10552000012300234BB305F09DF905466368B3F5ED
:10553000003F1CD0B3F5403F1DD0B3F5803F16D0DF
:10554000FFF7EEFA41F20303984258D8414B9D42CF
:105550004FD92268936843F48073936038BD3E4B03
:105560009B6813F4403F14BF01230023DAE71B0CB0
:10557000B5FBF3F5E4E78508E2E74FF400200021EE
:1055800006F038FB05466368B3F5101F2DD022D80E
:10559000B3F5E01F27D004D9B3F5001FD0D14509DA
:1055A000CEE7B3F5801F0DD006D9B3F5A01F09D003
:1055B000B3F5C01F06D0C3E7B3F5002F02D0B3F593
:1055C000402F04D19B0C5B00B5FBF3F5B8E7B3F5B6
:1055D000802FF7D0B4E7B3F5201F08D0B3F5301F04
:1055E000AED1050AACE70509AAE78509A8E7C50910
:1055F000A6E72268936823F480739360AEE7174BA5
:105600009D4205D82268936823F440739360A5E710
:10561000134B9D4207D82268936823F4407343F4E8
:10562000807393609AE70F4B9D4207D82268936876
:1056300023F4407343F4007393608FE72268936808
:1056400043F44073936089E7002002400021024048
:1056500000230240002D31010063025821BCBE002E
:1056600041787D0181F0FA0230B583B000230193C7
:10567000002800F010810446436DEBB123689A685E
:1056800012F0005F03D09968844A0A409A60236848
:105690009A6812F0805F1CD19968814A0A4042F0F2
:1056A00080529A607F4B1B689B097F4AA2FB0323B1
:1056B0009B090133019309E0FCF7C6FE0023A365B3
:1056C00084F85030DAE7019B013B0193019B002BEA
:1056D000F9D12268936813F0805F40F09C80636D7D
:1056E00043F010036365A36D43F00103A365012537
:1056F000936813F0040300D00123616D11F0100FC3
:1057000040F0C180002B40F0BE80636D23F48173B4
:1057100043F002036365936813F0010F21D16349DD
:10572000634B9A4218BF8A420CBF0122002274D1F7
:105730008B6813F0010300D001235D49896811F0E3
:10574000010100D001210B430CBF0123002343B111
:10575000002A6BD0574963688A6822F47C1213438D
:105760008B60FFF7DDF941F20303984202D9A36889
:10577000102B5DD0627D236B43EA4233A268134352
:10578000227F43EA0243227F012A5CD0626A22B16F
:1057900002F47872A16A0A4313432168C868464A32
:1057A00002401343CB6021688B6813F0040300D0E0
:1057B00001238A6812F0080200D0012213431BD192
:1057C000227DE36A43EA8232C8683C4B03401343BC
:1057D000CB6094F83830012B3AD02268136923F05B
:1057E000010313612268136923F07043616B0B435B
:1057F00013612046FFF786FEE368012B3AD022684A
:10580000136B23F00F031363636D23F0030343F063
:10581000010363653CE000256AE7294B9B6813F0B0
:10582000010300D0012383F0010390E7254992E7AB
:10583000617D226B42EA41321343227F43EA0243F5
:1058400043F00C039FE7226A013A43EA42439DE793
:10585000206802691C4B1340E26B511E226C42EA25
:105860000142616C0A43A16C0A43134343F00103F4
:105870000361B7E721680B6B23F00F03A269013ABC
:1058800013430B63C0E7636D43F0100363650125A9
:10589000284603B030BD0125FAE700BFC0FFFF5F17
:1058A000C0FFFF6F5C000024632D3E050020024016
:1058B000002102400023024003C0F0FFFCBFFFFFB5
:1058C00000600258006302581EF800FC70B582B0F8
:1058D0000023019390F85030012B42D004460D462E
:1058E0001646012380F85030FFF7A0FD00282FD185
:1058F000626D1D4B134043F002036365226891689B
:105900001A4B0B4005F4803506F0804635432B4397
:1059100043F00043936023689B68002B06DB636DB4
:1059200023F0030343F00103636515E0019B01339A
:105930000193019A0E4B9A42EDD3636D23F012034B
:1059400043F010036365002384F85030012006E023
:10595000636D43F010036365002384F8503002B098
:1059600070BD0220FBE700BFFDEEFFFFC0FFFE3F62
:1059700000F8C32590F85020012A00F0A18030B42F
:105980009AB00346012280F8502000221692179206
:1059900000684C4A904242D000220192019A002AAB
:1059A00041D0926812F0040200D00122846814F001
:1059B000040F76D1002A74D1424C434A904218BF5A
:1059C000A04239D102F50072086800283FD09068E3
:1059D00020F440404C68204390601868394D3A4CA0
:1059E000A04218BFA84229D1A86810F0010000D039
:1059F0000120354CA46814F0010400D00124204398
:105A00000CBF01200020002856D094682F48204069
:105A10000C688968214308439060002046E002F545
:105A200080720192BAE75A6D42F020025A65002254
:105A300083F8502001203CE0254AC5E725488068CE
:105A400010F0010000D0012080F00100DBE7916838
:105A500021F44041916019681A4C1B48814218BFDB
:105A6000A14215D1A16811F0010100D00121164811
:105A7000806810F0010000D0012001430CBF01211B
:105A80000021D9B1906811490140916000200DE0DA
:105A90001049896811F0010100D0012181F0010154
:105AA000EFE75A6D42F020025A650120002283F888
:105AB00050201AB030BC70470020F7E70020F5E70F
:105AC000022070470020024000210240E0F0FFFF6A
:105AD00000630258006002580649CB6823F4E06373
:105AE0001B041B0C000200F4E0600343024A1A434B
:105AF000CA60704700ED00E00000FA0500B5174BE2
:105B0000DB68C3F30223C3F1070CBCF1040F28BF09
:105B10004FF0040C03F1040EBEF1060F14D9033B41
:105B20004FF0FF3E0EFA0CFC21EA0C0199400EFAF0
:105B300003F322EA03031943002807DB0901C9B272
:105B4000074B19545DF804FB0023E9E700F00F0050
:105B50000901C9B2034B1954F4E700BF00ED00E09E
:105B600000E400E014ED00E0002807DB00F01F0275
:105B7000400901239340024A42F82030704700BF99
:105B800000E100E000280CDB00F01F0240090123C7
:105B900093402030034A42F82030BFF34F8FBFF3C9
:105BA0006F8F704700E100E0BFF35F8F044B5A6ACC
:105BB00022F480325A620022C3F89420704700BF5A
:105BC00000ED00E040F00100054BC3F894005A6A74
:105BD00042F480325A62BFF34F8FBFF36F8F70472A
:105BE00000ED00E04378144AC2F89830D2F8A030B3
:105BF00023F00103C2F8A0304368C2F89C30017B57
:105C0000C37A1B0643EA0173817A43EAC143417BAD
:105C100043EA8143817B43EA4143C17B43EA014339
:105C2000417A43EA0123017A43EA410301780B43B5
:105C3000C2F8A030704700BF00ED00E003682749BC
:105C4000274A934218BF8B422FD0183293422CD050
:105C50001832934229D01832934226D018329342F8
:105C600023D01832934220D0183293421DD002F52F
:105C70005672934219D01832934216D0183293427A
:105C800013D01832934210D0183293420DD01832EC
:105C900093420AD01832934207D01832934204D06C
:105CA00023F0FF038365806D704710B4D9B21039BB
:105CB0000C4AA2FB0142C2F302120B4CA25CC26569
:105CC0005F2907D9094A1A4004328265806D5DF860
:105CD000044B7047054A1A408265F7E710000240FE
:105CE00028000240ABAAAAAA609E020800FCFFFF9F
:105CF00083699BB9836A012B0AD0022B02D00BB1B6
:105D000000207047C36A13F0807F2AD100207047BB
:105D1000C36AB3F1C07F26D000207047B3F5005F9F
:105D20000AD0836A022B26D9032B26D1C36A13F02B
:105D3000807F24D100207047836A032B03D8DFE8DB
:105D400003F01404140A00207047C36A13F0807F24
:105D50000DD100207047C36AB3F1C07F09D0002085
:105D600070470120704701207047012070470120D3
:105D700070470120704701207047002070470120C4
:105D80007047000003682249224A934218BF8B42A1
:105D900028D01432934225D01432934222D01432A8
:105DA00093421FD0143293421CD01432934219D024
:105DB0001432934216D0DAB2103A1749A1FB0212FC
:105DC000120916491944A8291FD9154B13449B00E1
:105DD0000366144B436602F01F02012303FA02F22A
:105DE00082667047DBB2083B0F4AA2FB03230F4ACF
:105DF00002EB1312920002660D4A4266C3F30413CB
:105E0000012202FA03F3836670470832DDE700BF20
:105E1000085402581C540258ABAAAAAAF0FBFDBFB2
:105E20000082001080080240CDCCCCCC0096001639
:105E30008058025801794A1E072A2CD830B40368CA
:105E4000154D164CA34218BFAB4218D01434A342D0
:105E500015D01434A34212D01434A3420FD01434FA
:105E6000A3420CD01434A34209D01434A34206D068
:105E70000B4B0B449B00C3660A4B036705E00A4BC0
:105E80000B449B00C366094B0367012303FA02F22C
:105E9000426730BC70477047085402581C5402587F
:105EA0003F820010400902403F96001640590258B8
:105EB00070B50446FEF71AFE002C00F0B6810546C8
:105EC00023685349534A934218BF8B420CBF0122A7
:105ED000002250D030318B424DD018318B424AD005
:105EE00018318B4247D018318B4244D018318B4245
:105EF00041D018318B423ED001F556718B423AD0D9
:105F000018318B4237D018318B4234D018318B4244
:105F100031D018318B422ED018318B422BD0183112
:105F20008B4228D018318B4225D03B493B4A9342C3
:105F300018BF8B4200F03181394A934200F02D8125
:105F40001432934200F029811432934200F02581EB
:105F50001432934200F021811432934200F01D81EB
:105F60001432934200F0198140236365032384F8BF
:105F7000353001204AE0022184F83510002184F8F0
:105F800034107ABB274A93422CD01832934229D03E
:105F90001832934226D01832934223D018329342BB
:105FA00020D0183293421DD002F55672934219D078
:105FB0001832934216D01832934213D018329342BB
:105FC00010D0183293420DD0183293420AD01832B2
:105FD000934207D01832934204D01A6822F001028B
:105FE0001A6003E01A6822F001021A6023681A6836
:105FF00012F0010F18D0FEF779FD431B052BF5D9E0
:1060000020236365032384F83530012070BD00BF71
:106010001000024028000240085402581C54025844
:1060200030540258400002401A6881481040A1686C
:10603000E2680A4321690A4361690A43A1690A4384
:10604000E1690A43216A0A430243616A042900F0B4
:1060500099807849086878490140B1F1005F11D30F
:106060006168A1F12905A1F13F00032888BF052D32
:1060700006D9A1F14700012802D94F39032901D8D7
:1060800042F480121A602668756925F00705636A74
:106090001D43042B08D1A36A1D43E36A23B12046A4
:1060A000FFF726FE002872D175612046FFF7C6FD76
:1060B000E36D03F01F023F239340836023685F4931
:1060C0005F4A934218BF8B4242D0183293423FD06E
:1060D000183293423CD01832934239D0183293424E
:1060E00036D01832934233D01832934230D002F572
:1060F000567293422CD01832934229D018329342D0
:1061000026D01832934223D01832934220D018322E
:1061100093421DD0183293421AD01832934217D0AE
:10612000484A934214D01432934211D0143293420D
:106130000ED0143293420BD01432934208D0143252
:10614000934205D01432934202D01432934213D1B9
:106150002046FFF717FEA368802B59D0236E2279C3
:106160001A60636EA26E5A606368013B072B52D9B6
:106170000023E3662367636700206065012384F8DA
:10618000353043E7E16A206B01430A4361E740236E
:106190006365012084F8350038E7022284F8352051
:1061A000002284F834201A6827491140A268402A46
:1061B0002CD0802A27D00022E06842EAD002206951
:1061C00042EAD002606942EAD002A06942EAD00203
:1061D000E06942EAD002206A42EA10120A431A60D9
:1061E00022681A4B13441A4AA2FB03231B099B0083
:1061F000E3652046FFF722FDE26D02F01F01012258
:106200008A4042605AE74FF48042D5E71022D3E734
:1062100000236360A2E72046FFF70CFEE36E002236
:106220001A60236F626F5A60A6E70120EEE600BF96
:106230003F8010FE0010005C0000FFFF10000240D5
:1062400028000240085402580F00FEFFF8ABFDA7DB
:10625000CDCCCCCC70B50446FEF748FC002C00F049
:106260009181054694F83530DBB2022B06D08023AD
:106270006365002384F83430012070BD23688C49A5
:106280008C4A934218BF8B4230D0183293422DD0A3
:10629000183293422AD01832934227D018329342B0
:1062A00024D01832934221D0183293421ED002F5E6
:1062B000567293421AD01832934217D01832934232
:1062C00014D01832934211D0183293420ED01832A3
:1062D00093420BD01832934208D01832934205D023
:1062E0001A6822F00E021A60266809E01A6822F085
:1062F0001E021A602268536923F0800353612668E6
:1063000023686B496B4A934218BF8B4242D01832C4
:1063100093423FD0183293423CD01832934239D046
:106320001832934236D01832934233D01832934207
:1063300030D002F5567293422CD01832934229D0B5
:106340001832934226D01832934223D01832934207
:1063500020D0183293421DD0183293421AD01832EE
:10636000934217D0544A934214D01432934211D01E
:10637000143293420ED0143293420BD01432934213
:1063800008D01432934205D01432934202D0143212
:10639000934204D1226E136823F480731360236840
:1063A0004349444A934218BF8B422FD0183293423C
:1063B0002CD01832934229D01832934226D018326A
:1063C000934223D01832934220D0183293421DD0EA
:1063D00002F55672934219D01832934216D01832F1
:1063E000934213D01832934210D0183293420DD0FA
:1063F000183293420AD01832934207D0183293428F
:1064000004D01A6822F001021A6003E01A6822F030
:1064100001021A60336813F0010F0ED0FEF766FB1D
:10642000431B052BF6D920236365032384F83530FD
:10643000002384F8343001201FE723681C491D4ADB
:10644000934218BF8B4239D01832934236D018325B
:10645000934233D01832934230D0183293422DD029
:10646000183293422AD01832934227D002F556723E
:10647000934223D01832934220D0183293421DD039
:10648000183293421AD01832934217D018329342DE
:1064900014D01832934211D0183293420ED0A16D0D
:1064A000E36D03F01F02012393404B600DE000BF3A
:1064B000100002402800024008540258A16DE36D0C
:1064C00003F01F023F2393408B6023682E492F4A1D
:1064D000934218BF8B4242D0183293423FD01832B9
:1064E00093423CD01832934239D01832934236D07E
:1064F0001832934233D01832934230D002F556729C
:1065000093422CD01832934229D01832934226D08D
:106510001832934223D01832934220D0183293423B
:106520001DD0183293421AD01832934217D0184A0D
:10653000934214D01432934211D0143293420ED0AD
:10654000143293420BD01432934208D01432934247
:1065500005D01432934202D0143293420BD1636EB1
:10656000A26E5A60E36E33B11A6822F480721A6028
:10657000236F626F5A60012384F83530002084F85D
:1065800034007AE6012078E610000240280002403C
:1065900008540258002800F0298108B5024690F8F6
:1065A0003530DBB2022B03D080234365012008BDC8
:1065B0000368904890498B4218BF83420CBF012169
:1065C000002166D03030834263D01830834260D0DF
:1065D000183083425DD0183083425AD0183083423D
:1065E00057D01830834254D000F55670834250D0B3
:1065F000183083424DD0183083424AD0183083423D
:1066000047D01830834244D01830834241D01830EC
:1066100083423ED0183083423BD0196821F00E01EE
:1066200019601368A0F5956073498B4218BF8342C7
:106630006AD072498B4267D018318B4264D01831CE
:106640008B4261D018318B425ED018318B425BD0C7
:1066500018318B4258D001F556718B4254D0183105
:106660008B4251D018318B424ED018318B424BD0D7
:1066700018318B4248D018318B4245D018318B42AB
:1066800042D018318B423FD0196821F001011960C6
:106690003EE0042082F8350081BB584A93422DD059
:1066A000183293422AD01832934227D0183293429C
:1066B00024D01832934221D0183293421ED002F5D2
:1066C000567293421AD01832934217D0183293421E
:1066D00014D01832934211D0183293420ED018328F
:1066E00093420BD01832934208D01832934205D00F
:1066F0001A6822F001021A60002058E71A6822F096
:1067000001021A60002052E7196821F001011960A6
:106710001368384838498B4218BF834242D0183139
:106720008B423FD018318B423CD018318B4239D04C
:1067300018318B4236D018318B4233D018318B420E
:1067400030D001F556718B422CD018318B4229D0B4
:1067500018318B4226D018318B4223D018318B420E
:1067600020D018318B421DD018318B421AD01831ED
:106770008B4217D022498B4214D014318B4211D056
:1067800014318B420ED014318B420BD014318B421A
:1067900008D014318B4205D014318B4202D0143111
:1067A0008B4217D1116E0B6823F480730B60906DD0
:1067B000D36D03F01F0101238B404360536E916E34
:1067C0005960D36E33B1196821F480711960136F69
:1067D000516F5960012382F83530002382F834303C
:1067E000136D2BB1104698470020E0E6012070475A
:1067F0000020DCE610000240280002404000024079
:1068000008540258F0B583B00446002301937D4B31
:106810001D687D4BA3FB0535AD0A876D3E68D7F833
:1068200000C0036879497A48834218BF8B420CBF85
:106830000120002061D0774A93425ED01832934203
:106840005BD01832934258D01832934255D0183248
:10685000934252D0183293424FD002F5567293426F
:106860004BD01832934248D01832934245D0183258
:10687000934242D0183293423FD0183293423CD0D8
:106880001832934239D01832934236D06249634A63
:10689000934218BF8B4212D0614A93420FD01432F8
:1068A00093420CD01432934209D01432934206D052
:1068B0001432934203D01432934240F061821A683A
:1068C000E16D01F01F010420884010EA0C0F00F078
:1068D000A78212F0040F00F0A382786012F4004F38
:1068E00000F05A8212F4803F40F05082A36C002BDB
:1068F00000F046822046984742E2E26D02F01F0116
:1069000008228A40324241D070BB424A93422BD087
:106910001832934228D01832934225D0183293422D
:1069200022D0183293421FD0183293421CD002F565
:106930005672934218D01832934215D018329342AF
:1069400012D0183293420FD0183293420CD0183222
:10695000934209D01832934206D01832934203D0A2
:106960001A68C2F3C00202E01A68C2F380026AB178
:106970001A6822F004021A60E36D03F01F02082374
:106980009340BB60636D43F001036365E26D02F009
:106990001F0226FA02F313F0010F47D023681B48A9
:1069A0001B498B4218BF83423CD018318B4239D0EF
:1069B00018318B4236D018318B4233D018318B428C
:1069C00030D018318B422DD018318B422AD001F5AE
:1069D00056718B4226D018318B4223D018318B420E
:1069E00020D018318B421DD018318B421AD018316B
:1069F0008B4217D018318B4214D018318B4211D0F2
:106A00001B6813E05C000024B5814E1B100002409F
:106A10002800024040000240085402581C5402580A
:106A2000305402585B6913F0800F3BD1E36D03F0E3
:106A30001F03042202FA03F3334240D0226896482F
:106A400096498A4218BF824235D018318A4232D0E4
:106A500018318A422FD018318A422CD018318A42FC
:106A600029D018318A4226D018318A4223D001F524
:106A700056718A421FD018318A421CD018318A427E
:106A800019D018318A4216D018318A4213D01831E1
:106A90008A4210D018318A420DD018318A420AD069
:106AA00013680CE0012303FA02F2BA60636D43F04D
:106AB00002036365BAE7126812F0020F3DD1E36D7D
:106AC00003F01F03102202FA03F333425FD022685F
:106AD000714872498A4218BF824234D018318A42C2
:106AE00031D018318A422ED018318A422BD0183139
:106AF0008A4228D018318A4225D018318A4222D0C1
:106B000001F556718A421ED018318A421BD01831C5
:106B10008A4218D018318A4215D018318A4212D0D0
:106B200018318A420FD018318A420CD018318A426B
:106B300009D01268C2F3800208E0BB60636D43F0C5
:106B400004036365BBE71268C2F3C002FAB1BB601D
:106B500023681A6812F4802F0DD01B6813F4002FDD
:106B600004D1236C9BB12046984710E0A36C73B10D
:106B7000204698470BE01A6812F4807F03D11A6808
:106B800022F008021A60236C0BB120469847E36D8F
:106B900003F01F03202202FA03F3334200F0928035
:106BA00022683D483D498A4218BF82422ED01831A2
:106BB0008A422BD018318A4228D018318A4225D0F7
:106BC00018318A4222D018318A421FD018318A42A5
:106BD0001CD001F556718A4218D018318A4215D05E
:106BE00018318A4212D018318A420FD018318A42A5
:106BF0000CD018318A4209D018318A4206D0183197
:106C00008A4203D01268C2F3400202E01268C2F363
:106C10000012002A56D0BB6094F83530DBB2042B4A
:106C20000ED023681A6812F4802F39D01B6813F431
:106C3000002F2CD1636C002B44D02046984741E0B4
:106C40002268136823F0160313602268536923F047
:106C500080035361236CB3B12268136823F00803E7
:106C60001360E36D03F01F023F239340BB600123D9
:106C700084F83530002384F83430236D002B7FD026
:106C8000204698477CE0A36C002BE5D1E9E7E36B55
:106C9000C3B12046984715E010000240280002408A
:106CA0001A6812F4807F09D11A6822F010021A6063
:106CB000012384F83530002384F83430E36B0BB1C2
:106CC00020469847636D002B5AD0636D13F0010F77
:106CD00052D0042384F8353023689649964A93426B
:106CE00018BF8B422FD0183293422CD018329342C7
:106CF00029D01832934226D01832934223D018322A
:106D0000934220D0183293421DD002F5567293421E
:106D100019D01832934216D01832934213D0183239
:106D2000934210D0183293420DD0183293420AD0B9
:106D30001832934207D01832934204D01A6822F0D6
:106D400001021A6003E01A6822F001021A60019B36
:106D500001330193AB4204D823681B6813F0010F81
:106D6000F5D123681B6813F0010F0BD0032384F8BF
:106D70003530002384F83430E36C0BB1204698475B
:106D800003B0F0BD012384F83530F2E7236C002B0B
:106D9000F6D020469847F3E712F0200F3AD1236847
:106DA0006449654A934218BF8B422FD018329342F0
:106DB0002CD01832934229D01832934226D0183260
:106DC000934223D01832934220D0183293421DD0E0
:106DD00002F55672934219D01832934216D01832E7
:106DE000934213D01832934210D0183293420DD0F0
:106DF000183293420AD01832934207D01832934285
:106E000004D01A6822F004021A6003E01A6822F023
:106E100008021A60236C002BB2D020469847AFE7D7
:106E20000220884010EA0C0F60D012F0020F5DD0F3
:106E3000786012F4004F0ED012F4803F05D1636CDD
:106E4000002B9DD0204698479AE7E36B002B97D004
:106E50002046984794E712F0200F40D12368354927
:106E6000354A934218BF8B422FD0183293422CD010
:106E70001832934229D01832934226D018329342C6
:106E800023D01832934220D0183293421DD002F5FD
:106E90005672934219D01832934216D01832934248
:106EA00013D01832934210D0183293420DD01832BA
:106EB00093420AD01832934207D01832934204D03A
:106EC0001A6822F00A021A6003E01A6822F014021B
:106ED0001A60012384F83530002384F83430E36BE2
:106EE000002B3FF44DAF2046984749E7082000FAB1
:106EF00001F111EA0C0F3FF443AF12F0080F3FF419
:106F00003FAF1A6822F00E021A60E36D03F01F0310
:106F1000012202FA03F37B60626584F835200023C6
:106F200084F83430E36C002B3FF42AAF20469847B6
:106F300026E700BF1000024028000240002837D09A
:106F400010B5044690F86130002B2CD0022384F851
:106F5000613021680A68174B13406268E069024398
:106F600013430B6021684A6B134B1340A268A0695E
:106F7000024313434B632268116C104B0B40E168D2
:106F80000B43136421684B6B23F44013206962693F
:106F9000520542EA005213434B630020606601230E
:106FA00084F8613010BD80F86030FBF709FBCDE755
:106FB00001207047BFFFF8FFF8FEFFFF0000FFFF52
:106FC00090F86030012B74D030B4012380F8603029
:106FD000022380F86130C1EBC10200EB8202D46A67
:106FE000136B44EA0343956B43EA0553D26B43EAC0
:106FF0004253A4F10902012A21D9C1EBC10200EBDD
:107000008202526B43EA026361BB0468656A2A4AE2
:107010002A40134363620268C1EBC10300EB8303A0
:107020009C6A9461DB6A093B012B11D9012380F82A
:107030006130002380F86030184630BC7047C1EBE7
:10704000C10200EB8202526B02F07F421343DBE786
:10705000C1EBC10100EB81014B6B026823F07F4360
:107060009362E3E70B2C1BD0144D0468E26922EA1B
:1070700005021343E3610268C1EBC10300EB830324
:107080009C6A1461DB6A093B012BCFD8C1EBC101BB
:1070900000EB81014B6B026823F07F431362C5E76D
:1070A000C1EBC10200EB8202126C43EA8243044D41
:1070B000DBE70220704700BFF0FFCC000F0033FF7A
:1070C0000F003FFFF0B583B000236BE085685E00E2
:1070D0000324B44025EA0405CC68B4402C43846002
:1070E000446824EA0C0C4C68C4F300149C4044EA45
:1070F0000C04446068E0DD08083550F8256003F0B2
:1071000007044FEA840C0F2404FA0CF426EA040E58
:107110000C6904FA0CF444EA0E0440F825406BE0D4
:10712000092400E0002404FA0EF42C430CF1020CB4
:10713000694D45F82C404FF0B0442568D44325EA0A
:1071400002064F6817F4801F01D042EA05064FF08F
:10715000B0452E606D6804EA05064F6817F4001FFD
:1071600001D042EA05064FF0B0456E60D5F8845074
:1071700004EA05064F6817F4003F01D042EA05060D
:107180004FF0B045C5F88460D5F880502C404E686B
:1071900016F4803F01D042EA05044FF0B042C2F835
:1071A000804001330A6832FA03F400F092804FF015
:1071B000010C0CFA03FC1CEA0202F2D04C6804F049
:1071C0000304013C012C81D94C6804F00304032C16
:1071D0000CD0C4685D004FF0030C0CFA05FC24EAE7
:1071E0000C0C8C68AC4044EA0C04C4604C6804F09D
:1071F0000304022C3FF47FAF04684FEA430E4FF0C4
:10720000030C0CFA0EFC24EA0C0C4C6804F003048A
:1072100004FA0EF444EA0C0404604C6814F4403F91
:10722000BFD02E4CD4F8F45045F00205C4F8F45009
:10723000D4F8F44004F002040194019C4FEA930C4A
:107240000CF10205244C54F8255003F003044FEAD6
:10725000840E0F2404FA0EF425EA0405204CA04203
:107260003FF460AF04F58064A04222D004F580644E
:10727000A04220D004F58064A0421ED004F58064B2
:10728000A0421CD004F58064A0421AD004F58064AA
:10729000A04218D004F58064A04216D004F58064A2
:1072A000A04214D004F58064A0423FF439AF0A2410
:1072B00039E7012437E7022435E7032433E70424C0
:1072C00031E705242FE706242DE707242BE70824C0
:1072D00029E703B0F0BD00BF000400580044025885
:1072E000000002580369194201D0012070470020B4
:1072F00070470AB181617047090481617047036872
:107300009A6912F0020F01D000229A6203689A690A
:1073100012F0010F03D19A6942F001029A6170479D
:1073200010B4019CC1F3090141EA02411943214310
:1073300021F0004102685368640D04F4806444F055
:107340007F7444F4583444F47F7444F0030423EA13
:107350000404214351605DF8044B70472DE9F0416E
:10736000044603689E6916F010067ED00D469046CE
:107370001022DA61002637462368986910F0200F42
:1073800032D18FBBB5F1FF3FF6D0FDF7AFFBA0EBDD
:107390000800A84201D8002DEED121684A6802F405
:1073A000804294F84230DBB2886910F4004F04D078
:1073B000203B18BF012302B973B923689B6913F0FE
:1073C000200FD9D1FDF792FBA0EB08001928F4D9C2
:1073D00046F020060127CFE74B6843F480434B601B
:1073E000FDF784FB8046E8E70FB92022DA6146F01A
:1073F000040601252268936913F4807F05D046F0C6
:1074000001064FF48071D161012513F4806F06D01D
:1074100046F0080622684FF48061D161012513F41B
:10742000007F24D046F0020623684FF40072DA6130
:1074300001252046FFF763FF2268536823F0FF739E
:1074400023F48B3323F4FF7323F001035360636C45
:107450001E436664202384F84130002384F84230C0
:1074600084F840302846BDE8F0810025C2E7002DB1
:10747000F8D0DEE770B504460D46164623689B69D2
:1074800013F0020F22D1324629462046FFF766FF4D
:10749000F0B9B5F1FF3FF1D0FDF728FB801BA84202
:1074A00001D8002DEAD123689B6913F0020FE5D1C2
:1074B000636C43F020036364202384F8413000238D
:1074C00084F8423084F84030012000E0002070BD94
:1074D0000120FCE72DE9F04104460F4616461D4603
:1074E000DDF8188023689B6937EA03030CBF01238A
:1074F0000023B34227D1424629462046FFF72EFFFC
:1075000020BBB5F1FF3FEDD0FDF7F0FAA0EB08008E
:10751000A84201D8002DE5D123689B6937EA03030F
:107520000CBF01230023B342DCD1636C43F0200382
:107530006364202384F84130002384F8423084F8C7
:107540004030012000E00020BDE8F0810120FBE791
:1075500070B504460D46164604E023689B6913F097
:10756000200F12D023689B6913F0200F1BD13246E5
:1075700029462046FFF7F2FEB8B9FDF7B7FA801B9F
:10758000A842EAD8002DEDD1E7E7636C43F0200371
:107590006364202384F84130002384F8423084F867
:1075A0004030012000E0002070BD0120FCE7F8B56C
:1075B00004460E461746002518E000236364FDF7D5
:1075C00095FAC01BB04200D886B97DB923689B6983
:1075D00013F0040F0AD1636C43F02003636420238B
:1075E00084F84130002384F84030012523689B69EA
:1075F00013F0040F2ED16DBB3A4631462046FFF7FB
:10760000ADFE00B1012523689A6912F0200FD6D093
:10761000002DD4D19A699A6912F0100FCDD01022A2
:10762000DA610423636423682022DA6121684B68ED
:1076300023F0FF7323F48B3323F4FF7323F0010350
:107640004B6084F84120002384F8423084F84030B5
:107650000125B4E72846F8BD00285DD010B50446E2
:1076600090F84130002B46D0242384F84130226822
:10767000136823F0010313606368226823F07063CA
:1076800013612268936823F400439360E368012B3D
:1076900036D0A368226843F404439360E368022B66
:1076A00034D02268536823F4006353602268516821
:1076B0001A4B0B4353602268D36823F40043D36012
:1076C000236962691343A169226843EA0123D360F5
:1076D000E369216A22680B4313602268136843F050
:1076E0000103136000206064202384F8413020638C
:1076F00084F8420010BD80F84030FBF781F9B3E711
:10770000A368226843F400439360C7E72268536884
:1077100043F400635360C9E7012070470080000212
:107720002DE9F04782B00F460A9E90F84110C9B289
:10773000202940F0B78004469046994690F84030A2
:10774000012B00F0B3804FF0010A80F840A0FDF754
:10775000CDF905460090192352464FF400412046CA
:10776000FFF7B8FE002840F0A380212384F84130C1
:10777000102384F8423000236364C4F82480A4F802
:107780002A906363638D9BB2FF2B1ED9FF23238551
:107790004FF08073228DEAB1226898F80010916250
:1077A000626A01326262628D92B2013A92B262857D
:1077B000228D013A92B22285013241490091D2B222
:1077C00039462046FFF7ACFD18E0638D23854FF066
:1077D0000073DFE73A490091D2B239462046FFF7FD
:1077E0009FFD0BE0628D92B22285002300934FF043
:1077F0000073D2B239462046FFF792FD638D9BB2EB
:10780000002B33D02A4631462046FFF733FE0028AE
:1078100050D1626A236812789A62636A01336362A4
:10782000638D9BB2013B9BB26385238D013B9BB271
:107830002385628D92B2002AE0D0002BDED1009524
:107840003346002280212046FFF744FEA0BB638D13
:107850009BB2FF2BC6D9FF222285002300934FF055
:10786000807339462046FFF75BFDC7E72A4631465D
:107870002046FFF76DFE08BB23682022DA612168ED
:107880004B6823F0FF7323F48B3323F4FF7323F04F
:1078900001034B6084F84120002384F8423084F8CF
:1078A000403000E0022002B0BDE8F0870220FAE795
:1078B0000120F8E70120F6E70120F4E70120F2E7D4
:1078C000002000802DE9F04782B00F460A9E90F814
:1078D0004110C9B2202940F0A28004469046994642
:1078E00090F84030012B00F09E804FF0010A80F8A4
:1078F00040A0FDF7FBF805460090192352464FF4CF
:1079000000412046FFF7E6FD002840F08E8022234C
:1079100084F84130102384F8423000236364C4F8B3
:107920002480A4F82A906363638D9BB2FF2B0AD94D
:10793000FF222285414B00934FF080733946204649
:10794000FFF7EEFC18E0628D92B222853B4B00936C
:107950004FF00073D2B239462046FFF7E1FC0BE04E
:10796000628D92B22285002300934FF00073D2B251
:1079700039462046FFF7D4FC638D9BB2002B32D0F2
:107980002A4631462046FFF712FE00284FD12368D1
:107990005A6A636A1A70636A01336362228D013A1C
:1079A00092B22285638D9BB2013B9BB26385638D4E
:1079B0009BB2002BE0D0002ADED100953346802117
:1079C0002046FFF787FDA0BB638D9BB2FF2BC7D975
:1079D000FF222285002300934FF080733946204612
:1079E000FFF79EFCC8E72A4631462046FFF7B0FD68
:1079F00008BB23682022DA6121684B6823F0FF73FB
:107A000023F48B3323F4FF7323F001034B6084F8DA
:107A10004120002384F8423084F8403000E0022006
:107A200002B0BDE8F0870220FAE70120F8E7012064
:107A3000F6E70120F4E70120F2E700BF0024008010
:107A400090F84130DBB2202B24D190F84030012B4C
:107A500022D0012380F84030242380F8413002688E
:107A6000136823F0010313600268136823F4805342
:107A7000136002681368194311600268136843F0C9
:107A800001031360202380F84130002380F8403048
:107A900018467047022070470220704790F8413026
:107AA000DBB2202B22D190F84030012B20D00123D3
:107AB00080F84030242380F841300268136823F0B6
:107AC000010313600268136823F4706343EA012121
:107AD00011600268136843F001031360202380F8EB
:107AE0004130002380F8403018467047022070472C
:107AF0000220704730B514461D464FF0000E724606
:107B00000BE05FFA8EFC0CF1010C01F802C00132AF
:107B1000013B002BF5D10EF1010EBEF10F0F08D87D
:107B200010F80E3002EB030CBCF5807FF1D9012078
:107B300030BD00238B542A6091F800C01A4611E032
:107B400044F8232001330132C85C6045F8D0BCF111
:107B50001F0F0BD8012000FA0CF0904208D95200F8
:107B60000CF1010CC85C0028EED1E1E70120DFE751
:107B70000120DDE770B5ADF5A26D05460C4601AB01
:107B800002AA0DF20C41FFF7B5FF20BB03460EE041
:107B9000A02202A951F8236002F1280104EB81011F
:107BA0004E600DF20C41C95C0139A1540133019AB8
:107BB0009A4210D9EA18127C002AE9D0F02A0DD096
:107BC00002F00F01120902EB820201EB4202013ABC
:107BD000A12ADED901200DF5A26D70BDA122D8E742
:107BE00030B5ADF2145D05460C460DF20C5301AAFA
:107BF0000DF58161FFF77EFFE0B90346DDF80C2546
:107C00009A4217D9EA18127C0B2A12D801A951F806
:107C1000231002F1020C04EB8C0CCCF804100DF5CF
:107C2000816111F803C00CF1FF3C04F802C001337C
:107C3000E4E701200DF2145D30BD10B590B00B46A5
:107C4000046804F5F861914206D004F5FC619142A4
:107C500005D0012010B010BD04F5FB6401E004F56F
:107C6000FF64ABB301A91846FFF7BAFF0028F1D1B2
:107C70006FF0F023236063600C2126E001F13F03E5
:107C80006B4413F83C3C1B0203F470634A1C0DF177
:107C9000400C0CEB820212F8382C1A43023901F125
:107CA00040036B4413F83C3C1B0203F4706301F186
:107CB000020C0DF1400E0EEB8C0C1CF838CC43EA94
:107CC0000C0343EA024344F8043D0129D6D8C1E736
:107CD0000020BFE710B5ADF54C7D0B46046804F5F8
:107CE000A061914207D004F5CC61914206D00120F9
:107CF0000DF54C7D10BD04F2446401E004F2A4745F
:107D0000002B3FD001A91846FFF734FF0028EFD120
:107D10002346002204E06FF0F02143F8041B0132F7
:107D2000022AF8D9184A1A6002F102125A6002F1C6
:107D300002129A6002F10212DA60A2211FE04B1EC9
:107D40000DF1040C1CF803301B0203F4706301F105
:107D500027020CEB820212791A4302391CF8013017
:107D60001B0203F4706301F1280E0CEB8E0C9CF8DF
:107D700004C043EA0C0343EA024344F8043D0129EA
:107D8000DDD8B5E70020B3E7D00FD10F10B50468F8
:107D900004F55B74102213E0531E924911F803C0DE
:107DA000931ECB5C1B0443EA0C63A2F1030C11F895
:107DB0000CC043EA0C23043A895C0B4344F80439B1
:107DC000032AE9D8036803F55E7C0C2215E0531EF4
:107DD00084490B4493F810E0941E0C44237C1B044C
:107DE00043EA0E63D41E0C44247C43EA0423043A81
:107DF0001144097C0B434CF80439032AE7D8046882
:107E000004F56274102213E0531E774911F803C081
:107E1000931ECB5C1B0443EA0C63A2F1030C11F824
:107E20000CC043EA0C23043A895C0B4344F8043940
:107E3000032AE9D80368D3F82C246C4911404FF683
:107E4000F9220A43C3F82C2403F5856EA02218E01A
:107E5000531E65490B441C7CA2F1020C8C449CF817
:107E600010301B0443EA0463A2F1030C8C449CF819
:107E700010C043EA0C23043A1144097C0B434EF82A
:107E80000439032AE4D80268D2F82C349BB243F0B8
:107E90004073C2F82C340468D4F83C24534B13408C
:107EA000C4F83C3404F587640C2215E0531C504997
:107EB00011F803C08B5C1B0443EA0C6302F1FF3C26
:107EC00011F80CC043EA0C23A2F1020C11F80C10BB
:107ED0000B4344F80439043A032AE7D80268D2F87D
:107EE0003C349BB243F08073C2F83C340468D4F84D
:107EF00048343E4A1A4040F60A331343C4F8483423
:107F000004F24444082218E0531C39490B4493F806
:107F100010C08B181B7C1B0443EA0C6302F1FF3C6E
:107F20008C449CF810C043EA0C23A2F1020C61447B
:107F3000097C0B4344F80439043A032AE4D8026864
:107F4000D2F848349BB243F00073C2F84834046856
:107F5000D4F85834254A1A4047F202731343C4F840
:107F6000583404F254440C2215E0531C214911F8F2
:107F700003C08B5C1B0443EA0C6302F1FF3C11F865
:107F80000CC043EA0C23A2F1020C11F80C100B43B5
:107F900044F80439043A032AE7D80268D2F858347E
:107FA0009BB243F08073C2F85834036803F59F6CAA
:107FB000A02214E0531C0F490B44187C8B181B7C27
:107FC0001B0443EA0063501E0844007C43EA00237C
:107FD000901E0144097C0B434CF80439043A032AEF
:107FE000E8D810BD2CA002081C9F02080000FFFF6B
:107FF00010A00208689E020810B50446FFF7C6FEEE
:10800000226802F5A06212492046FFF763FE03468C
:1080100008B1184610BD226802F5CC620D49204611
:10802000FFF758FE03460028F3D1226802F5F862F4
:1080300009492046FFF701FE03460028E9D12268DE
:1080400002F5FC6205492046FFF7F7FD0346E0E72D
:108050001C9F0208689E02082CA0020810A00208BB
:10806000002847D010B5044690F84D30002B39D089
:10807000022384F84D302268136B43F0010313632D
:108080002268136823F0010313602268136B23F046
:108090007E0313632268136B43F400531363226857
:1080A000136B43F4804313632268936B43F06003C4
:1080B0009363114BE363114B236400236364A36454
:1080C0002046FFF799FF90B92268536843F4807304
:1080D0005360002323626362012284F84D202365EC
:1080E000636510BD80F84C30FAF7E6FCC0E701206C
:1080F0002065F6E70120704748A00208D09F0208DB
:10810000F0B54D680468E368C3F30B431D444FEAC0
:10811000C21C04EBC214D4F8883003F47043C4F8D2
:1081200088300B680468E668C6F30B4633440133B5
:1081300004EBC21443EA0543C4F88830CD680468F0
:10814000E368C3F30A031D4404EBC21EDEF88C305F
:1081500003F47043CEF88C308B680468E668C6F38D
:108160000A0E7344013304EBC21443EA0543C4F816
:108170008C30036803EBC213D3F8944024F0070457
:10818000C3F89440036803EBC2130C69C3F894402E
:1081900091F8317091F832608D69046804EBC21473
:1081A00004F1840ED4F89C300024CEF8184091F8E5
:1081B000303043EA072343EA0643066806EBC21E53
:1081C00043EA0563CEF89C300EF1840E036803EB9E
:1081D000C213D3F8985025F0FF05C3F898500368F0
:1081E00003EBC2134D69C3F89850036803EBC21345
:1081F000D3F8A0602E4D3540C3F8A0500D6A036837
:1082000003EBC213CE693543C3F8A050036803EBF8
:10821000C213D3F8AC50C3F8AC40036803EBC212EE
:108220004B6AC2F8AC300B696BB1012B39D0022B11
:1082300018BF042B37D0032B37D0072B01D00125D3
:1082400002E0022500E0042502686244D2F8B04052
:1082500004F0E024C2F8B0408A6A05FB02F44B68DF
:108260000A689B1A05FB03F307330268624443EA7A
:108270000443C2F8B03003686344D3F8B4400D4AF5
:108280002240C3F8B42003686344CA6AC3F8B42028
:1082900003689C44DCF8843043F00103CCF884305C
:1082A000F0BD0325D0E70225CEE70225CCE700BFCD
:1082B000F8F8FFFF00F8FFFF002872D038B5044639
:1082C00090F8A130002B67D0022384F8A1302268F7
:1082D000936923F07043936121688A696368A06899
:1082E0000343E06803432069034313438B61216820
:1082F0008A682D4B1A408A6020688268A169656986
:1083000041EA05410A4382602168CA681A40CA608E
:108310002068C268216AE56941EA05410A43C260F2
:1083200021680A691A400A6120680269A16A656ABF
:1083300041EA05410A43026121684A6913404B61E1
:10834000E06A21684B69226B42EA004213434B61A9
:1083500094F8350094F836301B042168CA6A02F09C
:108360007F42CA622168CA6A43EA002394F8340053
:1083700003431343CB622268536B43F006035363FA
:108380002268936943F0010393610020C4F8A400BC
:10839000012384F8A13038BD80F8A030FAF7A6FB9D
:1083A00092E70120704700BF00F800F0F8B590F8A0
:1083B000A030012B2CD004460D461646012780F82C
:1083C000A070022380F8A1304FF0340C0CFB020C9B
:1083D0000CF1380C8E46BEE80F00ACE80F00BEE88A
:1083E0000F00ACE80F00BEE80F00ACE80F00DEF8AD
:1083F0000030CCF80030324629462046FFF780FE98
:1084000023685F6284F8A170002084F8A000F8BDA2
:108410000220FCE7C368016902680B43D36043692B
:1084200082691343C2691343026A1343426A1343C6
:10843000C26A1343026B1343826A013A43EA8243DE
:10844000816802680B4313614368B3F1804F1BD00E
:10845000036800225A61436B93421BDB02689BB2A4
:108460001362836B002B20DB01680A6A42EA034334
:108470000B624368B3F1804F24D00268DBB2936291
:10848000036800225A6270470268136943F0404350
:108490001361DDE70268536943F480235361436B42
:1084A0005B4202689BB21362DBE70268536943F4E4
:1084B00000235361836B5A4201680B6A43EA02430B
:1084C0000B62D6E7036800229A62D9E738B5044602
:1084D000FCF70CFB44B30546002384F83C30022330
:1084E00084F83D302268D36823F00103D360236809
:1084F000DB6813F0010F0BD0FCF7F8FA431B052BD8
:10850000F5D94023A366032384F83D3001200AE017
:108510002046FFF77FFF0020E06520666066A066CA
:10852000012384F83D3038BD0120FCE768B30346E1
:1085300090F83C0001282AD0012083F83C0093F8F1
:108540003D00C0B2012804D00120002283F83C2065
:10855000704730B41C68256915F0804F09D121633C
:108560001868426351B919680A6922F000420A6129
:108570000020002283F83C2030BC704719680A694B
:1085800042F000420A610020F3E701207047022018
:10859000704790B190F83D30DBB2022B03D08023BE
:1085A000836601207047042380F83D300268D36859
:1085B00023F00103D36000207047012070470000C2
:1085C00030B583B000230193674B1D68674BA3FB55
:1085D00005350168664B0B44C3F38413012202FA8C
:1085E00003F34FF0A44212681A4200F0A58004463B
:1085F000AD0A0B6813F0010F2FD0CB6813F0020FF8
:108600002BD0CB6823F00203CB600268936813F091
:10861000800F40F09380816E41F00101816613F478
:10862000007F03D0A16E41F00401A16613F4807FA6
:1086300003D0A16E41F00801A16613F4806F03D04E
:10864000A16E41F01001A16613F4006F03D0A36E78
:1086500043F02003A3660123536023681A6812F0D5
:10866000100F09D0DA6812F0200F05D010225A60DE
:10867000A36C0BB12046984723681A6812F0080FC4
:1086800009D0DA6812F0100F05D008225A60E36CA6
:108690000BB12046984723681A6812F0040F09D0DE
:1086A000DA6812F0080F05D004225A60236D0BB16E
:1086B0002046984723681A6812F0020F19D0DA682A
:1086C00012F0040F15D0DA6822F03E02DA6094F856
:1086D0003D30DBB2042B36D0236802225A600023DF
:1086E00084F83C30012384F83D30636C0BB12046A4
:1086F0009847A36E03B3042384F83D302268D368FF
:1087000023F00103D360019B01330193AB4204D8F2
:108710002368DB6813F0010FF5D1002384F83C30A7
:108720002368DB6813F0010F19D0032384F83D3070
:10873000636D0BB12046984703B030BD816E41F0A8
:10874000020181666BE7002384F83C30012384F842
:108750003D30A36D002BEFD020469847ECE7012376
:1087600084F83D30E4E700BF5C000024B5814E1B77
:10877000C0FFFFAD2DE9F04383B0D0F8008001EBDE
:10878000C10300EB83039A6A5B6A9A4254D8074696
:108790000C469B1A01EBC10200EB8202D2699A429D
:1087A00000D31A4602F103094FEA990915E006F1D0
:1087B00003094FEA9909BB7904EBC40507EB85056A
:1087C000296A0093B3B2E2B2404607F064FF2B6A15
:1087D00033442B62AB6A3344AB6208EB441303F5BA
:1087E00010639B699BB24B4512D304EBC40207EBA9
:1087F0008202916A536A99420AD24BB15B1A04EB26
:10880000C40207EB8202D6699E42D0D31E46CEE751
:1088100004EBC40007EB80077A6ABB6A9A420FD860
:1088200004F00F040123A340D8F8344824EA0304D9
:10883000C8F83448002000E0012003B0BDE8F08310
:108840000020FAE730B583B000287AD0044690F8CB
:108850009534ABB1032384F89534206807F0D2FC3B
:10886000237C8DF80030231D0ECB206807F000FC20
:1088700058B1022384F895340125284603B030BD51
:1088800080F894340FF00CFBE4E70021206808F036
:108890001DF9024608B9034617E0022384F895340F
:1088A0000125EAE703EBC30104EB810101204875D0
:1088B0000B75CB8500200876C861086203EBC30105
:1088C00004EB810148620133DBB220799842E9D898
:1088D00016E002EBC20304EB8303002183F8551278
:1088E00083F8542283F85812C3F85C12C3F860125C
:1088F00002EBC20304EB8303C3F864120132D2B269
:108900009042E6D8237C8DF80030231D0ECB2068E2
:1089100007F0CEFC054658B900236374012384F8A0
:108920009534237B012B08D0206808F08CF8A4E74D
:10893000022384F8953401259FE7204600F072FD5C
:10894000F2E7012599E7036890F89424012A1AD0E8
:1089500010B50446012280F89424DA6812F0400F22
:1089600002D0427B012A09D0206807F045FC20682C
:1089700008F05BF8002084F8940410BD9A6B42F470
:1089800080329A63F0E702207047000070B5044619
:108990000D460068066C00EB411303F530639A68DE
:1089A000A179012911D038498E4256D03DB905EB45
:1089B000C50304EB8303D3F86432002B5ED0E9B225
:1089C00020460FF0CFFA002070BD12F0080F09D03A
:1089D0002E498E42F7D912F4004FF4D04FF40042E2
:1089E0009A60F0E712F0200F02D020229A60EAE7A6
:1089F00012F0280FE7D125498E4206D912F4004F14
:108A000003D04FF400429A60DDE705EBC50204EBAA
:108A10008202D2F874121B69C3F31203CB1AC2F894
:108A200068327DB905EBC50204EB8202D2F86422FC
:108A30006AB105EBC50204EB8202D2F860120B4466
:108A4000C2F86032E9B220460FF08CFABBE704F2BC
:108A50009C42012108F07CF8F4E712F4004F03D0A7
:108A60004FF400429A60AEE712F0200F01D02022AE
:108A70009A60E9B220460FF075FAA4E704F29C422E
:108A8000002108F065F89AE70A31544F0A30544F34
:108A900038B5044603681D6C03EB4113D3F8081B7B
:108AA0000E4A954207D903F5306311F4004F02D006
:108AB0004FF400429A6020460FF04CFA074B9D425B
:108AC00002D9A379012B01D0002038BD04F29C42C9
:108AD0000121206808F03CF8F6E700BF0A30544F47
:108AE00090F89434012B0CD010B50446012380F883
:108AF00094344174006807F088FF002084F89404DF
:108B000010BD0220704738B505468C4611F0800F25
:108B100029D101F00F0E0EEBCE04A40004F514745D
:108B20000444211D0EEBCE0E00EB8E0E00208EF8BD
:108B300055020CF00F0C81F800C08A600B714A7866
:108B40000AB1A1F81AC0022B1CD095F89434012B5D
:108B50001BD0012385F89434286807F07FFC00209F
:108B600085F8940438BD01F00F0000EBC0018900C6
:108B700010312944043100EBC00005EB80000124D2
:108B80004475D6E700234B71DFE70220EAE710B512
:108B900004460A4611F0800F20D101F00F0000EBCF
:108BA000C0039B0003F514732344191D00EBC000A0
:108BB00004EB8000002380F8553202F00F020A70A7
:108BC00094F89434012B18D0012384F8943420684D
:108BD00007F092FC002084F8940410BD01F00F000F
:108BE00000EBC0039B0010332344191D00EBC000B1
:108BF00004EB800001234375DFE70220EDE710B5A9
:108C0000144601F00F0C0CEBCC01890001F5147136
:108C1000014404310CEBCC0E00EB8E0ECEF860223A
:108C2000CEF864320023CEF868328EF855328EF8D2
:108C300054C28279012A04D0006807F043FD002065
:108C400010BDCEF87042F7E701F00F0101EBC10152
:108C500000EB8101D1F86802704710B5144601F0AD
:108C60000F0C0CEBCC0189001031014404310CEBEA
:108C7000CC0E00EB8E0ECEF82020CEF82430002350
:108C8000CEF8283001238EF815308EF814C0827982
:108C90009A4204D0006807F015FD002010BDCEF800
:108CA0003040F7E738B501F00F050279AA4238D312
:108CB00004460B4611F0800F1FD101EBC101890062
:108CC00001F514710144043103EBC30300EB83038A
:108CD000002283F8552201238B700D7094F8943490
:108CE000012B20D0012384F89434206807F032FE51
:108CF00085B1002084F8940438BD05EBC5018900D6
:108D000010310144043105EBC50300EB830301225C
:108D10005A75E0E704F29C42A179206807F018FF39
:108D2000E7E70120E8E70220E6E701F00F03027918
:108D30009A4230D310B5044611F0800F1ED103EBD8
:108D4000C301890001F514710144043103EBC3022E
:108D500000EB8202002082F8550200228A700B701C
:108D600094F89434012B18D0012384F894342068AB
:108D700007F01DFE002084F8940410BD03EBC3012E
:108D8000890010310144043103EBC30200EB82027D
:108D900001205075E1E7012070470220EDE708B59A
:108DA00011F0800F0CD101F00F0101EBC10189001E
:108DB00001F5147101440431006807F00DFC08BD91
:108DC00001F00F0101EBC1018900103101440431B0
:108DD000F2E72DE9F04F83B004460568284607F016
:108DE00071FE10B103B0BDE8F08F0646206807F0B1
:108DF00038FE0028F6D005F50067BB68C3F30D23E5
:108E0000C4F8D434206807F02CFE10F0020F04D010
:108E10002268536903F002035361206807F021FEC2
:108E200010F0100F14D02268936923F0100393619F
:108E3000D5F8208008F00F09C8F34343022B69D00E
:108E4000062B00F08D802268936943F01003936134
:108E5000206807F006FE10F4002F40F09380206891
:108E600007F0FFFD10F4802F40F0FC80206807F031
:108E7000F8FD0028C0F27D81206807F0F2FD10F4B3
:108E8000006F09D0BB6813F0010F40F08A8122689F
:108E9000536903F400635361206807F0E2FD10F0AA
:108EA000006F15D02268536903F00063536194F892
:108EB000CC34002B40F07981012184F8CC14236854
:108EC0005B6DC3F38303C4F8D034204600F0BEFAD0
:108ED000206807F0C6FD10F4805F40F06A812068CA
:108EE00007F0BFFD10F4005F40F0B681206807F086
:108EF000B8FD10F0080F40F0C781206807F0B1FD01
:108F000010F0800F00F0DA81AB6923F08003AB61D1
:108F10000126C3E147F6F07318EA030F93D04FEA36
:108F2000181B4FEAC903019309EBC90A04EB8A0A2B
:108F3000C8F30A12DAF86012284607F0E1FCCBF316
:108F40000A0BDAF860325B44CAF86032019B4B448A
:108F500004EB8303D3F868325B44CAF8683272E7E3
:108F6000082204F29C41284607F0CAFCC8F30A18FC
:108F700009EBC90204EB8202D2F868324344C2F81A
:108F8000683260E7206807F070FD8046B14635E042
:108F900005EB49130122C3F8082B49462046FFF789
:108FA000F5FC3CE005EB49130822C3F8082B4946C1
:108FB0002046FFF76DFD35E009EBC90304EB8303A1
:108FC00093F85732012B41D005EB49130222C3F825
:108FD000082B1AF0200F04D005EB49132022C3F808
:108FE000082B1AF4005F05D005EB49134FF400522B
:108FF000C3F8082B09F101094FEA5808B8F1000F2E
:109000003FF42DAF18F0010FF4D05FFA89FB5946F9
:10901000206807F03AFD824610F0010FB8D11AF02F
:10902000080FBFD11AF0100F04D005EB491310221E
:10903000C3F8082B1AF0020FCBD06B6913F0800F26
:10904000BAD07B6843F480637B60B5E709EBC90362
:1090500004EB8303002283F85722594620460EF082
:10906000D1FFB1E7206807F008FD8046B14625E052
:10907000594620460EF082FF1AF0080F04D005EB87
:1090800049130822C3F808291AF0100F04D005EB81
:1090900049131022C3F808291AF0400F04D005EB39
:1090A00049134022C3F808291AF0020F40D11AF0E0
:1090B000800F59D109F101094FEA5808B8F1000FA2
:1090C0003FF4D4AE18F0010FF4D05FFA89FB594693
:1090D000206807F0E3FC824610F0010FCCD009F0C5
:1090E0000F03012101FA03F27B6B23EA02037B6386
:1090F00005EB4913C3F80819A3798B42B8D109EBE2
:10910000C90304EB8303D9691A6A0A441A62B9F1E4
:10911000000FADD109EBC90304EB83035B6A002B9D
:10912000A6D104F29C420121206807F011FD9FE7BF
:109130004946284607F06CF809EBC90304EB8303A2
:10914000DB7D012B05D005EB49130222C3F808296A
:10915000ADE709EBC90304EB83030022DA75594636
:1091600020460EF055FFEEE749462046FFF702FB8A
:10917000A0E77B6823F001037B6094F8CC34012BDB
:1091800008D020460EF038FF2268536903F00043F0
:10919000536171E6002184F8CC14204600F056F9A2
:1091A000F2E720460EF010FF71E620460EF00CFFAD
:1091B0008EE67B6823F001037B601021206807F0B6
:1091C00027F81AE005EB46134FF67F31C3F808196C
:1091D000D3F8002922F40012C3F80029C3F8081BB1
:1091E000D3F8002B22F40012C3F8002BD3F8002B85
:1091F00042F00062C3F8002B01362379B342E1D874
:10920000FB6943F00113FB61E37BDBB1D7F88430EA
:1092100043F00B03C7F884307B6C43F00B037B6493
:10922000D5F8003823F4FE63C5F8003804F29C42F8
:10923000A179206807F08CFC2268536903F48053FD
:1092400053614CE67A6942F22B0313437B613B691D
:1092500043F00B033B61E3E7206807F069FC2068FB
:1092600007F0ECF8E071266801F0FCFA0146E279BB
:10927000304606F04FFF20460EF091FE22685369FB
:1092800003F40053536131E620460EF082FE22685B
:10929000536903F0080353612FE601362379B34283
:1092A0000CD906EBC60304EB830393F85732012B6A
:1092B000F3D1F1B22046FFF772FDEEE7206807F028
:1092C000D0FB10F4801F25D1206807F0CAFB10F4F2
:1092D000001F59D0012326E001362379B3421BD960
:1092E00005EB4613D3F8002906EBC60304EB830312
:1092F0001B7E012BF0D1002AEEDA06EBC60304EB4D
:1093000083030122DA7566F07F01C9B22046FFF7B8
:1093100046FDE1E70126E0E72268536903F4801384
:109320005361D1E7013322799A4228D905EB4312E0
:10933000D2F8001B03EBC30204EB820292F858221E
:10934000012AEFD10029EDDA01F48031D4F8D424D8
:1093500002F001029142E5D103EBC30204EB820269
:10936000012182F85712AA6942F08002AA616A6953
:1093700012F0800FD6D17B6843F400737B602268C3
:10938000536903F400135361206807F06AFB10F07F
:10939000804F10D1206807F064FB10F0040F3FF4F9
:1093A00021AD23685D6815F0040F0DD12268536864
:1093B0002B43536016E520460EF030FE22685369B9
:1093C00003F080435361E5E720460EF02DFEEDE704
:1093D00010B40468606A31B940EA0240A06200201B
:1093E0005DF8044B70478C46A36A00EB13400023E2
:1093F00008E003F1400104EB8101496800EB1140F2
:109400000133DBB20CF1FF318B42F2D340EA024070
:109410000CF13F0104EB81014860E0E70368596209
:1094200000207047034602680121C0F8D8140020CC
:1094300083F8CC04936943F000639361516D024B50
:109440000B435365704700BF0300001070470000D6
:10945000024A136843F4807313607047004802584F
:10946000134BDB6813F0040F07D1114BDB6803F0DB
:10947000070383421AD00120704710B50C4AD36805
:1094800023F007031843D060FBF730FB0446084B7A
:109490005B6813F4005F07D1FBF728FB001BB0F5F6
:1094A0007A7FF4D9012000E0002010BD0020704731
:1094B00000480258024AD36843F08073D360704773
:1094C00000480258F0B44B6A33B1B2F1406F03D098
:1094D0008B6A0468013B23618C69002C6ED00E6A94
:1094E000002E3BD003688C68DC61CC69F4B1CB6A98
:1094F0000D6B2B434D6B2B434D6A2B434D6943EA58
:1095000085430D692B430D6A2B43CD682B432343C1
:109510008C6923430C682343046813436361B2F1ED
:10952000406F19D003684A689A6115E0CB6A0D6BE9
:109530002B434D6B2B434D6A2B434D6943EA8543C7
:109540000D692B430D6A2B4323438C6923430C681D
:10955000234301681A434A61F0BC7047CD69D5B115
:10956000CB6A0F6B3B434F6B3B434F6A3B434F69A7
:1095700043EA87433343CE6833432B4323430C688A
:109580002343046813436361B2F1406FE4D003687E
:109590004A689A61E0E7CB6A0F6B3B434F6B3B43F2
:1095A0004F6A3B434F6943EA874333432B4323438B
:1095B0000C68234301681A434A61CDE70D6A002D08
:1095C00037D003688C68DC61CD69E5B1CB6A0C6B80
:1095D00023434C6B23434C6A23434C6943EA844343
:1095E0000C6923430C6A2343CC6823432B438C69C7
:1095F0002343046813436361B2F1406FACD0036846
:109600004A689A61A8E7CC6A0B6B1C434B6B1C43FE
:109610004B6A1C434B6944EA83440B691C430B6A45
:109620001C4345EA04038C69234301681A434A61D9
:1096300092E7CE69CEB10B6BCF6A3B434F6B3B4396
:109640004F6A3B434F6943EA87432B43CD682B4323
:1096500033432343046813436361B2F1406F3FF423
:109660007BAF03684A689A6176E7D1F824C0BCF101
:10967000000F3FF471AFCB6A0F6B3B434F6B3B4323
:109680004CEA03074B6947EA83431D4346EA050357
:10969000234301681A434A615EE72DE9F843054612
:1096A0000F4616469946DDF820802C68A4683C4297
:1096B00014BF4FF0010C4FF0000CB44514D0B8F1BA
:1096C000FF3FF2D0FBF712FAA0EB0900404502D8A9
:1096D000B8F1000FE9D1042385F841306B6C43F0F9
:1096E00001036B64012000E00020BDE8F8832DE950
:1096F000F04182B004460F461646FBF7F7F994F89E
:1097000040C05FFA8CFCBCF1010F3CD00546012340
:1097100084F8403094F841C05FFA8CFC9C4508D036
:109720004FF00208002384F84030404602B0BDE804
:10973000F08100226264022384F8413000960346DF
:1097400020212046FFF7A9FF80460028EAD1002209
:1097500039462046FFF7B6FE7B6A1BB1012384F829
:109760004130DFE700962B46012202212046FFF719
:1097700094FF80460028D5D123680222DA600123B5
:1097800084F84130CEE74FF00208CEE72DE9F043F0
:1097900083B0044689461746FBF7A8F9D4F8008041
:1097A00094F84030DBB2012B57D00646012384F8F1
:1097B000403094F84150EDB29D4207D0022500237D
:1097C00084F84030284603B0BDE8F083002363648A
:1097D000B9F1000F3CD0122384F84130D8F8103092
:1097E0000133E362D8F810300133A362C4F8249047
:1097F000D8F8143023F04063C8F814300025E36A29
:109800009BB100973346012204212046FFF745FF14
:10981000054650B9636A1B7888F82030616A0131C7
:109820006162E16A0139E162E9E71DB1012384F86F
:109830004130C4E700973346012202212046FFF75A
:109840002CFF05460028F1D123680222DA60EDE7FB
:10985000636C43F008036364B1E70225B2E72DE9C6
:10986000F04383B0044689461746FBF73FF9D4F826
:109870000080D8F8182094F84030DBB2012B5BD080
:109880000646012384F8403094F84150EDB29D42E1
:1098900007D00225002384F84030284603B0BDE8F5
:1098A000F08300236364B9F1000F40D0222384F8D1
:1098B0004130D8F810300133A363D8F810300133A9
:1098C0006363C4F83090D8F8143023F0406343F059
:1098D0008063C8F8143023689A610025A36B9BB19C
:1098E00000973346012206212046FFF7D6FE0546A3
:1098F00050B9236B98F820201A70216B0131216335
:10990000A16B0139A163E9E71DB1012384F841305E
:10991000C0E700973346012202212046FFF7BDFE33
:1099200005460028F1D123680222DA60EDE7636C76
:1099300043F008036364ADE70225AEE72DE9F0418B
:1099400082B00446884615461F46FBF7CFF894F8C8
:1099500040C05FFA8CFCBCF1010F48D006460123E1
:1099600084F8403094F841C05FFA8CFC9C4506D0E6
:109970000220002384F8403002B0BDE8F0810022CC
:109980006264422384F84130009703462021204638
:10999000FFF783FE0028ECD123682A689A622368C7
:1099A0006A685A622368AA68DA622268136823F434
:1099B000400329690B4343F480031360EB68C8F844
:1099C00028304FF0006241462046FFF77BFD0097AC
:1099D0003346012208212046FFF75FFE0028C8D148
:1099E00023680822DA60012384F84130C1E70220AD
:1099F000C2E7704708B5006C00238363C36290F828
:109A00004130DBB2082B0DD103680222DA60026814
:109A1000136843F4003313600268136843F00203D1
:109A2000136008BD012380F84130FFF7E2FFF8E73B
:109A300070477047704770477047704710B50446CD
:109A400003689A68196812F0040F3FD011F4802F50
:109A50003CD090F84120D2B2122A12D090F8412086
:109A6000D2B2222A1FD02046FFF7E5FF10BD626A5E
:109A7000127883F82020626A01326262E26A013A57
:109A8000E2622268916811F0040FECD0E16A0029CB
:109A9000EDD1136823F480231360E4E7136823F403
:109AA00080231360DFE72268916811F0040FDAD099
:109AB000A16B0029F2D0226B93F820101170226B59
:109AC00001322263A26B013AA263ECE712F0020FAB
:109AD00076D011F4003F73D00222DA602268136856
:109AE00023F4E023136094F84130DBB2122B1DD035
:109AF00094F84130DBB2222B2ED094F84130DBB207
:109B0000022B52D094F84130DBB2082BAED1226840
:109B1000536923F040635361012384F84130636C3F
:109B2000002B49D12046FFF783FF9FE723681A687F
:109B300012F0040F09D01A6822F004021A60E36BD5
:109B40001A68D36823F00103D360012384F84130FD
:109B50002046FFF76FFF89E721680B6813F0040FB9
:109B600010D00B6823F004030B60E36B1A68D36812
:109B700023F00103D360012384F841302046F9F734
:109B8000FFFC73E723689B6813F47C5FF3D0A36B3F
:109B9000002BF0D0236B91F820201A70236B013337
:109BA0002363A36B013BA363ECE7012384F84130FB
:109BB0002046FFF73EFF59E72046FFF71AFF55E71B
:109BC00012F0080F14D011F4002F11D00822DA601F
:109BD00023681A6812F4800F06D01A6822F4102243
:109BE0001A60012384F841302046FFF725FF3DE746
:109BF00012F0010F31D011F4803F2ED00122DA6033
:109C00002268136823F470231360636C43F002032B
:109C1000636423681A6812F0040F17D01A6822F0E0
:109C200004021A60E36B144A9A65E06BFEF7B1FC1C
:109C300000283FF41BAF636C43F00403636401230B
:109C400084F841302046FFF7D4FE0FE7012384F863
:109C500041302046FFF7CDFE08E712F0100F3FF429
:109C600005AF11F4801F3FF401AF1022DA602046E7
:109C7000FFF7E3FEFAE600BFF5990008816470473C
:109C800070B582B00446FAF731FF002C45D0064685
:109C900094F84130002B37D025682A6822F4F85216
:109CA000A168013942EA01222A60A36C009333467D
:109CB000002220212046FFF7F0FC18BB21680B682A
:109CC000174A1A406568E36843EA0563E5692B4370
:109CD000256A2B4313430B6021684A68114B1340DC
:109CE0002569626942EA0542A5692A4313434B602C
:109CF0002268136843F001031360002363640123A7
:109D000084F8413002B070BD2046F9F7A9F941F25C
:109D100088312046FFF7B2FFBEE70120F2E700BF1F
:109D20002FFFFF00FEF8E0FF002800F0398338B570
:109D30000446036813F0010F25D0944A136903F019
:109D40003803926A102B15D0182B0FD06368B3F527
:109D5000803F3FD0002B53D18C4B1A6822F48032C5
:109D60001A601A6822F480221A6038E002F00302B6
:109D7000022AEBD1854B1B6813F4003F03D06368C4
:109D8000002B00F00F83236813F0020F00F0A18076
:109D90007E4A1369926A13F038035AD0182B55D0B3
:109DA000E368002B00F0DE8078490A6822F019028F
:109DB00013430B60FAF79AFE0546744B1B6813F0C9
:109DC000040F40F0AD80FAF791FE401B0228F4D951
:109DD0000320EEE26D4A136843F480331360636836
:109DE0002BB3FAF783FE0546684B1B6813F4003F5C
:109DF000C9D1FAF77BFE401B6428F5D90320D8E2CD
:109E0000B3F5A02F09D0614B1A6822F480321A6092
:109E10001A6822F480221A60E1E75C4B1A6842F467
:109E200080221A601A6842F480321A60D7E7FAF783
:109E30005DFE0546554B1B6813F4003FA3D0FAF7AF
:109E400055FE401B6428F5D90320B2E212F0030F3F
:109E5000A6D14E4B1B6813F0040F03D0E368002B10
:109E600000F0A282494A136823F01903E1680B430A
:109E70001360FAF73BFE0546444B1B6813F0040FD2
:109E800006D1FAF733FE401B0228F5D9032090E2F1
:109E9000FAF746FE41F20303984212D82269402A9B
:109EA00007D03A494B6823F47C3343EA02334B60D2
:109EB0000FE0364A536823F47C3343F40033536095
:109EC00007E0324A536823F0FE43216943EA016305
:109ED0005360236813F0100F00F088802B4A136939
:109EE00003F03803926A082B56D0182B50D0E36940
:109EF000002B00F0B880254A136843F080031360FC
:109F0000FAF7F4FD0546214B1B6813F4807F40F0FF
:109F10008880FAF7EBFD401B0228F4D9032048E2C1
:109F2000FAF7FEFD41F20303984212D82269402A53
:109F300007D016494B6823F47C3343EA02334B6065
:109F4000C7E7124A536823F47C3343F40033536069
:109F5000BFE70E4A536823F0FE43216943EA0163D9
:109F60005360B6E7094A136823F001031360FAF758
:109F7000BDFD0546054B1B6813F0040FA9D0FAF789
:109F8000B5FD401B0228F5D9032012E20044025817
:109F900002F00302012AAAD1A14B1B6813F4807FAF
:109FA00003D0E369802B40F00182FAF7B9FD41F25A
:109FB0000303984212D8226A202A07D098494B6896
:109FC00023F0F84343EA82634B600FE0944A5368FE
:109FD00023F0F84343F08043536007E0904AD3688E
:109FE00023F07C53216A43EA0163D360236813F0B2
:109FF000080F60D06369002B49D0894A536F43F042
:10A0000001035367FAF772FD0546854B5B6F13F04A
:10A01000020F50D1FAF76AFD401B0228F5D9032040
:10A02000C7E1FAF77DFD41F20303984212D8226A94
:10A03000202A07D07A494B6823F0F84343EA826329
:10A040004B60D3E7764A536823F0F84343F08043EC
:10A050005360CBE7724AD36823F07C53216A43EA0A
:10A060000163D360C2E76E4A136823F08003136074
:10A07000FAF73CFD05466A4B1B6813F4807FB5D0A8
:10A08000FAF734FD401B0228F5D9032091E1644A18
:10A09000536F23F001035367FAF728FD0546604B21
:10A0A0005B6F13F0020F06D0FAF720FD401B022869
:10A0B000F5D903207DE1236813F0200F29D0A3698F
:10A0C0009BB1574A136843F480531360FAF70EFDAF
:10A0D0000546534B1B6813F4005F1AD1FAF706FDCF
:10A0E000401B0228F5D9032063E14D4A136823F48D
:10A0F00080531360FAF7FAFC0546494B1B6813F4CA
:10A10000005F06D0FAF7F2FC401B0228F5D90320C5
:10A110004FE1236813F0040F21D1636A002B00F094
:10A1200047813F4A126902F03802182A00F0EE8097
:10A13000022B79D03A4A136823F080731360FAF740
:10A14000D5FC0446364B1B6813F0007F00F0DC8022
:10A15000FAF7CCFC001B0228F4D9032029E1314A8C
:10A16000136843F480731360FAF7C0FC05462D4B67
:10A170001B6813F4807F06D1FAF7B8FC401B6428F3
:10A18000F5D9032015E1A368012B0AD00BBB244BA2
:10A190001A6F22F001021A671A6F22F004021A677E
:10A1A00004E01F4A136F43F001031367A36833B33E
:10A1B000FAF79CFC05461A4B1B6F13F0020FACD14B
:10A1C000FAF794FC401B41F288339842F3D90320FC
:10A1D000EFE0052B09D0124B1A6F22F001021A672B
:10A1E0001A6F22F004021A67E0E70D4B1A6F42F073
:10A1F00004021A671A6F42F001021A67D6E7FAF7EB
:10A2000075FC0546064B1B6F13F0020F85D0FAF75D
:10A210006DFC401B41F288339842F3D90320C8E01B
:10A220000044025800480258694A136823F08073BA
:10A230001360FAF75BFC0546654B1B6813F0007F63
:10A2400006D0FAF753FC401B0228F5D90320B0E0F2
:10A250005F4B996A5F4A0A40A16AE06A41EA0011CD
:10A260000A439A62226B013AC2F30802616B013918
:10A27000490289B20A43A16B0139090401F4FE01C4
:10A280000A43E16B0139090601F0FE410A431A63F2
:10A29000DA6A22F00102DA62596B4F4A0A40A16C75
:10A2A00042EAC1025A63DA6A22F00C02216C0A43C4
:10A2B000DA62DA6A22F00202616C0A43DA62DA6A6E
:10A2C00042F48032DA62DA6A42F40032DA62DA6A3E
:10A2D00042F48022DA62DA6A42F00102DA621A6833
:10A2E00042F080721A60FAF701FC0446384B1B6892
:10A2F00013F0007F06D1FAF7F9FB001B0228F5D90D
:10A30000032056E0002054E0002052E0304A916AD9
:10A31000106B012B4ED001F00303A26A93424BD184
:10A32000C1F30511E36A994248D1C0F30802236BD7
:10A33000013B9A4244D1C0F34622636B013B9A42EF
:10A3400040D1C0F30642A36B013B9A423CD1C0F31B
:10A350000660E36B013B984238D11D4B5B6BC3F346
:10A36000CC03A26C9A4201D1002022E0184AD36AA1
:10A3700023F00103D362FAF7B9FB0546FAF7B6FBFF
:10A38000A842FBD0124A516B134B0B40A16C43EA1D
:10A39000C1035363D36A43F00103D362002008E092
:10A3A00001207047012004E0012002E0012000E0CC
:10A3B000002038BD0120FCE70120FAE70120F8E782
:10A3C0000120F6E70120F4E70120F2E70120F0E7A1
:10A3D000004402580CFCFFFF0700FFFF744B1B6991
:10A3E00003F03803102B00F0DE80182B10D00BB1D7
:10A3F000704870476E4B1B6813F0200F00F0D5803B
:10A400006B4B1868C0F3C1006B4B23FA00F0704728
:10A4100010B4674A916A01F00301946AC4F305100D
:10A42000D36A03F0010C536BC3F3CC030CFB03F3AF
:10A4300007EE903AF8EE677A14F47C7F00F0938090
:10A44000012965D0022900F09180E1B107EE100AE0
:10A45000F8EE476A9FED596A86EE267A544B1B6BDD
:10A46000C3F3080306EE903AF8EE666A9FED546A6D
:10A4700067EE867A76EEA77AF7EE006A77EEA67A2E
:10A4800027EE277A60E0136813F0200F23D01146DF
:10A490001268C2F3C102484BD34007EE103AF8EEFF
:10A4A000476A07EE100AB8EE476A86EE867A0B6BAB
:10A4B000C3F3080306EE903AF8EE666A9FED406A31
:10A4C00067EE867A76EEA77AF7EE006A77EEA67ADE
:10A4D00027EE277A38E007EE100AF8EE476A9FED7C
:10A4E000396A86EE267A324B1B6BC3F3080306EEFD
:10A4F000903AF8EE666A9FED326A67EE867A76EEFB
:10A50000A77AF7EE006A77EEA67A27EE277A1BE0A5
:10A5100007EE100AF8EE476A9FED286A86EE267A63
:10A52000234B1B6BC3F3080306EE903AF8EE666A02
:10A530009FED236A67EE867A76EEA77AF7EE006AD9
:10A5400077EEA67A27EE277A194B1B6BC3F34623C7
:10A55000013307EE903AF8EE677AC7EE276AFCEE11
:10A56000E67A17EE900A5DF8044B704707EE100A82
:10A57000F8EE476A9FED146A86EE267A0C4B1B6B49
:10A58000C3F3080306EE903AF8EE666A9FED0C6A94
:10A5900067EE867A76EEA77AF7EE006A77EEA67A0D
:10A5A00027EE277AD0E7094870470348704700BF75
:10A5B0000044025800093D000090D0030024744A72
:10A5C000000000390024744C20BCBE4B40787D0153
:10A5D000002800F0328170B50D4604469B4B1B6885
:10A5E00003F00F038B420BD2984A136823F00F033A
:10A5F0000B431360136803F00F038B4240F01F817D
:10A60000236813F0040F0CD02269914B9B6903F06F
:10A6100070039A4205D98E498B6923F070031A435F
:10A620008A61236813F0080F0CD06269884BDB69DC
:10A6300003F070039A4205D98549CB6923F0700372
:10A640001A43CA61236813F0100F0CD0A269804B23
:10A65000DB6903F4E0639A4205D97D49CB6923F4B1
:10A66000E0631A43CA61236813F0200F0CD0E2693B
:10A67000774B1B6A03F070039A4205D974490B6A41
:10A6800023F070031A430A62236813F0020F0CD000
:10A69000E2686F4B9B6903F00F039A4205D96C493E
:10A6A0008B6923F00F031A438A61236813F0010FAB
:10A6B00041D0674A936923F47063A1680B439361A7
:10A6C0006368022B0AD0032B27D0012B2CD0604AC1
:10A6D000126812F0040F06D10120ADE0126812F4E6
:10A6E000003F00F0AE805A490A6922F00702134386
:10A6F0000B61FAF7FBF90646554B1B6903F038036B
:10A700006268B3EBC20F16D0FAF7F0F9801B41F282
:10A7100088339842F0D903208EE04D4A126812F037
:10A72000007FE0D1012087E0494A126812F4807F5F
:10A73000D9D1012080E0236813F0020F0CD0E26829
:10A74000434B9B6903F00F039A4205D240498B6942
:10A7500023F00F031A438A613C4B1B6803F00F037D
:10A76000AB420AD9394A136823F00F032B43136015
:10A77000136803F00F03AB4265D1236813F0040F95
:10A780000CD02269324B9B6903F070039A4205D2C8
:10A790002F498B6923F070031A438A61236813F0F1
:10A7A000080F0CD062692A4BDB6903F070039A42F0
:10A7B00005D22749CB6923F070031A43CA61236885
:10A7C00013F0100F0CD0A269214BDB6903F4E06396
:10A7D0009A4205D21E49CB6923F4E0631A43CA6149
:10A7E000236813F0200F0CD0E269194B1B6A03F0A9
:10A7F00070039A4205D216490B6A23F070031A437C
:10A800000A62FFF7EBFD12498B69C3F30323114A78
:10A81000D35C03F01F03D8408B6903F00F03D35CB4
:10A8200003F01F0320FA03F30B4A13600B4B18606D
:10A830000B4B1868F8F7CCFF70BD01207047012062
:10A84000FAE70120F8E70120F6E700BF00200052F8
:10A8500000440258E8980208600000245C000024CC
:10A860006800002408B5FFF7B9FD0B4A9369C3F3EC
:10A8700003230A49CB5C03F01F0320FA03F3926918
:10A8800002F00F02885C00F01F0023FA00F0044A77
:10A890001060044A136008BD00440258E89802089A
:10A8A000600000245C00002408B5FFF7DBFF054BC7
:10A8B000DB69C3F30213044AD35C03F01F03D840DF
:10A8C00008BD00BF00440258E898020808B5FFF729
:10A8D000C9FF054BDB69C3F30223044AD35C03F0D1
:10A8E0001F03D84008BD00BF00440258E898020882
:10A8F0003F230360114B1A6902F0070242609A6914
:10A9000002F4706282609A6902F00F02C2609A6972
:10A9100002F070020261DA6902F070024261DA69E3
:10A9200002F4E06282611B6A03F07003C361044BAE
:10A930001B6803F00F030B60704700BF0044025810
:10A9400000200052404B9B6A03F00303032B79D095
:10A9500070B505460E463C4A136823F080631360C9
:10A96000FAF7C4F80446384B1B6813F0006F06D0A2
:10A97000FAF7BCF8031B022BF5D9032070BD324B4C
:10A980009A6A22F47C32296842EA01329A626A6841
:10A99000013AC2F30802A9680139490289B20A439F
:10A9A000E9680139090401F4FE010A432969013902
:10A9B000090601F0FE410A439A63DA6A22F0C002F6
:10A9C00069690A43DA62DA6A22F02002A9690A4355
:10A9D000DA62DA6A22F01002DA62D96B1B4A0A40A4
:10A9E000E96942EAC102DA63DA6A42F01002DA6225
:10A9F000C6B91A46DB6A43F40023D362124A1368CD
:10AA000043F080631360FAF771F804460E4B1B683D
:10AA100013F0006F14D1FAF769F8001B0228F5D97A
:10AA20000320ABE7012E05D0074AD36A43F4001395
:10AA3000D362E3E7044AD36A43F48013D362DDE7C9
:10AA400000209BE701207047004402580700FFFFE9
:10AA5000404B9B6A03F00303032B79D070B5054686
:10AA60000E463C4A136823F080531360FAF73EF811
:10AA70000446384B1B6813F0005F06D0FAF736F82F
:10AA8000031B022BF5D9032070BD324B9A6A22F0CA
:10AA90007C72296842EA01529A626A68013AC2F3FA
:10AAA0000802A9680139490289B20A43E9680139F3
:10AAB000090401F4FE010A4329690139090601F07C
:10AAC000FE410A431A64DA6A22F4406269690A4361
:10AAD000DA62DA6A22F40072A9690A43DA62DA6A8F
:10AAE00022F48072DA62596C1B4A0A40E96942EA30
:10AAF000C1025A64DA6A42F48072DA62C6B91A464E
:10AB0000DB6A43F48003D362124A136843F0805334
:10AB10001360F9F7EBFF04460E4B1B6813F0005F60
:10AB200014D1F9F7E3FF001B0228F5D90320ABE7A6
:10AB3000012E05D0074AD36A43F08073D362E3E75E
:10AB4000044AD36A43F40003D362DDE700209BE7A5
:10AB500001207047004402580700FFFFF8B5044683
:10AB6000036813F0006F30D0836EB3F5001F26D05A
:10AB70000ED8EBB1B3F5801F07D102210830FFF7E3
:10AB8000E1FE054645B12E4621E0012635461EE090
:10AB9000B3F5401F09D10025984A136D23F44013E3
:10ABA000A16E0B431365002611E0012635460EE029
:10ABB000924AD36A43F40033D3620025ECE70221C2
:10ABC0002830FFF745FF0546DCE7002635462368B9
:10ABD00013F4807F14D0A36D042B32D8DFE803F088
:10ABE00003232A080800854AD36A43F40033D3625A
:10ABF00055BB824A136D23F00703A16D0B43136508
:10AC0000236813F4007F31D0E36D802B4CD020D823
:10AC1000002B43D0402B19D1002104F10800FFF78D
:10AC200091FE05461AE0002104F10800FFF78AFEB4
:10AC30000546DDE7002104F12800FFF709FF05467E
:10AC4000D6E701263546DBE72E46D9E7012635460D
:10AC50000CE0C02B02D0B3F5807F1CD15DBB674AEE
:10AC6000136D23F4E073E16D0B431365236813F454
:10AC7000806F46D0D4F8A830B3F5800F39D01FD8F4
:10AC80008BB3B3F5001F18D1002104F10800FFF7C2
:10AC900059FE05461AE001263546E7E7574AD36ACA
:10ACA00043F40033D362D9E7002104F12800FFF711
:10ACB000CFFE0546D2E72E46D8E70126354620E0EE
:10ACC000B3F5C00F02D0B3F5000F09D1C5B94B4A97
:10ACD000936D23F46003D4F8A8100B43936510E040
:10ACE000012635460DE0454AD36A43F40033D3626A
:10ACF000ECE7002104F12800FFF7AAFE0546E5E78E
:10AD00002E46236813F4006F24D0D4F8AC30B3F18E
:10AD1000007F42D00ED8002B39D0B3F1807F06D10E
:10AD2000002104F10800FFF70DFE054608E00126AA
:10AD300035460FE0B3F1407F02D0B3F1806F23D1ED
:10AD4000002D31D12D4A936D23F0E063D4F8AC107F
:10AD50000B439365236813F0007F2ED0E36C202B08
:10AD600040D026D833B1102B20D1244AD36A43F4E3
:10AD70000033D362002D3CD1204AD36C23F0300342
:10AD8000E16C0B43D36418E001263546E2E71B4A29
:10AD9000D36A43F40033D362D2E7002104F12800E0
:10ADA000FFF756FE0546CBE72E46D3E7012635468C
:10ADB00003E0302BDED001263546236813F4805F94
:10ADC0002DD0236EB3F5005F4FD019D8002B46D09D
:10ADD000B3F5805F0FD1002104F10800FFF7B2FD49
:10ADE000054613E0022104F10800FFF7ABFD05461C
:10ADF000C0E72E46E1E70126354610E00044025840
:10AE0000B3F5405F02D0B3F5804F25D1002D33D18B
:10AE1000774A136D23F4E043216E0B4313652368D7
:10AE200013F4005F38D0636EB3F5003F53D028D8D9
:10AE300043B1B3F5803F21D1012104F10800FFF7B0
:10AE400081FD0546002D4DD1694A136D23F4E023A1
:10AE5000616E0B4313651FE001263546DFE7644A48
:10AE6000D36A43F40033D362D0E7002104F1280011
:10AE7000FFF7EEFD0546C9E72E46D0E70126354629
:10AE80000AE0B3F5802FDDD0B3F5A02FDAD0B3F50B
:10AE9000403FD7D001263546236813F4804F31D088
:10AEA000D4F8B030B3F1005F45D020D843B1B3F14E
:10AEB000805F19D1012104F10800FFF743FD054629
:10AEC000002D3FD14A4A936D23F0E043D4F8B010EF
:10AED0000B43936516E0012104F12800FFF7B8FD4C
:10AEE0000546AFE72E46D7E7012635460AE0B3F11F
:10AEF000804FE5D0B3F1A04FE2D0B3F1405FDFD097
:10AF000001263546236813F4004F09D0236FB3F1AF
:10AF1000805F19D0B3F1005F24D0D3B1012635464C
:10AF2000236813F0807F33D0A36C032B5BD8DFE85A
:10AF300003F027225327012104F12800FFF788FDA1
:10AF40000546BDE72E46DDE7294AD36A43F40033C0
:10AF5000D36275B9264A136D23F04053216F0B431A
:10AF60001365DDE7012104F10800FFF7EBFC05465E
:10AF7000EFE72E46D4E71E4AD36A43F40033D36288
:10AF8000A5BB1B4AD36C23F00303A16C0B43D36412
:10AF9000236813F4800F2DD1236813F0010F00F004
:10AFA000A580E36F282B00F29F80DFE803F08D9DE2
:10AFB0009D9D9D9D9D9D879D9D9D9D9D9D9D969DDE
:10AFC0009D9D9D9D9D9D8D9D9D9D9D9D9D9D8D9DD1
:10AFD0009D9D9D9D9D9D8D00022104F10800FFF720
:10AFE000B1FC0546CCE701263546D1E72E46CFE732
:10AFF00000440258914A136843F480731360F9F7D0
:10B0000075FD07468D4B1B6813F4807F05D1F9F75A
:10B010006DFDC01B6428F5D90325002D4AD1884B4E
:10B020001B6FD4F8B420534013F4407F0CD0844BF2
:10B030001A6F22F44072196F41F480311967196F49
:10B0400021F4803119671A67D4F8B430B3F5807FE2
:10B0500015D08DBBD4F8B43003F44072B2F5407F04
:10B060001ED0774A136923F47C53136174490B6F24
:10B07000D4F8B420C2F30B0213430B678CE7F9F743
:10B0800035FD07466E4B1B6F13F0020FE1D1F9F748
:10B090002DFDC01B41F288339842F3D90325D8E730
:10B0A0006748026922F47C52664901EA131313438C
:10B0B0000361DBE72E466FE72E466DE7012104F1C1
:10B0C0000800FFF73FFC0546E5B95D4A536D23F0E4
:10B0D0003803E16F0B43536508E0012104F12800B8
:10B0E000FFF7B6FC0546EFE701263546236813F067
:10B0F000020F17D0A36F052B28D8DFE803F00B054C
:10B10000200B0B0B2E46F1E7012104F10800FFF79D
:10B1100019FC0546EDB94A4A536D23F00703A16FA8
:10B120000B435365236813F0040F23D0D4F89430F5
:10B13000052B45D8DFE803F0150F3D151515012146
:10B1400004F12800FFF784FC0546E3E701263546B5
:10B15000E8E72E46E6E7012104F10800FFF7F2FBDD
:10B16000054685BB364A936D23F00703D4F8941047
:10B170000B439365236813F0200F34D0D4F890303C
:10B18000B3F1005F4ED023D843B1B3F1805F1CD13F
:10B19000002104F10800FFF7D5FB0546002D48D13A
:10B1A000274A536D23F0E043D4F890100B435365C6
:10B1B00019E0012104F12800FFF74AFC0546D0E719
:10B1C00001263546D6E72E46D4E7012635460AE065
:10B1D000B3F1804FE2D0B3F1A04FDFD0B3F1405FC5
:10B1E000DCD001263546236813F0400F37D0D4F861
:10B1F0009C30B3F5006F53D026D843B1B3F5806FC0
:10B2000019D1002104F10800FFF79CFB0546002D31
:10B210004DD10B4A936D23F4E053D4F89C100B43AB
:10B2200093651CE0022104F12800FFF711FC05469C
:10B23000B4E72E46D7E70126354610E0004802580D
:10B2400000440258CFFFFF00B3F5805FDFD0B3F5B5
:10B25000A05FDCD0B3F5406FD9D001263546236816
:10B2600013F0800F33D0D4F8A030B3F5804F00F046
:10B27000A38021D843B1B3F5005F1AD1002104F1B6
:10B280000800FFF75FFB0546002D40F09C80814AD7
:10B29000936D23F46043D4F8A0100B43936516E03C
:10B2A000022104F12800FFF7D3FB0546AFE72E4645
:10B2B000D5E7012635460AE0B3F5004FE4D0B3F5F3
:10B2C000204FE1D0B3F5C04FDED0012635462368CC
:10B2D00013F0080F0CD0D4F88430B3F5805F74D02D
:10B2E0006C4A536D23F44053D4F884100B435365D8
:10B2F000236813F0100F0CD0D4F89830B3F5807F8A
:10B300006CD0644A936D23F44073D4F898100B43C7
:10B310009365236813F4002F0BD0D4F8A430B3F551
:10B32000803F74D0B3F5003F67D0002B5FD001267B
:10B330003546236813F4802F0CD0D4F88830B3F549
:10B34000001F7CD0B3F5401F6FD0B3F5801F67D0CE
:10B3500001263546236813F4803F08D0236D002B67
:10B3600076D0B3F5803F00F0818001263546236812
:10B3700013F0005F40F08380236813F4003F00F077
:10B380008E80D4F88030B3F5807F00F0EC8040F2FE
:10B390008380B3F5007F03D0B3F5407F40F0E180B8
:10B3A000002D40F0E6803B4A536D23F44073D4F8FF
:10B3B00080100B43536572E0022104F12800FFF76F
:10B3C00047FB054660E72E4681E7022104F128008D
:10B3D000FFF73EFB002883D0012681E7022104F11C
:10B3E0002800FFF735FB00288BD0012689E70021D4
:10B3F00004F10800FFF7A6FA05467DB9254A936DCA
:10B4000023F44033D4F8A4100B43936591E7022151
:10B4100004F12800FFF71CFB0546EEE72E4688E7FF
:10B420001C4AD36A43F40033D3627DB9194A536D81
:10B4300023F44013D4F888100B4353658AE70121A5
:10B4400004F12800FFF704FB0546EEE72E4681E7EE
:10B45000104AD36A43F40033D36275B90D4AD36CF2
:10B4600023F48033216D0B43D36480E7022104F180
:10B470000800FFF767FA0546EFE72E4677E7022157
:10B4800004F12800FFF7E4FA00283FF475AF012625
:10B4900072E700BF00440258002B81D001262368C8
:10B4A00013F4801F06D04F4A136D23F00043616FE1
:10B4B0000B431365236813F0805F07D0494A136973
:10B4C00023F48043D4F8B8100B431361236813F4BA
:10B4D000001F06D0434A136D23F08073E16E0B43C7
:10B4E0001365236813F0804F09D03E4B1A6922F48C
:10B4F00000421A611A69D4F8BC100A431A61236821
:10B50000002B06DA374AD36C23F04053616D0B43AE
:10B51000D364236813F4000F07D0324A536D23F429
:10B520004003D4F88C100B435365636813F0010F8C
:10B5300021D1636813F0020F26D1636813F0040F62
:10B540002BD1636813F0080F30D1636813F0100F2C
:10B5500035D1636813F0200F3AD106B10126304689
:10B56000F8BD01269BE71F4AD36A43F40033D36238
:10B5700016E72E4693E7002104F10800FFF7E2F9F1
:10B580000028D6D00646D4E7012104F10800FFF7D1
:10B59000D9F90028D1D00646CFE7022104F10800EE
:10B5A000FFF7D0F90028CCD00646CAE7002104F105
:10B5B0002800FFF74DFA0028C7D00646C5E701214D
:10B5C00004F12800FFF744FA0028C2D00646C0E77D
:10B5D000022104F12800FFF73BFA0028BDD00646FF
:10B5E000BBE700BF0044025808B5FFF73BF9054B25
:10B5F0001B6AC3F30213044AD35C03F01F03D84051
:10B6000008BD00BF00440258E898020810B5774A08
:10B61000916A946AC4F3053ED36AC3F3001CD36BEA
:10B62000C3F3CC030CFB03F314F47C3F00F0D8808D
:10B6300001F0030107EE903AF8EE677A012965D030
:10B64000022900F0B080E1B107EE10EAB8EE477AC7
:10B650009FED676AC6EE076A644B9B6BC3F30803F2
:10B6600007EE103AB8EE477A9FED626A67EE867A87
:10B6700077EE277AB7EE007A77EE877A66EEA76ADA
:10B6800060E0136813F0200F23D011461268C2F354
:10B69000C102594BD34007EE103AB8EE477A06EE96
:10B6A00090EAB8EE666AC7EE066A8B6BC3F30803CE
:10B6B00007EE103AB8EE477A9FED4E6A67EE867A4B
:10B6C00077EE277AB7EE007A77EE877A66EEA76A8A
:10B6D00038E007EE10EAB8EE477A9FED486AC6EE0A
:10B6E000076A424B9B6BC3F3080307EE103AB8EEB0
:10B6F000477A9FED406A67EE867A77EE277AB7EE53
:10B70000007A77EE877A66EEA76A1BE007EE10EA0A
:10B71000B8EE477A9FED366AC6EE076A334B9B6BED
:10B72000C3F3080307EE103AB8EE477A9FED316A8B
:10B7300067EE867A77EE277AB7EE007A77EE877A29
:10B7400066EEA76A294A936BC3F3462307EE103AC5
:10B75000B8EE477AB7EE006A37EE067AC6EE877A19
:10B76000FCEEE77AC0ED007A936BC3F3064307EE75
:10B77000103AB8EE477A37EE067AC6EE877AFCEED4
:10B78000E77AC0ED017A936BC3F3066307EE903A54
:10B79000F8EE677A77EE867A86EEA77ABCEEC77AFD
:10B7A00080ED027A10BD07EE10EAB8EE477A9FED01
:10B7B000146AC6EE076A0D4B9B6BC3F3080307EED2
:10B7C000103AB8EE477A9FED0B6A67EE867A77EE0D
:10B7D000277AB7EE007A77EE877A66EEA76AB1E746
:10B7E0000023036043608360DCE700BF004402582D
:10B7F0000024744A000000390090D0030024744CE7
:10B8000020BCBE4B10B5774A916A946AC4F3055EBA
:10B81000D36AC3F3002C536CC3F3CC030CFB03F3C8
:10B8200014F07C7F00F0D88001F0030107EE903A1D
:10B83000F8EE677A012965D0022900F0B080E1B105
:10B8400007EE10EAB8EE477A9FED676AC6EE076A20
:10B85000644B1B6CC3F3080307EE103AB8EE477A4B
:10B860009FED626A67EE867A77EE277AB7EE007A06
:10B8700077EE877A66EEA76A60E0136813F0200F10
:10B8800023D011461268C2F3C102594BD34007EED0
:10B89000103AB8EE477A06EE90EAB8EE666AC7EE5E
:10B8A000066A0B6CC3F3080307EE103AB8EE477A4A
:10B8B0009FED4E6A67EE867A77EE277AB7EE007ACA
:10B8C00077EE877A66EEA76A38E007EE10EAB8EE00
:10B8D000477A9FED486AC6EE076A424B1B6CC3F37A
:10B8E000080307EE103AB8EE477A9FED406A67EE1C
:10B8F000867A77EE277AB7EE007A77EE877A66EE69
:10B90000A76A1BE007EE10EAB8EE477A9FED366AA9
:10B91000C6EE076A334B1B6CC3F3080307EE103AFD
:10B92000B8EE477A9FED316A67EE867A77EE277A2E
:10B93000B7EE007A77EE877A66EEA76A294A136C2B
:10B94000C3F3462307EE103AB8EE477AB7EE006A23
:10B9500037EE067AC6EE877AFCEEE77AC0ED007A1B
:10B96000136CC3F3064307EE103AB8EE477A37EE8E
:10B97000067AC6EE877AFCEEE77AC0ED017A136CA0
:10B98000C3F3066307EE903AF8EE677A77EE867AAD
:10B9900086EEA77ABCEEC77A80ED027A10BD07EE7C
:10B9A00010EAB8EE477A9FED146AC6EE076A0D4BAF
:10B9B0001B6CC3F3080307EE103AB8EE477A9FED0D
:10B9C0000B6A67EE867A77EE277AB7EE007A77EE23
:10B9D000877A66EEA76AB1E700230360436083605D
:10B9E000DCE700BF004402580024744A000000391C
:10B9F0000090D0030024744C20BCBE4B10B5774A95
:10BA0000916A946AC4F3051ED36A03F0010C536B68
:10BA1000C3F3CC030CFB03F314F47C7F00F0D88059
:10BA200001F0030107EE903AF8EE677A012965D03C
:10BA3000022900F0B080E1B107EE10EAB8EE477AD3
:10BA40009FED676AC6EE076A644B1B6BC3F308037E
:10BA500007EE103AB8EE477A9FED626A67EE867A93
:10BA600077EE277AB7EE007A77EE877A66EEA76AE6
:10BA700060E0136813F0200F23D011461268C2F360
:10BA8000C102594BD34007EE103AB8EE477A06EEA2
:10BA900090EAB8EE666AC7EE066A0B6BC3F308035A
:10BAA00007EE103AB8EE477A9FED4E6A67EE867A57
:10BAB00077EE277AB7EE007A77EE877A66EEA76A96
:10BAC00038E007EE10EAB8EE477A9FED456AC6EE19
:10BAD000076A424B1B6BC3F3080307EE103AB8EE3C
:10BAE000477A9FED406A67EE867A77EE277AB7EE5F
:10BAF000007A77EE877A66EEA76A1BE007EE10EA17
:10BB0000B8EE477A9FED396AC6EE076A334B1B6B76
:10BB1000C3F3080307EE103AB8EE477A9FED316A97
:10BB200067EE867A77EE277AB7EE007A77EE877A35
:10BB300066EEA76A294A136BC3F3462307EE103A51
:10BB4000B8EE477AB7EE006A37EE067AC6EE877A25
:10BB5000FCEEE77AC0ED007A136BC3F3064307EE01
:10BB6000103AB8EE477A37EE067AC6EE877AFCEEE0
:10BB7000E77AC0ED017A136BC3F3066307EE903AE0
:10BB8000F8EE677A77EE867A86EEA77ABCEEC77A09
:10BB900080ED027A10BD07EE10EAB8EE477A9FED0D
:10BBA000146AC6EE076A0D4B1B6BC3F3080307EE5E
:10BBB000103AB8EE477A9FED0B6A67EE867A77EE19
:10BBC000277AB7EE007A77EE877A66EEA76AB1E752
:10BBD0000023036043608360DCE700BF0044025839
:10BBE0000024744C000000390090D0030024744AF3
:10BBF00020BCBE4B00B58BB0A0F580730B432ED09C
:10BC0000A0F500730B437ED0A0F580630B4300F0DA
:10BC1000D480A0F500630B4300F02C81A0F5805385
:10BC20000B4300F08B81A0F500530B4300F0E38140
:10BC3000A0F500230B4300F02C82A0F580330B43CA
:10BC400000F06F82A0F580430B4300F09082A0F5D6
:10BC5000004050EA010300F0D382002001E3954B3D
:10BC60001B6D03F00703042B00F2F282DFE803F000
:10BC700005101B0326009048F3E28E4B186810F065
:10BC8000007000F0EE8207A8FFF7B8FE0898E8E21F
:10BC9000884B186810F0006000F0E38204A8FFF7FA
:10BCA000B5FC0498DDE2834B186810F0005000F0FA
:10BCB000D88201A8FFF7A6FD0198D2E27D4AD36C95
:10BCC00003F04053126812F0040F07D033B9794BD8
:10BCD0001B68C3F3C1037948D840C2E2754A1268B1
:10BCE00012F4807F03D0B3F1805F00F0B382714A19
:10BCF000126812F4003F00F0AF82B3F1005F00F071
:10BD0000AD820020ADE26B4B1B6D03F4E073802B22
:10BD100033D015D9C02B00F0A382B3F5807F1FD19B
:10BD2000644AD36C03F04053126812F0040F2FD012
:10BD300073BB604B1B68C3F3C1036048D84090E2FB
:10BD400083B1402B0AD15B4B186810F0006000F003
:10BD5000888204A8FFF75AFC049882E2002080E25F
:10BD600000207EE2534B186810F0007000F07982DA
:10BD700007A8FFF743FE089873E24E4B186810F0CF
:10BD8000005000F06E8201A8FFF73CFD019868E2C8
:10BD9000484A126812F4807F03D0B3F1805F00F04C
:10BDA0006382444A126812F4003F00F05F82B3F1EC
:10BDB000005F00F05D82002053E23E4B9B6D03F478
:10BDC0006003B3F5800F35D016D9B3F5C00F00F07E
:10BDD0005182B3F5000F20D1364AD36C03F04053A3
:10BDE000126812F0040F30D07BBB324B1B68C3F3D8
:10BDF000C1033248D84034E28BB1B3F5001F0AD1F9
:10BE00002C4B186810F0006000F02B8204A8FFF79C
:10BE1000FDFB049825E2002023E2002021E2254BCF
:10BE2000186810F0007000F01C8207A8FFF7E6FD0C
:10BE3000089816E21F4B186810F0005000F01182AD
:10BE400001A8FFF7DFFC01980BE21A4A126812F40E
:10BE5000807F03D0B3F1805F00F00E82154A126834
:10BE600012F4003F00F00A82B3F1005F00F0088294
:10BE70000020F6E10F4B9B6D03F0E063B3F1007F10
:10BE80003CD01DD9B3F1407F00F0FC81B3F1806F4D
:10BE900027D1084AD36C03F04053126812F0040F04
:10BEA00037D0002B35D1034B1B68C3F3C1030348C4
:10BEB000D840D6E1004402580080BB000090D00377
:10BEC0008BB1B3F1807F0AD19A4B186810F00060F3
:10BED00000F0C78104A8FFF799FB0498C1E1002096
:10BEE000BFE10020BDE1934B186810F0007000F036
:10BEF000B88107A8FFF782FD0898B2E18D4B18685A
:10BF000010F0005000F0AD8101A8FFF77BFC019814
:10BF1000A7E1884A126812F4807F03D0B3F1805FF2
:10BF200000F0B281834A126812F4003F00F0AE8143
:10BF3000B3F1005F00F0AC81002092E17D4B1B6DFE
:10BF400003F4E043B3F5005F35D016D9B3F5405F95
:10BF500000F0A081B3F5804F20D1764AD36C03F076
:10BF60004053126812F0040F30D07BBB714B1B683A
:10BF7000C3F3C1037048D84073E18BB1B3F5805F60
:10BF80000AD16C4B186810F0006000F06A8104A8B8
:10BF9000FFF73CFB049864E1002062E1002060E1CF
:10BFA000644B186810F0007000F05B8107A8FFF781
:10BFB00025FD089855E15F4B186810F0005000F01F
:10BFC000508101A8FFF71EFC01984AE1594A126806
:10BFD00012F4807F03D0B3F1805F00F05D81554A99
:10BFE000126812F4003F00F05981B3F1005F00F0D5
:10BFF0005781002035E14F4B1B6D03F4E023B3F56F
:10C00000403F32D016D8B3F5803F23D0B3F5003F80
:10C010000AD1484B186810F0005000F0228101A8A6
:10C02000FFF7F0FB02981CE113B9FEF73DFC18E1A5
:10C03000002016E1B3F5802F23D0B3F5A02F07D150
:10C040003C4B186810F4003000F00B813B4808E1CD
:10C05000002006E1374B186810F0006000F0018105
:10C0600004A8FFF7D3FA0598FBE0324B186810F0EC
:10C07000040000F0F6801B68C3F3C1032E48D840CB
:10C08000EFE02C4B186810F4807000F0EA802C4828
:10C09000E7E0284B9B6D03F44033B3F5803F10D0AD
:10C0A000B3F5003F18D00BB10020DAE0214B18683F
:10C0B00010F0006000F0D58004A8FFF7A7FA0498FC
:10C0C000CFE01C4B186810F0005000F0CA8001A8A7
:10C0D000FFF798FB0398C4E0164AD36C03F0405373
:10C0E000126812F0040F07D033B9124B1B68C3F368
:10C0F000C1031148D840B4E00E4A126812F4807FA0
:10C1000003D0B3F1805F00F0CD800A4A126812F4C8
:10C11000003F00F0C980B3F1005F00F0C78000204D
:10C120009FE0044BDB6C13F480330BD0ABB90020E1
:10C1300097E000BF004402580090D00340787D0192
:10C1400000093D005A4B186810F0007000F089801B
:10C1500007A8FFF753FC089883E0554B186810F0C8
:10C1600000607ED004A8FFF751FA069879E0504BA2
:10C170009B6D03F0E043B3F1405F2FD015D8B3F1CE
:10C18000805F21D0B3F1005F09D1494B186810F0EE
:10C19000005066D001A8FFF735FB029861E013B9A3
:10C1A000FFF722FA5DE000205BE0B3F1804F20D082
:10C1B000B3F1A04F06D13E4B186810F4003050D0B8
:10C1C0003C484EE000204CE0394B186810F000600D
:10C1D00047D004A8FFF71AFA059842E0344B1868D4
:10C1E00010F004003DD01B68C3F3C1033248D840AF
:10C1F00037E02F4B186810F4807032D02F4830E0B1
:10C200002B4B1B6D03F04053B3F1805F0CD0B3F1A7
:10C21000005F13D00BB1002023E0254B186810F409
:10C2200000301ED023481CE0214B186810F000702D
:10C2300017D007A8FFF7E2FB089812E01C4B18681C
:10C2400010F000600DD004A8FFF7E0F9059808E0B1
:10C25000002006E0194804E0002002E0154800E054
:10C2600017480BB05DF804FB1448FAE70020F8E724
:10C270001048F6E71248F4E71048F2E70020F0E72C
:10C280000C48EEE70E48ECE70C48EAE70020E8E748
:10C290000848E6E70A48E4E70848E2E70020E0E764
:10C2A0000448DEE70548DCE70020DAE70148D8E784
:10C2B0000044025840787D010090D00300093D0001
:10C2C0000080BB0000283BD038B50446437AB3B1A8
:10C2D000022363722268136823F0200361680B4312
:10C2E00013602268136843F00403136023685B68DB
:10C2F00013F0400F07D004236372012038BD03728E
:10C30000F7F756F9E4E7F8F7F1FB054623685B68B1
:10C3100013F0040F0FD0F8F7E9FB401B0228F5D902
:10C3200023685B6813F0040FF0D0042363720223C8
:10C33000E3600120E2E7012363720020E060DDE7B3
:10C340000120704738B5044603680A4ADA60F8F7F6
:10C35000CDFB05462368DB6813F0200F07D1F8F703
:10C36000C5FB401BB0F57A7FF4D9032000E0002024
:10C3700038BD00BF5FFF030070B50368DA6812F0D4
:10C38000400F02D00025284670BD04464FF0FF3212
:10C39000DA60F8F7ABFB064600252368DB6813F08C
:10C3A000400FF0D1032DEED0F8F7A0FB831BB3F5BF
:10C3B0007A7FF2D9032584F82150EEE710B50446C0
:10C3C000114BDA6822F08002DA609B6813F0200FCC
:10C3D00007D1FFF7B7FF0346A0B1032384F821304C
:10C3E00010E0094A936823F020039360FFF7AAFF47
:10C3F000034610B1032384F8213003498A6842F0D0
:10C4000020028A60184610BD0040005800284AD01B
:10C4100038B5044690F8213063B1022384F8213006
:10C420002368DA6812F0100F09D00020012384F885
:10C43000213038BD80F82030F7F704F9EDE7CA2243
:10C440005A62236853225A622046FFF795FF90B143
:10C4500058B92268D36C23F00303D3642168CB6CF2
:10C46000E26965692A431343CB642368FF225A6259
:10C470000028DED1DAE7226891680C4B0B4093600C
:10C4800021688A68636820690343A06903431343F2
:10C490008B60A168E368226843EA01431361204688
:10C4A000FFF78CFFD4E70120704700BFBFFF8FFF6D
:10C4B0000368503343F8212070470368503353F822
:10C4C0002100704770B582B00446002301930068D4
:10C4D00003F054FA054610B1284602B070BD20683A
:10C4E00003F088FDB0F1004F07D00123E363E36B55
:10C4F000012B0BD02E46284614E00023E36320686E
:10C5000003F03CFA0028F2D00546E5E70021206858
:10C5100003F0BBFB0028EDD04FF08055DCE7019B1A
:10C5200001330193019A4FF6FE739A4213D896B9DC
:10C530000021206803F0A9FBD0B91249206803F05C
:10C54000A5FC0646B0B90021206803F002FAC30F2B
:10C55000E5D01E46E3E7019A4FF6FE739A420CD8E7
:10C560000023A36310F080430AD00123A363B3E741
:10C570000546B1E74FF08055AEE74FF08075ABE769
:10C580001D46A9E7000010C170B5446A836A1F2BDD
:10C5900015D870BD306803F0B5F92070C0F30723DB
:10C5A0006370C0F30743A370000EE07004340135DC
:10C5B000072DEFD97462B36A203BB362E9E7064600
:10C5C0000025F5E770B582B0C469036A1F2B1CD83B
:10C5D00002B070BD23780193627843EA022301938D
:10C5E000A27843EA02430193E27843EA02630193AB
:10C5F000043401A9306803F088F90135072DE9D921
:10C60000F461336A203B3362E2E706460025F5E732
:10C61000F0B587B005460E46F8F768FA07460021E0
:10C62000286803F096F910F0007F64D14021286853
:10C6300003F068FA034610B16A6B6A635DE0696CE7
:10C640000904286803F021FB034610B16A6B6A6392
:10C6500053E04FF0FF330093402301936023029394
:10C66000022303930023049301230593694628685A
:10C6700003F072F9286803F06CFB034680B16A6B23
:10C680006A633AE0286803F03DF946F8040B013488
:10C69000072CF7D9F8F72AFAC01BB0F1FF3F2FD0CB
:10C6A0002B685C6B14F4957404D15B6B13F4004F2E
:10C6B000F0D0EDE75A6B12F0080F24D15A6B12F04C
:10C6C000020F22D15B6B13F0200F20D12868436B3F
:10C6D00013F480530CD003F015F946F8040BF8F767
:10C6E00005FAC01BB0F1FF3FF0D14FF0004304E06A
:10C6F000084A826301E04FF40063184607B0F0BDBA
:10C700004FF00043F9E70823F7E70223F5E720237A
:10C71000F3E700BF3A0F0018F0B589B004460F46A2
:10C72000F8F7E4F9054600230093019308212068F7
:10C7300003F0E8F9064610B1304609B0F0BD616C6F
:10C740000904206803F0A1FA06460028F4D14FF04E
:10C75000FF330293082303933023049302230593AA
:10C76000002306930123079302A9206803F0F4F83D
:10C77000206803F0BCFA064630B1DDE7F8F7B6F9F9
:10C78000431BB3F1FF3F46D02068426B40F22A536F
:10C790001A420ED1436B13F4002FEFD1002EEDD1CE
:10C7A00003F0B0F80090206803F0ACF80190013677
:10C7B000E4E7436B13F0080F24D1436B13F0020F2F
:10C7C00023D1466B16F0200622D1144B8363019AC5
:10C7D000130203F47F0343EA0263110A01F47F4169
:10C7E0000B4343EA12633B60009A130203F47F0396
:10C7F00043EA0263110A01F47F410B4343EA1263E7
:10C800007B6099E70826866396E70226866393E7AE
:10C810002026866390E74FF000468DE73A0F001818
:10C8200010B582B00446002100910191006803F028
:10C8300090F810F0007F13D169462046FFF76CFF97
:10C8400080B9019B13F4802F0ED0616C090420681D
:10C8500003F01BFA30B90221206803F02FFA01E03F
:10C860004FF4006002B010BD4FF08060FAE710B5E1
:10C8700082B00446002100910191006803F069F83C
:10C8800010F0007F13D169462046FFF745FF80B9BD
:10C89000019B13F4803F0ED0616C0904206803F003
:10C8A000F4F930B90021206803F008FA01E04FF4F0
:10C8B000006002B010BD4FF08060FAE770B581B142
:10C8C00004460E46416C0904006803F029FA054647
:10C8D00008B1284670BD0021206803F03AF83060A6
:10C8E000F7E74FF00065F4E72DE9F04186B0044624
:10C8F000002949D016461F46884690F83050EDB2C0
:10C90000012D5AD100234363D319026D934241D8BC
:10C91000032380F8303003680022DA6261627B0210
:10C920008362826B012A00D076024FF0FF320092C0
:10C93000019390230293022303930023049305930E
:10C940006946206803F008F82268D36843F0400382
:10C95000D3602368C3F85880236801221A65974280
:10C960001DD98223E3623146206803F0FDF8E8B167
:10C970002368144A9A63636B18436063012384F845
:10C9800030300023E36219E0436B43F000634363FC
:10C99000012513E0436B43F0007343630EE08123F2
:10C9A000E3623146206803F0C6F8E0E72268D36B03
:10C9B00043F49573D363002500E00225284606B0B2
:10C9C000BDE8F081FF0FE01F2DE9F04186B004467D
:10C9D000002948D016461F46884690F83050EDB2E0
:10C9E000012D59D100234363D319026D934240D8DE
:10C9F000032380F8303003680022DA62E1617B02B1
:10CA00000362826B012A00D076024FF0FF3200925F
:10CA100001939023029300230393049305936946A3
:10CA2000206802F099FF2268D36843F04003D36086
:10CA30002368C3F85880236801221A6597421DD9DC
:10CA4000A023E3623146206803F0C0F8E8B1236810
:10CA5000144A9A63636B18436063012384F830308F
:10CA60000023E36219E0436B43F000634363012555
:10CA700013E0436B43F0007343630EE09023E362E3
:10CA80003146206803F089F8E0E72268D36B43F46D
:10CA90008D73D363002500E00225284606B0BDE86B
:10CAA000F08100BFFF0FE01F70470000C36D9B0FB8
:10CAB0000B70C36DC3F383634B7090F85F3003F06A
:10CAC00003038B7090F85E30CB7090F85D300B7183
:10CAD00090F85C304B71036E1B0DCB80B0F8623068
:10CAE00003F00F030B72036EC3F3C0334B72036E7C
:10CAF000C3F380338B72036EC3F34033CB72036E88
:10CB0000C3F300330B7300234B73836B002B40F094
:10CB10008680026E40F6FC7303EA8203426E43EAAB
:10CB200092730B61436EC3F3C2630B7590F8673069
:10CB300003F007034B75436EC3F342538B75436E8B
:10CB4000C3F38243CB75436EC3F3C2330B760B69D9
:10CB5000013383640A7E02F0070202329340836449
:10CB60000A7A02F00F0C012202FA0CF2C264520A95
:10CB700002FB03F303654FF400734365436EC3F395
:10CB800080334B76436EC3F3C6138B76436E03F04C
:10CB90007F03CB76836EDB0F0B77836EC3F341731A
:10CBA0004B77836EC3F382638B77836EC3F38353B8
:10CBB000CB77836EC3F3405381F82030002381F894
:10CBC0002130B0F86A2002F0010281F82220826E42
:10CBD000C2F3C03281F82320826EC2F3803281F822
:10CBE0002420826EC2F3403281F82520826EC2F387
:10CBF000003281F82620826EC2F3812281F827203C
:10CC0000826EC2F3012281F82820826EC2F34602AE
:10CC100081F82920012281F82A2018467047012B2B
:10CC200011D1036E1B0403F47C13B0F86620134388
:10CC30000B610B6901339B02836403654FF400733E
:10CC4000C36443659AE70368054A9A63436B43F0FC
:10CC500080534363012380F830301846704700BF8B
:10CC6000FF0FE01F30B58DB004460023ADF8023051
:10CC7000F7F73CFF0546206802F052FE002867D017
:10CC8000A36B032B17D1A36B032B2FD0BDF802305E
:10CC900063BB0DF10201206803F060F90346002830
:10CCA00058D1F7F723FF431B41F287329342EDD966
:10CCB0004FF000434EE0206803F094F8034600284C
:10CCC00048D10021206802F044FEE066042120687B
:10CCD00002F03FFE20670821206802F03AFE6067FC
:10CCE0000C21206802F035FEA067CCE7A36B032B74
:10CCF0001CD0BDF8021061640904206803F088F8B4
:10CD0000034638BB0021206802F023FEE0650421C1
:10CD1000206802F01EFE20660821206802F019FE3D
:10CD200060660C21206802F014FEA06604212068D1
:10CD300002F00FFE000D206401A92046FFF7B6FEA9
:10CD400058B9616C0904206802F086FF034601E0CF
:10CD50004FF0806318460DB030BD4FF08053F9E7B7
:10CD600070B588B00446002303930493059306939B
:10CD70004FF480300021FEF73DFF38B9012084F8E0
:10CD800030004FF00063636308B070BD0646050ACB
:10CD9000234BA3FB05352D09079508AB13E90300C9
:10CDA0008DE8030003AB0ECB206802F093FD2068F2
:10CDB00002F0B0FD15B16D00B6FBF5F65EB9204688
:10CDC000FFF780FB024668B1012084F83000636BF6
:10CDD00013436363D8E71348B0FBF6F00130F7F76D
:10CDE0008BFEECE72046FFF73DFF024630B1012005
:10CDF00084F83000636B13436363C5E74FF400713D
:10CE0000206802F07FFE08B90020BDE723680649CC
:10CE10009963636B03436363012084F83000B3E7D5
:10CE2000598B4F0110210100FF0FE01F30B591B069
:10CE300090F83030DBB2032B59D004460D466946DA
:10CE4000FFF7E6FBB8B123682B499963636B034393
:10CE50006363012584F830504FF40071206802F0BC
:10CE600051FE002844D02268234991636063012564
:10CE700084F830503CE0009AC2F381132B70C2F367
:10CE800040136B70130A23F0FF0343EA12639BB253
:10CE90006B80019A130203F47F0343EA0263110AD1
:10CEA00001F47F410B4343EA12636B60029BDAB2E9
:10CEB0002A72C3F307226A72C3F30352AA721B0CCD
:10CEC000039AD1B223F0FF030B43AB81C2F3852356
:10CED000AB73C2F30123EB73C2F303132B7402F0A1
:10CEE0000F026A749DF81330AB740025B4E7012576
:10CEF000284611B030BD00BFFF0FE01F836B0B60F1
:10CF0000C36B4B60036C8B60436CCB60836C0B61B9
:10CF1000C36C4B61036D8B61436DCB610020704727
:10CF200030B589B004460D46032380F83030836B5A
:10CF3000032B1CD0B1F5004F08D0B1F5804F0AD0BB
:10CF400079B1436B43F00063436314E0436B43F0F8
:10CF5000805343630FE0FFF763FC636B034363633A
:10CF600009E0FFF784FC636B0343636303E0436BF7
:10CF700043F080534363636BB3B123683A4A9A63C7
:10CF800001254FF40071206802F0BCFD30B1236828
:10CF900035499963636B034363630125012384F877
:10CFA0003030284609B030BD4FF480300021FEF704
:10CFB00021FE0246002850D063680393A3680493BF
:10CFC0000595236906936169284BA3FB0203180E9C
:10CFD000B1EB136F0CD3079108AB13E903008DE895
:10CFE000030003AB0ECB206802F074FC0025C8E7F9
:10CFF000A36DB3F5007F08D0B3F5807F07D011BBD8
:10D000001B4B9A421DD90790E6E70791E4E751B917
:10D01000184B9A4205D9154BA3FB02235B0E0793CD
:10D02000DAE70791D8E74B00B2FBF3F311488342EC
:10D0300005D90E4BA3FB02235B0E0793CCE70791A8
:10D04000CAE70791C8E74B00B2FBF3F2084B9A42DC
:10D0500001D90790C0E70791BEE7636B43F0006317
:10D06000636301258DE700BFFF0FE01F893BE65595
:10D0700040787D0180F0FA0210B582B004460023AA
:10D08000019301A9FFF71AFC10B1636B03436363BB
:10D090000198C0F3432002B010BD70B586B00028DF
:10D0A00054D0044690F8303053B1042384F8303023
:10D0B0002046FFF755FE38B10125284606B070BD61
:10D0C0000376F6F7FBFAF0E701A92046FFF7AEFE7C
:10D0D00000283DD19DF81430DAB29DF81530DBB24E
:10D0E000A16B01290BD001290FD00023A365E168B2
:10D0F0002046FFF715FF054658B10125DDE713432C
:10D10000F1D04FF40073A365F1E74FF48073A3658A
:10D11000EDE7F7F7EBFC06462046FFF7ADFF0428E6
:10D120000DD0F7F7E3FC801BB0F1FF3FF4D14FF0D7
:10D1300000436363012384F830300325BDE70023F7
:10D140006363E362012384F83030B6E70125B4E776
:10D150000125B2E7704770477047704738B50446FD
:10D16000C56A03685A6B12F4004F02D015F0080F1D
:10D170002AD15A6B12F4807F67D04FF480729A6381
:10D180002268D16B7E4B0B40D3632268D36B23F0B4
:10D190008053D3632268D36823F04003D36015F033
:10D1A000080F25D015F0220F11D12368754A9A6314
:10D1B000012384F830300023E36215F0030F13D00D
:10D1C000204603F033FD01E0FFF7DEF938BD2068AB
:10D1D00002F016FD03460028E7D0626B1343636339
:10D1E0002046FFF761FCE0E7204603F01BFDEDE77A
:10D1F00015F0800FEAD02268002393622268D36280
:10D200002268136515F0220F0ED1012384F8303007
:10D210000023E36215F0300F13D115F0030FD5D0C2
:10D22000204603F003FDD1E7206802F0E9FC034645
:10D230000028EAD0626B134363632046FFF734FC97
:10D24000E3E7204603F0EEFCE7E75A6B12F4804F69
:10D2500002D015F0080F62D15A6B12F03A0F6BD062
:10D260005A6B12F0020F03D0626B42F0020262634B
:10D270005A6B12F0080F03D0626B42F0080262632F
:10D280005A6B12F0200F03D0626B42F020026263EF
:10D290005A6B12F0100F03D0626B42F010026263FF
:10D2A000384A9A632268D36B23F49D73D363226850
:10D2B000D36823F04003D3602268D36A43F4005359
:10D2C000D3622268D36843F08003D360206802F001
:10D2D00097FC636B034363632268D36823F0800386
:10D2E000D36023684FF400629A6315F0080F1AD1D7
:10D2F00015F0800F3FF46AAF636B002B3FF466AF0D
:10D300002268D36B23F08053D363236800221A650D
:10D31000012384F830302046FFF7C6FB56E720464D
:10D32000FFF750F952E7012384F830300023E3621D
:10D330002046FFF7B9FB49E75A6B12F0805F3FF4D4
:10D3400045AF4FF080529A6323681B6D13F0040FB2
:10D350000AD115F0200F03D02046FFF7FEFE35E777
:10D360002046FFF7F8FE31E715F0200F03D02046E6
:10D37000FFF7F2FE2AE72046FFF7ECFE26E700BFA4
:10D38000C53EFFFF3A0F001808B338B50D460446F6
:10D3900090F82C30B3B1022384F82C30214651F898
:10D3A000040B02F0C9F962682946206802F0FEF910
:10D3B000084A136843F000431360012384F82C30BB
:10D3C000002038BD80F82D30F5F712FAE3E7012090
:10D3D000704700BF0040005238B5044690F82C302A
:10D3E000D8B2022805D00D46052818BF012801D063
:10D3F000012038BD022384F82C30206802F02AFA7C
:10D400002B68022B04D0012384F82C300020F0E795
:10D41000052384F82C300020EBE710B5044690F883
:10D420002C30D8B2022805D094F82C30DBB2012B76
:10D4300001D0012010BD022384F82C30206802F0B6
:10D4400021FA012384F82C300020F3E790F82C0017
:10D4500070470000F0B4036A026A22F0010202621F
:10D46000466884691F4A22400D68154323F0020371
:10D470008C6823431C4A1D4CA04218BF90420CBF2D
:10D48000012200220CD004F58044A04214BF0024E5
:10D490000124174FB84203D014B9164CA04205D14D
:10D4A00023F00803CC68234323F004035AB9124A3B
:10D4B000904214BF002201220D4CA04203D012B9A9
:10D4C0000C4A904207D126F4407C4A6942EA0C0C8F
:10D4D0008E6946EA0C06466085614A6842630362CB
:10D4E000F0BC70478CFFFEFF0000014000040140CB
:10D4F00000400140004801400044014070B4036A0C
:10D50000026A22F4807202624568C4691A4A2240A3
:10D510000E68164323F400738A6843EA0223174A0D
:10D52000174CA04218BF90420CBF0122002206D126
:10D5300023F40063CC6843EA042323F480635AB9DC
:10D54000104A904214BF002201220F4CA04203D087
:10D5500012B90E4A904207D125F4405C4A694CEA60
:10D56000021C8D694CEA05154560C6614A68C263B4
:10D57000036270BC704700BF8CFFFEFF00000140DB
:10D5800000040140004401400040014000480140C7
:10D5900070B4036A026A22F4805202624468C56968
:10D5A000144A2A400D6842EA052223F400538D688C
:10D5B00043EA0533104E114DA84218BFB0420DD0BA
:10D5C00005F58045A84214BF0025012506F58046D3
:10D5D000B04203D015B90A4DA84204D124F48044C6
:10D5E0004D6944EA85144460C2614A68026403627A
:10D5F00070BC7047FF8CFFFE00000140000401403A
:10D600000048014070B4036A026A22F48032026268
:10D610004268456D144C2C400D682C4323F40033B4
:10D620008D6843EA0543114E114DA84218BFB04220
:10D630000DD005F58045A84214BF0025012506F54B
:10D640008046B04203D015B90A4DA84204D122F455
:10D6500080324D6942EA0522426044654A6882652B
:10D66000036270BC704700BF8FFFFEFF00000140E7
:10D67000000401400048014070B4036A026A22F4C9
:10D68000801202624468456D144A2A400D6842EADD
:10D69000052223F400138D6843EA0553104E114D03
:10D6A000A84218BFB0420DD005F58045A84214BF6E
:10D6B0000025012506F58046B04203D015B90A4D74
:10D6C000A84204D124F480244D6944EA85244460AE
:10D6D00042654A68C265036270BC7047FF8FFFFEF7
:10D6E00000000140000401400048014010B4036AFA
:10D6F000046A24F001040462846924F0F00C4CEA0A
:10D70000021223F00A030B43826103625DF8044BAB
:10D71000704710B4036A046A24F010040462846938
:10D7200024F4704C4CEA023223F0A00343EA0113C4
:10D73000826103625DF8044B704700008268034B0E
:10D7400013400B4343F00703836070478FFFCFFF05
:10D7500090F83D30DBB2012B3AD1022380F83D3006
:10D760000268D36843F00103D36003681A4AB3F137
:10D77000804F18BF93421DD0A2F57C42934219D02E
:10D7800002F58062934215D002F58062934211D077
:10D7900002F5784293420DD0A2F56C42934209D033
:10D7A00002F59432934205D01A6842F001021A60E1
:10D7B000002070479968094A0A40062A18BFB2F546
:10D7C000803F07D01A6842F001021A6000207047BB
:10D7D0000120704700207047000001400700010051
:10D7E0007047704770477047704770B504460368CC
:10D7F000DE681D6915F0020F10D016F0020F0DD073
:10D800006FF002021A610123037703689B6913F02A
:10D81000030F64D0FFF7E6FF0023237715F0040F12
:10D8200012D016F0040F0FD023686FF004021A61B3
:10D830000223237723689B6913F4407F55D0204649
:10D84000FFF7D0FF0023237715F0080F12D016F052
:10D85000080F0FD023686FF008021A6104232377A2
:10D860002368DB6913F0030F46D02046FFF7BAFFA9
:10D870000023237715F0100F12D016F0100F0FD0E1
:10D8800023686FF010021A61082323772368DB698D
:10D8900013F4407F37D02046FFF7A4FF00232377FF
:10D8A00015F0010F02D016F0010F33D115F4025F0D
:10D8B00002D016F0800F35D115F4807F02D016F01B
:10D8C000800F37D115F0400F02D016F0400F39D13C
:10D8D00015F0200F02D016F0200F3BD170BDFFF7DE
:10D8E00080FF2046FFF77FFF96E72046FFF779FF8E
:10D8F0002046FFF778FFA5E72046FFF772FF204696
:10D90000FFF771FFB4E72046FFF76BFF2046FFF7F4
:10D910006AFFC3E723686FF001021A612046F6F739
:10D9200067FBC3E723686FF402521A61204600F0D8
:10D93000A8FBC1E723686FF480721A61204600F0EB
:10D94000A1FBBFE723686FF040021A612046FFF792
:10D950004BFFBDE723686FF020021A61204600F0FC
:10D960008FFBBBE730B503683D4A904214BF4FF0D0
:10D97000000E4FF0010EB0F1804F14BF72464EF012
:10D980000102AAB9374CA04214BF00240124364D2D
:10D99000A8420DD064B904F1804404F58234A04259
:10D9A00014BF0024012405F50065A84200D01CB175
:10D9B00023F070034C68234312BB2A4A904214BFE1
:10D9C00000220122284CA0421AD0CAB902F180429A
:10D9D00002F58232904214BF0022012204F5006455
:10D9E000A0420DD062B9214A904214BF0022012208
:10D9F00004F59A34A04203D012B91D4A904204D1D2
:10DA000023F4407CCB6843EA0C0323F080034A698B
:10DA1000134303608A68C2620A688262154A9042B0
:10DA200014BF73464EF0010363B9104B984214BF04
:10DA30000023012302F57052904203D013B90C4B1E
:10DA4000984201D10B69036301234361036913F019
:10DA5000010F03D0036923F00103036130BD00BF50
:10DA60000000014000080040000400400044014064
:10DA7000004801400004014060B310B5044690F82E
:10DA80003D3013B3022384F83D30214651F8040B96
:10DA9000FFF768FF012384F8483084F83E3084F8AB
:10DAA0003F3084F8403084F8413084F8423084F8C4
:10DAB000433084F8443084F8453084F8463084F8A4
:10DAC000473084F83D30002010BD80F83C30F5F739
:10DAD00077FFD7E70120704760B310B5044690F890
:10DAE0003D3013B3022384F83D30214651F8040B36
:10DAF000FFF738FF012384F8483084F83E3084F87B
:10DB00003F3084F8403084F8413084F8423084F863
:10DB1000433084F8443084F8453084F8463084F843
:10DB2000473084F83D30002010BD80F83C30FFF7CE
:10DB300057FED7E70120704770B4036A026A22F0EB
:10DB400010020262456884691A4A22400E6842EA5D
:10DB5000062623F020038A6843EA0213164A174C6C
:10DB6000A04218BF90420CBF0122002206D123F030
:10DB70008003CC6843EA041323F040035AB9104AE7
:10DB8000904214BF002201220E4CA04203D012B9D1
:10DB90000D4A904207D125F4406C4A694CEA820C48
:10DBA0008D694CEA8505456086614A688263036237
:10DBB00070BC7047FF8CFFFE000001400004014074
:10DBC00000440140004001400048014038B590F851
:10DBD0003C30012B00F0958004460D46012380F86F
:10DBE0003C30142A00F28880DFE802F00B8686863B
:10DBF0001F86868634868686488686865D868686E5
:10DC000071000068FFF726FC2268936943F008035F
:10DC100093612268936923F00403936122689369F6
:10DC200029690B439361002067E00068FFF784FFD8
:10DC30002268936943F4006393612268936923F433
:10DC40008063936122689369296943EA01239361A0
:10DC5000002052E00068FFF751FC2268D36943F0CE
:10DC60000803D3612268D36923F00403D3612268D7
:10DC7000D36929690B43D36100203EE00068FFF7B8
:10DC800087FC2268D36943F40063D3612268D369B7
:10DC900023F48063D3612268D369296943EA0123AD
:10DCA000D361002029E00068FFF7ACFC2268536DC7
:10DCB00043F0080353652268536D23F00403536552
:10DCC0002268536D29690B435365002015E00068F5
:10DCD000FFF7D2FC2268536D43F40063536522685A
:10DCE000536D23F4806353652268536D296943EAB9
:10DCF00001235365002000E00120002384F83C301C
:10DD000038BD0220FCE710B4846824F47F4C42EA5A
:10DD100003220A4342EA0C0282605DF8044B70471A
:10DD200090F83C30012B00F08F8010B504460123A1
:10DD300080F83C30022380F83D3002689068434B05
:10DD4000034093600B68702B55D031D8502B6CD0AA
:10DD50000CD9602B2AD1CA6849682068FFF7D9FC22
:10DD600060212068FFF7EAFC002035E0402B0AD153
:10DD7000CA6849682068FFF7B9FC40212068FFF7AE
:10DD8000DDFC002028E05BD8202B07D003D9302B06
:10DD900004D0012020E00BB1102B05D119462068DA
:10DDA000FFF7CCFC002017E0012015E0012013E074
:10DDB000B3F5005F2CD00BD9254A9342EED012D98F
:10DDC000244A9342EAD010329342E7D0012003E084
:10DDD000B3F5805F36D10020012384F83D30002365
:10DDE00084F83C3010BDB3F5801FD7D0B3F1101FBD
:10DDF000D4D00120F0E7CB684A6889682068FFF733
:10DE000082FF2268936843F0770393600020E3E782
:10DE1000CB684A6889682068FFF775FF22689368B5
:10DE200043F4804393600020D6E7CA6849682068BD
:10DE3000FFF75CFC50212068FFF780FC0020CBE757
:10DE40000120C9E70120C7E7022070478800CEFF04
:10DE5000200010003000100001F01F01012303FA20
:10DE600001FC036A23EA0C030362036A02FA01F16C
:10DE70000B4303627047000010B5044608460029B2
:10DE80004ED194F83E30DBB2013B18BF0123002B8A
:10DE900040F09B8000286ED1022384F83E3001229E
:10DEA00001462068FFF7D8FF23684A494A4A93424F
:10DEB00018BF8B420BD002F57052934207D002F587
:10DEC0008062934203D002F58062934203D15A6C80
:10DED00042F400425A6423683E4AB3F1804F18BFAF
:10DEE000934264D0A2F57C42934260D002F58062F6
:10DEF00093425CD002F58062934258D002F578429A
:10DF0000934254D0A2F56C42934250D002F5943221
:10DF100093424CD01A6842F001021A60002055E08A
:10DF200004290CD0082911D00C2916D010291BD097
:10DF300094F84330DBB2013B18BF0123A7E794F804
:10DF40003F30DBB2013B18BF0123A0E794F840301B
:10DF5000DBB2013B18BF012399E794F84130DBB2F3
:10DF6000013B18BF012392E794F84230DBB2013B3A
:10DF700018BF01238BE7042809D008280BD00C28F0
:10DF80000DD010280FD0022384F8433087E70223F6
:10DF900084F83F3083E7022384F840307FE7022390
:10DFA00084F841307BE7022384F8423077E79968B0
:10DFB0000A4A0A40062A18BFB2F5803F07D01A68FD
:10DFC00042F001021A60002000E0012010BD002094
:10DFD000FCE700BF00000140000401400700010011
:10DFE00090F83C30012B45D070B4012380F83C30D0
:10DFF000022380F83D3003685A689C681E4E1F4D0E
:10E00000AB4218BFB34203D122F470024D682A43D9
:10E0100022F070020D682A435A600368164AB3F171
:10E02000804F18BF934217D0A2F57C42934213D081
:10E0300002F5806293420FD002F5806293420BD0CA
:10E0400002F57842934207D0A2F56C42934203D086
:10E0500002F59432934204D124F080048A68144378
:10E060009C60012380F83D30002380F83C30184646
:10E0700070BC70470220704700000140000401405E
:10E080007047704770470000026852E8003F23F471
:10E09000907342E800310029F6D1026802F10803CA
:10E0A00053E8001F0D4B0B40083242E800310029B5
:10E0B000F3D1C36E012B06D02023C0F88C3000238F
:10E0C000C36643677047026852E8003F23F01003BD
:10E0D00042E800310029F6D1EEE700BFFEFFFFEF76
:10E0E000704708B5026852E8003F23F0400342E859
:10E0F00000310029F6D12023C0F88830002383673F
:10E10000FFF7EEFF08BD704708B5806B0023A0F84D
:10E110005E30A0F85630FFF7F6FF08BD70470000EC
:10E1200010B50446226852E8003F23F4907342E899
:10E1300000310029F6D1226802F1080353E8001FDC
:10E140002B4B0B40083242E800310029F3D1E36E3B
:10E15000012B1FD023689A6812F0400F38D0226834
:10E1600002F1080353E8003F23F04003083242E87D
:10E1700000310029F3D1D4F88030ABB11D4A1A65C3
:10E18000D4F88000F8F706FA78B3D4F88000036D6D
:10E1900098472AE0226852E8003F23F0100342E843
:10E1A00000310029F6D1D5E70023A4F85E30A3653D
:10E1B00022680F21116221688A6942F008028A618F
:10E1C0002022C4F88C20E3662046FFF7A7FF0CE06E
:10E1D0000022A4F85E20A2650F2119622023C4F852
:10E1E0008C30E2662046FFF799FF002010BD00BF8B
:10E1F000FEFFFFEFF9E1000808B5806B0022A0F8F0
:10E200005E2003680F21196201688B6943F00803DF
:10E210008B612023C0F88C30C266FFF77FFF08BDFA
:10E220007047000070B504460168CB6908688D68C6
:10E2300040F60F021A4008D113F0200F05D010F05D
:10E24000200F34D115F0805F31D12AB18B4A2A409A
:10E2500033D18B4E304230D1E26E012A00F0C680BD
:10E2600013F4801F03D015F4800F40F09B8113F04E
:10E27000800F07D010F0800F40F09B8115F4000F45
:10E2800040F0978113F0400F03D010F0400F40F0A2
:10E29000978113F4000F03D010F0804F40F0948169
:10E2A00013F0807F02D00028C0F2928170BD636FAE
:10E2B000002BFBD020469847F8E713F0010F09D058
:10E2C00010F4807F06D001260E62D4F890103143FE
:10E2D000C4F8901013F0020F0BD015F0010F08D006
:10E2E000216802260E62D4F8901041F00401C4F8AF
:10E2F000901013F0040F0BD015F0010F08D0216817
:10E3000004260E62D4F8901041F00201C4F8901077
:10E3100013F0080F0BD010F0200F00D13AB1226893
:10E3200008211162D4F890200A43C4F8902013F415
:10E33000006F0CD010F0806F09D022684FF400619C
:10E340001162D4F8902042F02002C4F89020D4F852
:10E350009020002AAAD013F0200F09D010F0200F2F
:10E3600002D115F0805F03D0636F0BB12046984750
:10E37000D4F8902023689B6813F0400F02D112F06C
:10E38000280F2CD02046FFF77FFE23689B6813F0F0
:10E39000400F20D0226802F1080353E8003F23F029
:10E3A0004003083242E800310029F3D1D4F880302C
:10E3B0006BB1344A1A65D4F88000F8F7EBF80028FE
:10E3C0003FF474AFD4F88000036D98476EE72046A1
:10E3D000FFF799FE6AE72046FFF795FE66E72046BD
:10E3E000FFF791FE0023C4F890305FE713F0100FA1
:10E3F0003FF436AF10F0100F3FF432AF10230B6232
:10E4000023689B6813F0400F00F09280D4F88020BE
:10E4100013681D481D498B4218BF834238D01831FC
:10E420008B4235D018318B4232D018318B422FD0ED
:10E4300018318B422CD018318B4229D018318B42A5
:10E4400026D001F556718B4222D018318B421FD055
:10E4500018318B421CD018318B4219D018318B42A5
:10E4600016D018318B4213D018318B4210D018318E
:10E470008B420DD05B689BB20CE000BF0100001026
:10E480002001000409E100081000024028000240B9
:10E490005B689BB2002B3FF409AFB4F85C10994263
:10E4A0007FF604AFA4F85E30D369B3F5807F32D035
:10E4B000226852E8003F23F4807342E800310029CB
:10E4C000F6D1226802F1080353E8003F23F001036C
:10E4D000083242E800310029F3D1226802F1080332
:10E4E00053E8003F23F04003083242E8003100299E
:10E4F000F3D12023C4F88C300023E366226852E86D
:10E50000003F23F0100342E800310029F6D1D4F88F
:10E510008000F7F79FFE02232367B4F85C10B4F87D
:10E520005E309BB2C91A89B22046FFF779FEBDE67C
:10E53000B4F85C10B4F85E309BB2C91A89B2B4F872
:10E540005E309BB2002B3FF4B1AE00293FF4AEAE7B
:10E55000226852E8003F23F4907342E8003000281C
:10E56000F6D1226802F1080353E8000F1A4B03406A
:10E57000083242E800300028F3D12023C4F88C3060
:10E580000023E3666367226852E8003F23F010032C
:10E5900042E800300028F6D1022323672046FFF727
:10E5A0003FFE83E64FF480130B62204601F058F8DB
:10E5B0007CE6A36F002B3FF479AE2046984775E6C2
:10E5C0002046FFF78EFD71E6204601F04BF86DE620
:10E5D000204601F046F869E6FEFFFFEF08B5B0F807
:10E5E0006030D0F88C20222A05D00268936943F06D
:10E5F0000803936108BD0268516ADBB2826D0B406B
:10E600001370836D01338365B0F85E309BB2013BBC
:10E610009BB2A0F85E30B0F85E309BB2002BE9D11F
:10E62000026852E8003F23F4907342E80031002969
:10E63000F6D1026802F1080353E8003F23F001031A
:10E64000083242E800310029F3D12023C0F88C3091
:10E650000023436703670368164A93420CD05B6844
:10E6600013F4000F08D0026852E8003F23F08063E3
:10E6700042E800310029F6D1C36E012B16D10023E8
:10E68000C366026852E8003F23F0100342E80031FD
:10E690000029F6D10368DA6912F0100F01D01022B8
:10E6A0001A62B0F85C10FFF7BBFDA3E7F3F7CEFDED
:10E6B000A0E700BF000C005808B5B0F86020D0F803
:10E6C0008C30222B05D00268936943F008039361D4
:10E6D00008BD03685B6A816D13400B80836D023354
:10E6E0008365B0F85E309BB2013B9BB2A0F85E3010
:10E6F000B0F85E309BB2002BEAD1026852E8003FCE
:10E7000023F4907342E800310029F6D1026802F147
:10E71000080353E8003F23F00103083242E80031C8
:10E720000029F3D12023C0F88C300023436703670E
:10E730000368164A93420CD05B6813F4000F08D0AC
:10E74000026852E8003F23F0806342E8003100296C
:10E75000F6D1C36E012B16D10023C366026852E8BE
:10E76000003F23F0100342E800310029F6D103688E
:10E77000DA6912F0100F01D010221A62B0F85C10A2
:10E78000FFF74EFDA4E7F3F761FDA1E7000C005889
:10E790002DE9F843B0F860600368DD69D3F80090B4
:10E7A000D3F80880D0F88C20222A05D09A6942F04C
:10E7B00008029A61BDE8F8830446B0F8687008E082
:10E7C000D4F89030002B4CD1B4F85E309BB2002BC3
:10E7D0004ED0002F00F0988015F0200F00F09480AC
:10E7E0002368596AF3B2A26D0B401370A36D013315
:10E7F000A365B4F85E309BB2013B9BB2A4F85E30D7
:10E800002368DD6915F0070FDED015F0010F09D080
:10E8100019F4807F06D001221A62D4F89030134395
:10E82000C4F8903015F0020F0BD018F0010F08D08B
:10E83000236802221A62D4F8903043F00403C4F82B
:10E84000903015F0040FBBD018F0010FB8D023683A
:10E8500004221A62D4F8903043F00203C4F89030D6
:10E86000AEE72046FFF74FFC0023C4F89030ABE73B
:10E87000226852E8003F23F4807342E80031002907
:10E88000F6D1226802F1080353E8001F304B0B4019
:10E89000083242E800310029F3D12023C4F88C303B
:10E8A00000236367236723682A4A934203D05B6887
:10E8B00013F4000F06D1E36E012B0DD02046F3F7C1
:10E8C000C5FC86E7226852E8003F23F0806342E8F7
:10E8D00000310029F6D1EEE70023E366226852E812
:10E8E000003F23F0100342E800310029F6D12368ED
:10E8F000DA6912F0100F01D010221A62B4F85C101D
:10E900002046FFF78DFC64E7B4F85E309BB2002B25
:10E910003FF450AFB4F868209A427FF64BAF2268BC
:10E9200002F1080353E8003F23F08053083242E825
:10E9300000310029F3D1084B6367226852E8003F99
:10E9400043F0200342E800310029F6D132E700BF4E
:10E95000FEFFFFEF000C0058DDE500082DE9F8434D
:10E96000B0F860600368DD69D3F80090D3F80880E0
:10E97000D0F88C20222A05D09A6942F008029A61C8
:10E98000BDE8F8830446B0F8687008E0D4F8903029
:10E99000002B4BD1B4F85E309BB2002B4DD0002F32
:10E9A00000F0978015F0200F00F0938023685B6AD9
:10E9B000A26D33401380A36D0233A365B4F85E30BB
:10E9C0009BB2013B9BB2A4F85E302368DD6915F071
:10E9D000070FDFD015F0010F09D019F4807F06D0A2
:10E9E00001221A62D4F890301343C4F8903015F025
:10E9F000020F0BD018F0010F08D0236802221A6210
:10EA0000D4F8903043F00403C4F8903015F0040FAC
:10EA1000BCD018F0010FB9D0236804221A62D4F8D0
:10EA2000903043F00203C4F89030AFE72046FFF780
:10EA30006AFB0023C4F89030ACE7226852E8003F3C
:10EA400023F4807342E800310029F6D1226802F1F4
:10EA5000080353E8001F304B0B40083242E80031F6
:10EA60000029F3D12023C4F88C3000236367236787
:10EA700023682A4A934203D05B6813F4000F06D13F
:10EA8000E36E012B0DD02046F3F7E0FB87E7226809
:10EA900052E8003F23F0806342E800310029F6D1BC
:10EAA000EEE70023E366226852E8003F23F01003FC
:10EAB00042E800310029F6D12368DA6912F0100F1C
:10EAC00001D010221A62B4F85C102046FFF7A8FBB0
:10EAD00065E7B4F85E309BB2002B3FF451AFB4F859
:10EAE00068209A427FF64CAF226802F1080353E88F
:10EAF000003F23F08053083242E800310029F3D16F
:10EB0000074B6367226852E8003F43F0200342E866
:10EB100000310029F6D133E7FEFFFFEF000C00586B
:10EB2000B9E6000870B586B00446016883680269DA
:10EB3000134342691343C26913430868884A024079
:10EB400013430B602268536823F44053E1680B437E
:10EB50005360A1692268834B9A4201D0236A19430A
:10EB60009068814B03400B4393602268D36A23F083
:10EB70000F03616A0B43D36222687C4B9A4221D017
:10EB80007B4B9A4200F08C807A4B9A4200F0A28034
:10EB9000794B9A4200F0B580784B9A4200F0C880D9
:10EBA000774B9A4200F0F480764B9A4200F019813C
:10EBB000754B9A4200F02C816A4B9A4200F03F81DB
:10EBC000802333E0714B5B6D03F03803282B65D84D
:10EBD000DFE813F02900640064006400640064004E
:10EBE000640064004D01640064006400640064001B
:10EBF000640064002B00640064006400640064002E
:10EC0000640064005E0064006400640064006400EA
:10EC100064006400600064006400640064006400D8
:10EC2000640064006200012300E008234D498A4229
:10EC300000F02F81E069B0F5004F00F0AF81202B8C
:10EC400000F20782202B00F25182DFE813F01E024F
:10EC500024024F024F0227024F024F024F022C02A2
:10EC60004F024F024F024F024F024F024F0231023A
:10EC70004F024F024F024F024F024F024F024F020C
:10EC80004F024F024F024F024F024F024F023D020E
:10EC90001023CBE72023C9E74023C7E78023C5E73C
:10ECA0003A4B5B6D03F00703052B11D8DFE813F037
:10ECB0000600E10008000A000C000E000023B5E782
:10ECC0000823B3E71023B1E72023AFE74023ADE7E4
:10ECD0008023ABE72D4B5B6D03F00703052B0ED8AC
:10ECE000DFE803F003C90507090B00239EE70823AB
:10ECF0009CE710239AE7202398E7402396E7802398
:10ED000094E7224B5B6D03F00703052B0ED8DFE879
:10ED100003F003B40507090B002387E7082385E701
:10ED2000102383E7202381E740237FE780237DE7CB
:10ED3000164B5B6D03F00703052B0ED8DFE803F0DD
:10ED4000039F0507090B002370E708236EE71023D4
:10ED50006CE720236AE7402368E7802366E700BF6B
:10ED6000F369FFCF000C0058FFF4FF1100100140C1
:10ED70000044004000480040004C0040005000406B
:10ED80000014014000780040007C0040004402581C
:10ED90007D4B5B6D03F03803282B20D8DFE803F0B0
:10EDA000151F1F1F1F1F1F1F711F1F1F1F1F1F1F2B
:10EDB000171F1F1F1F1F1F1F191F1F1F1F1F1F1F71
:10EDC0001B1F1F1F1F1F1F1F1D0001232EE70823CE
:10EDD0002CE710232AE7202328E7402326E7802377
:10EDE00024E7694B5B6D03F00703052B0ED8DFE8C2
:10EDF00003F0034A0507090B002317E7082315E76B
:10EE0000102313E7202311E740230FE780230DE7AA
:10EE10005D4B5B6D03F00703052B0ED8DFE803F0B5
:10EE200003350507090B002300E70823FEE610233E
:10EE3000FCE62023FAE64023F8E68023F6E603F515
:10EE40000E339B6D03F00703052B0ED8DFE803F0AC
:10EE5000031F0507090B0223E8E60823E6E6102353
:10EE6000E4E62023E2E64023E0E68023DEE6042316
:10EE7000DCE60423DAE60423D8E60423D6E60423FA
:10EE8000D4E60423D2E60423D0E60423CEE604230A
:10EE9000CCE6202B27D8022BC0F01A81023B1E2B78
:10EEA00000F21881DFE813F0500016015600160139
:10EEB000160116015B001601160116011601160156
:10EEC0001601160160001601160116011601160141
:10EED000160116011601160116011601160116017A
:10EEE000160116016C00402B2CD14FF40040626AD1
:10EEF000264B33F81220B0FBF2F3656805EB4501B1
:10EF0000994200F2E980B3EB053F00F2E78000266A
:10EF100033463146F1F7C0FE090241EA10610002B2
:10EF20006B08C0182A46334641F10001F1F7B4FEE0
:10EF3000A0F54072164B9A4200F2D2802368D86046
:10EF40003046D4E00120D2E0FCF74EFB0028CED1C1
:10EF50000020CCE003A8FCF759FB0498F6E76846CC
:10EF6000FCF750FC0198F1E7074B1B6813F0200FEA
:10EF700008D0054B1B68C3F3C1030648D840E5E73A
:10EF80000548B4E70348B2E70044025888A00208E5
:10EF9000FFFC0F000090D00300093D00202B15D886
:10EFA000202B00F29F80DFE803F031379D9D3A9DD2
:10EFB0009D9D3F9D9D9D9D9D9D9D449D9D9D9D9D38
:10EFC0009D9D9D9D9D9D9D9D9D9D5000402B1BD178
:10EFD000626A4D4B33F81230B0FBF3F062685308AD
:10EFE00003EB4000B0FBF2F0A0F110024FF6EF731C
:10EFF0009A4279D883B223F00F03C0F3420018433A
:10F000002368D860002072E0012070E0FBF74CFC20
:10F010000028DDD100206AE0FBF758FCF8E703A8E0
:10F02000FCF7F4FA0498F3E76846FCF7EBFB019869
:10F03000EEE7364B1B6813F0200F08D0334B1B68EC
:10F04000C3F3C1033248D840E2E73248C0E7304852
:10F05000BEE7402B17D14FF40040626A2A4B33F8C9
:10F060001230B0FBF3F0636800EB5300B0FBF3F039
:10F07000A0F110024FF6EF739A4242D8236880B293
:10F08000D860002033E0012031E0FBF70DFC0028C0
:10F09000E3D100202BE0FBF719FCF8E703A8FCF70D
:10F0A000B5FA0498F3E76846FCF7ACFB0198EEE785
:10F0B000164B1B6813F0200F08D0144B1B68C3F3CA
:10F0C000C1031348D840E2E71248C6E71048C4E736
:10F0D00001200CE001200AE0012008E0012006E008
:10F0E000012004E0012002E0012000E001200123D2
:10F0F000A4F86A30A4F8683000236367A36706B0F9
:10F1000070BD0120F3E700BF88A002080044025848
:10F110000090D00300093D00836A13F0080F06D069
:10F120000268536823F40043816B0B435360836A86
:10F1300013F0010F06D00268536823F40033C16A4C
:10F140000B435360836A13F0020F06D002685368C2
:10F1500023F48033016B0B435360836A13F0040F75
:10F1600006D00268536823F48023416B0B4353603D
:10F17000836A13F0100F06D00268936823F480535B
:10F18000C16B0B439360836A13F0200F06D00268B3
:10F19000936823F40053016C0B439360836A13F06C
:10F1A000400F0AD00268536823F48013416C0B436C
:10F1B0005360436CB3F5801F0BD0836A13F0800F4C
:10F1C00006D00268536823F40023C16C0B435360DC
:10F1D00070470268536823F4C003816C0B4353608B
:10F1E000EBE72DE9F84305460E4617469946DDF84C
:10F1F00020802C68E46936EA04030CBF4FF0010C50
:10F200004FF0000CBC453AD1B8F1FF3FF1D0F5F713
:10F210006DFCA0EB0900404534D8B8F1000F33D0A5
:10F220002B681A6812F0040FE3D0B6F1400218BF41
:10F230000122802EDDD0002ADBD0DA6912F0080F1F
:10F2400011D1DA6912F4006FD3D04FF400621A6260
:10F250002846FEF719FF2023C5F89030002385F8D3
:10F26000843003200CE008241C622846FEF70CFFC3
:10F27000C5F89040002385F88430012000E000208C
:10F28000BDE8F8830320FBE70320F9E72DE9F0410F
:10F2900082B01E46D0F88830202B5BD104460D4644
:10F2A0009046002A18BF002901D1012053E0002315
:10F2B000C0F890302123C0F88830F5F717FC0746D6
:10F2C000A4F85480A4F85680A368B3F5805F02D0F8
:10F2D0004FF0000816E0236943B34FF0000811E037
:10F2E0002023C4F88830032035E038F8023B226838
:10F2F000C3F308039362B4F8562092B2013A92B273
:10F30000A4F85620B4F856309BB293B100963B4611
:10F31000002280212046FFF764FF0028E0D1002D65
:10F32000E3D015F8012B23689A62E4E7A84600258C
:10F33000E8E700963B46002240212046FFF751FFB8
:10F3400018B92023C4F8883005E02023C4F8883099
:10F35000032000E0022002B0BDE8F08130B583B0A8
:10F3600004460023C0F89030F5F7C0FB054622683C
:10F37000126812F0080F10D123681B6813F0040FF5
:10F3800028D12023C4F88830C4F88C300020E066EF
:10F39000206784F8840003B030BD6FF07E43009393
:10F3A000034600224FF400112046FFF71AFF002801
:10F3B000E2D0226852E8003F23F0800342E80031A7
:10F3C0000029F6D12023C4F88830002384F8843043
:10F3D0000320E0E76FF07E4300932B4600224FF4BA
:10F3E00080012046FFF7FDFE0028CAD0226852E8BF
:10F3F000003F23F4907342E800310029F6D12268DF
:10F4000002F1080353E8003F23F00103083242E809
:10F4100000310029F3D12023C4F88C30002384F874
:10F4200084300320B7E778B310B50446D0F88830AD
:10F430000BB32423C4F888302268136823F0010337
:10F440001360A36AE3B92046FFF76CFB012811D0D3
:10F450002268536823F4904353602268936823F032
:10F460002A0393602268136843F001031360204667
:10F47000FFF774FF10BD80F88430F4F7BBFBD8E7CA
:10F480002046FFF749FEDEE70120704710B4816592
:10F49000A0F85C20A0F85E20002343678368B3F5E2
:10F4A000805F06D0A3B9036973B9FF23A0F8603069
:10F4B00014E0036923B940F2FF13A0F860300DE0B7
:10F4C000FF23A0F8603009E07F23A0F8603005E05A
:10F4D000B3F1805F2ED00023A0F860300023C0F885
:10F4E00090302223C0F88C30016801F1080353E802
:10F4F000003F43F00103083141E80034002CF3D110
:10F50000436EB3F1005F1FD08368B3F5805F43D0D3
:10F51000294B43670369002B44D0026852E8003F3F
:10F5200043F4907342E800310029F6D100205DF8E1
:10F53000044B704703691BB97F23A0F86030CDE707
:10F540003F23A0F86030C9E7B0F868309342DBD8B9
:10F550008368B3F5805F19D0184B4367036943B1E3
:10F56000026852E8003F43F4807342E8003100290A
:10F57000F6D1026802F1080353E8003F43F08053DC
:10F58000083242E800310029F3D1CFE70369002BAC
:10F59000E2D10B4B4367E1E70369002BB8D1094B7C
:10F5A0004367B7E7026852E8003F43F0200342E8B0
:10F5B00000310029F6D1B9E7DDE5000891E7000840
:10F5C0005DE90008B9E6000838B5D0F88C30202B8A
:10F5D00019D1002A18BF002917D00023C366036879
:10F5E0000B4CA3420CD05B6813F4000F08D00468E6
:10F5F00054E8003F43F0806344E80035002DF6D125
:10F60000FFF744FF00E0022038BD0120FCE700BF07
:10F61000000C0058436E2BB90123A0F86A30A0F803
:10F620006830704730B403689A68C2F342629968E0
:10F63000490F094D6B5C1B01084C615C93FBF1F3B6
:10F64000A0F86A30AB5C1B01A25C93FBF2F3A0F85C
:10F65000683030BC704700BFA8A00208A0A0020814
:10F6600070477047704790F88430012B18D0012301
:10F6700080F884302423C0F8883003681A68196839
:10F6800021F00101196022F0005200234366016855
:10F690000A602022C0F8882080F88430184670471D
:10F6A0000220704738B590F88430012B1DD00446F5
:10F6B000012380F884302423C0F8883003681D6853
:10F6C0001A6822F001021A600268936823F060430E
:10F6D00019439160FFF79EFF23681D602023C4F843
:10F6E0008830002084F8840038BD0220FCE738B55B
:10F6F00090F88430012B1DD00446012380F884301B
:10F700002423C0F8883003681D681A6822F00102BB
:10F710001A600268936823F0606319439160FFF7F1
:10F7200079FF23681D602023C4F88830002084F806
:10F73000840038BD0220FCE710B40B68CBB9036825
:10F74000194A1A404B688C682343CC6823430C69E0
:10F7500023434C6923438C692343CC6923430C6ABC
:10F760002343496A0B431343036000205DF8044BB5
:10F770007047036823F4F843CA690C6A22434C6A51
:10F780002243134303604368074A1A404B688C685E
:10F790002343CC6823430C6923434C692343896981
:10F7A0000B4313434360E0E70080FFFF10B43ABB14
:10F7B000826802F070420B68013B4C6804F1FF3C28
:10F7C00043EA0C138C6804F1FF3C43EA0C23CC6839
:10F7D00004F1FF3C43EA0C330C6904F1FF3C43EABB
:10F7E0000C434C6904F1FF3C43EA0C53896901392D
:10F7F00043EA01631343836000205DF8044B7047C4
:10F800008368134A1A40CB6803F1FF3C4B69013B04
:10F810001B0543EA0C3313438360C26802F0704255
:10F820000B68013B4C6804F1FF3C43EA0C138C6805
:10F8300004F1FF3C43EA0C230C6904F1FF3C43EA6A
:10F840000C438969013943EA01631343C360D3E779
:10F85000FF0F0FFF10B40369094A1A400B684C6888
:10F8600023438C6804F1FF3C43EA4C13C96843EA24
:10F8700041231343036100205DF8044B704700BF30
:10F880000000C0FF4269034B134043EA4103436158
:10F890000020704701C0FFFF0B4B1B680B4AA2FB07
:10F8A00003235B0A41F2883202FB03F31A46013B51
:10F8B0003AB1426B12F0800FF8D0054B8363002001
:10F8C00070474FF0004070475C000024D34D621039
:10F8D000C500200084B00DF1040C8CE80E000B462E
:10F8E0001343039A1343049A1343059A134341683D
:10F8F000034A0A4013434360002004B0704700BF2E
:10F90000002CC0FFD0F8800070470B68C0F8803032
:10F9100000207047036843F0030303600020704732
:10F92000006800F0030070470B6883604B688A68CA
:10F930001343CA6813430A691343C168024A0A4061
:10F940001343C36000207047C0E0FEFF0069C0B2EF
:10F9500070471430405870470B6843624B688362AD
:10F960008B68CA6813430A6913434A691343C26A1E
:10F9700022F0FF021343C3620020704710B586B027
:10F980000446002301930293039304934FF480539E
:10F99000059301A9FFF7C8FF2046FFF77DFF06B0DA
:10F9A00010BD000070B505460E46514B1B6851490D
:10F9B000A1FB03135B0A03FB02F21346013A002B7F
:10F9C0005ED06C6B4C4B2340002BF6D014F4005FE0
:10F9D000F3D16B6B13F0040F06D16B6B13F0010FB7
:10F9E00005D00120A8634DE00420A8634AE0434B02
:10F9F000AB632846FFF7AAFFB04201D0012041E0E7
:10FA000000212846FFF7A5FF03463D481840C8B32C
:10FA1000002B38DB13F0804F38D113F0005F37D163
:10FA200013F0805F36D113F0006F36D113F0806F82
:10FA300036D113F0807F36D113F4000F36D113F492
:10FA4000800F36D113F4001F36D113F4801F36D146
:10FA500013F4802F36D113F4003F36D113F4803FD6
:10FA600036D113F4004F36D113F4804F36D113F44E
:10FA7000005F36D113F0080F36D04FF4000001E0DC
:10FA80004FF0004070BD4FF00070FBE74020F9E7F9
:10FA90008020F7E74FF48070F4E74FF40070F1E74F
:10FAA0004FF48060EEE74FF40060EBE74FF48050D6
:10FAB000E8E74FF40050E5E74FF48040E2E74FF409
:10FAC0000040DFE74FF40030DCE74FF48020D9E757
:10FAD0004FF40020D6E74FF48010D3E74FF4001026
:10FAE000D0E74FF48000CDE74FF48030CAE700BF85
:10FAF0005C000024D34D621045002000C5002000AA
:10FB000008E0FFFD30B587B004460191102502954D
:10FB10004FF480730393002304934FF480530593B1
:10FB200001A9FFF701FF41F2883229462046FFF77D
:10FB300039FF07B030BD30B587B0044601911125BB
:10FB400002954FF480730393002304934FF4805382
:10FB5000059301A9FFF7E8FE41F2883229462046C5
:10FB6000FFF720FF07B030BD30B587B004460191E4
:10FB7000122502954FF480730393002304934FF4EE
:10FB80008053059301A9FFF7CFFE41F28832294641
:10FB90002046FFF707FF07B030BD30B587B00446F9
:10FBA0000191182502954FF4807303930023049369
:10FBB0004FF48053059301A9FFF7B6FE41F2883256
:10FBC00029462046FFF7EEFE07B030BD30B587B0BE
:10FBD00004460191192502954FF480730393002385
:10FBE00004934FF48053059301A9FFF79DFE41F262
:10FBF000883229462046FFF7D5FE07B030BD000009
:10FC000030B587B00446002301930C2502954FF4CC
:10FC10008072039204934FF480530593C36843F0BA
:10FC20008003C360C36823F04003C36001A9FFF7EA
:10FC30007BFE084A29462046FFF7B4FEE36823F01E
:10FC40008003E360B0F1007F01D007B030BD002039
:10FC5000FBE700BF00E1F50530B587B00446019130
:10FC6000072502954FF480730393002304934FF408
:10FC70008053059301A9FFF757FE41F288322946C8
:10FC80002046FFF78FFE07B030BD30B587B0044681
:10FC90000191372502954FF4807303930023049359
:10FCA0004FF48053059301A9FFF73EFE41F28832DD
:10FCB00029462046FFF776FE07B030BD30B587B045
:10FCC00004460191062502954FF4807303930023A7
:10FCD00004934FF48053059301A9FFF725FE41F2E9
:10FCE000883229462046FFF75DFE07B030BD30B5AB
:10FCF00087B0044600230193332502954FF48072A8
:10FD0000039204934FF48053059301A9FFF70CFE6F
:10FD100041F2883229462046FFF744FE07B030BD45
:10FD200030B587B0044601910D2502954FF48073DC
:10FD30000393002304934FF48053059301A9FFF725
:10FD4000F3FD41F2883229462046FFF72BFE07B02B
:10FD500030BD30B587B00446002301930D250295D0
:10FD60004FF48072039204934FF48053059301A9DA
:10FD7000FFF7DAFD41F2883229462046FFF712FEEE
:10FD800007B030BD0146144B1B68144AA2FB032385
:10FD90005B0A41F2883202FB03F31A46013BBAB117
:10FDA0004A6B12F0450FF8D012F4005FF5D14B6B9F
:10FDB00013F0040F06D1486B10F0010005D1084B79
:10FDC0008B63704704208863704701208863704705
:10FDD0004FF00040704700BF5C000024D34D62101C
:10FDE000C500200010B586B004460023019302220E
:10FDF00002924FF44072039204934FF480530593A0
:10FE000001A9FFF791FD2046FFF7BCFF06B010BD2A
:10FE100010B586B004460191092302934FF4407354
:10FE20000393002304934FF48053059301A9FFF734
:10FE30007BFD2046FFF7A6FF06B010BD0146104B24
:10FE40001B68104AA2FB03235B0A41F2883202FBC3
:10FE500003F31A46013B82B14A6B12F0450FF8D00A
:10FE600012F4005FF5D1486B10F0040002D1064B8C
:10FE70008B6370470420886370474FF000407047E1
:10FE80005C000024D34D6210C500200010B586B080
:10FE900004460191292302934FF4807303930023B6
:10FEA00004934FF48053059301A9FFF73DFD2046CD
:10FEB000FFF7C4FF06B010BDF8B505460E4617465D
:10FEC000234B1B68234AA2FB03235B0A41F28832BF
:10FED00002FB03F31A46013B8AB36C6B14F0450F27
:10FEE000F8D014F4005FF5D16B6B13F0040F06D15A
:10FEF0006B6B13F0010F05D00120A86321E00420F3
:10FF0000A8631EE02846FFF721FDB04201D0012082
:10FF100017E0114BAB6300212846FFF71AFD03469B
:10FF200010F4604008D013F4804F0BD113F4004F4D
:10FF30000BD04FF4805004E01B0C3B8001E04FF0ED
:10FF40000040F8BD4FF40050FBE74FF48030F8E775
:10FF50005C000024D34D6210C500200070B586B04F
:10FF600004460D4600230193032602964FF4807247
:10FF7000039204934FF48053059301A9FFF7D4FC37
:10FF80002A4631462046FFF797FF06B070BD0000B5
:10FF90000146164B1B68164AA2FB03235B0A41F27B
:10FFA000883202FB03F31A46013BE2B14A6B12F0BE
:10FFB000450FF8D012F4005FF5D14B6B13F0040F2E
:10FFC0000BD14B6B13F001030AD1486B10F04000CA
:10FFD0000BD040228A63184670470420886370471C
:10FFE0000120886370474FF0004070475C00002498
:10FFF000D34D621010B586B004464FF4D57301930B
:020000040801F1
:10000000082302934FF480730393002304934FF467
:100010008053059301A9FFF787FC2046FFF7B8FF3F
:1000200006B010BD82B000230193019B0133019300
:10003000019BB3F1706F15D80369002BF5DA00232B
:100040000193036943F001030361019B01330193B1
:10005000019BB3F1706F08D8036913F0010FF4D15D
:10006000002000E0032002B070470320FBE70000FF
:1000700084B010B5044603A880E80E009DF8113046
:10008000012B1FD1A36B23F48033A363E2681F4BC2
:100090001340E360E36823F44013E3609DF81830F5
:1000A000012B0AD02046FFF7BDFF9DF80E30012B33
:1000B0001CD0BDE8104004B07047E36843F48013DF
:1000C000E360EFE7E36843F04003E3602046FFF7B7
:1000D000A9FF9DF8153023B9A36B43F48033A363C4
:1000E000E3E7A36B23F48033A363DEE7E36D9BB206
:1000F000E365E26D064B1343E365A36843F0060333
:10010000A360A36843F02003A360D2E7BFFFBDFF55
:100110000000EE03022A0AD00921C26822F47052BC
:10012000C260C36843EA8123C36000207047204B4C
:100130000B44204A934229D91F4B0B441F4A934238
:1001400026D91F4B0B441F4A934223D91E4B0B4405
:100150001E4A934220D31E4B0B441E4A93421DD984
:100160001D4B0B441D4A93421AD31D4B0B441D4A91
:10017000934217D31C4B0B441C4A934214D31C4B81
:100180000B441C4A934211D20721C6E70F21C4E752
:100190000E21C2E70D21C0E70C21BEE70B21BCE711
:1001A0000A21BAE70921B8E70821B6E70621B4E732
:1001B000405327FFFF340C00401E1BFF3F420F003F
:1001C00000DC0BFF7F4F1200808CF9FE20D613005D
:1001D00060B6E5FE5FE3160000D3CEFE40771B005D
:1001E000C05BB3FEC091210000CA91FE20753800AB
:1001F000E05459FEE09C4100836843F001038360B2
:1002000000207047836823F001038360002070475B
:1002100082B000230193019B01330193019BB3F151
:10022000706F15D80369002BF5DA0023019389015B
:1002300041F020010161019B01330193019BB3F166
:10024000706F08D8036913F0200FF4D1002000E08C
:10025000032002B070470320FBE782B00023019324
:10026000019B01330193019BB3F1706F13D80369B4
:10027000002BF5DA0023019310230361019B013366
:100280000193019BB3F1706F08D8036913F0100F4D
:10029000F4D1002000E0032002B070470320FBE708
:1002A000D0F800381943C0F800180020704700004B
:1002B00084B0F8B5044607A880E80E00002306E0E5
:1002C00003F1400204EB82020021516001330E2B46
:1002D000F6D99DF8266006BBD4F8043843F0020333
:1002E000C4F80438A36B23F40013A363236843F01A
:1002F00040032360236843F0800323600023C4F895
:10030000003E9DF82130012B11D19DF81F304BB9D3
:1003100000212046FFF7C4FF0DE0A36B43F4001358
:10032000A363EBE701212046FFF7BAFF03E00321B7
:100330002046FFF7B5FF10212046FFF769FF05466D
:1003400000B101252046FFF788FF00B1012504F523
:10035000006C0023CCF81030CCF81430CCF81C30F2
:100360000AE0CBB94FF00060C2F8000900220A6130
:100370004FF67F328A6001339DF81C10994210D9E4
:1003800004EB431202F51061D2F800090028E8DB03
:100390000020C2F80009E9E74FF09040C2F80009D8
:1003A000E4E700230AE0BBB14FF09047C2F8007BBE
:1003B000002202614FF67F3282600133994210D9E8
:1003C00004EB431202F53060D2F8007B002FEADB29
:1003D0000027C2F8007BEBE74FF00067C2F8007B14
:1003E000E6E7DCF8103023F48073CCF810300023FB
:1003F000A3616FF0804363619DF81E301BB9A36950
:1004000043F01003A361A2690A4B1343A3619DF853
:1004100022301BB1A36943F00803A361012E04D06D
:100420002846BDE8F84004B07047A269024B134368
:10043000A361F5E700383C8004000040D0F808389C
:1004400013F0060305D0062B18BF022B03D10220A0
:100450007047002070470F207047000010B591F8DA
:1004600000C04B78012B21D000F5006ED0F81C386D
:100470000CF00F040122A24043EA0243C0F81C38EA
:1004800000EB4C10D0F8003B13F4004F0CD1D0F827
:10049000002B8B68C3F30A03097943EA81431343B2
:1004A000144A1A43C0F8002B002010BDD0F81C28B5
:1004B0000CF00F0E03FA0EF39BB21343C0F81C3876
:1004C00000EB4C10D0F8003913F4004FECD1D0F809
:1004D00000298B68C3F30A03097943EA814343EA9D
:1004E0008C5C42EA0C0C034B4CEA0303C0F8003965
:1004F000DAE700BF0080001030B40B784A78012A98
:1005000026D000EB4313D3F8002B002A52DBD0F89F
:100510003C480A7802F00F024FF0010C0CFA02F28C
:1005200024EA0242C0F83C28D0F81C28097801F0DF
:100530000F010CFA01FC22EA0C42C0F81C28D3F887
:10054000001B234A0A40C3F8002B002030BC704730
:1005500000EB4313D3F80029002A1EDBD0F83C58E7
:100560000A7802F00F02012404FA02F292B225EA9C
:100570000202C0F83C28D0F81C28097801F00F01CD
:100580008C40A4B222EA0404C0F81C48D3F8001935
:10059000104A0A40C3F80029D7E7D3F8002942F0EF
:1005A0000062C3F80029D3F8002942F08042C3F862
:1005B0000029D3E7D3F8002B42F00062C3F8002BE8
:1005C000D3F8002B42F08042C3F8002B9FE700BF16
:1005D0000078F3EF007833EC10B483B002460023C8
:1005E0000193487801280BD00B7802EB4313D3F822
:1005F000000B00282DDB002003B05DF8044B704792
:100600000B7802EB4313D3F80049002C01DB0020E8
:10061000F2E7D3F8004944F00064C3F800490B78CE
:1006200002EB4313D3F8004944F08044C3F8004977
:10063000019B01330193019C42F210739C42DBD871
:100640000B7802EB4313D3F80039002BF0DB0020CA
:10065000D2E7D3F8000B40F00060C3F8000B0B7832
:1006600002EB4313D3F8000B40F08040C3F8000BBB
:10067000019B01330193019842F21073984208D80C
:100680000B7802EB4313D3F8003B002BF0DB002088
:10069000B2E70120B0E710B59DF8084084B90333F4
:1006A0004FEA930E4FF0000C08E000EB023303F525
:1006B000805351F8044B1C600CF1010CF445F4D349
:1006C000002010BDF0B583B00C784B78012B2DD0F5
:1006D00000EB441C0CF530631E69864D35401D61EE
:1006E0001E69854D35401D61002C40F0C7800C69A6
:1006F0000CB18C680C618C680C621D69C4F3120427
:100700002C431C611C6944F400241C61012A00F084
:10071000D8800B79012B00F0DA80DCF8003B43F045
:100720000443CCF8003B002003B0F0BD0B6973BB61
:1007300000EB4413D3F810696F4D3540C3F81059DE
:10074000D3F8105945F40025C3F81059D3F81069AF
:10075000684D3540C3F81059012A4DD000EB4414C0
:10076000D4F8003943F00443C4F800390B79012B65
:100770006BD00B69002BD6D0D0F834380A7802F051
:100780000F0101228A401343C0F83438CBE700EB55
:10079000441303F510631E69564D35401D611E69F3
:1007A000554D35401D61D4B90E698D68AE4200D9F2
:1007B0000D611D6945F400251D611D690E69C6F3B3
:1007C000120635431D610D79012DC5D11D6925F036
:1007D000C0451D611D6945F000551D61BCE71E69DE
:1007E0000D698F683D44013DB5FBF7F5434F07EABE
:1007F000C54535431D61E0E7CB691BB100EB4412F1
:10080000C2F814390B79012B08D000EB4410D0F852
:10081000003943F00443C0F8003984E7D0F80838C1
:1008200013F4807F08D100EB4412D2F8003943F072
:100830000053C2F80039E8E700EB4412D2F800395F
:1008400043F08053C2F80039DFE7D0F8083813F4DA
:10085000807F0CD1D4F8003943F00053C4F800393C
:1008600000920B8A0A78C968FFF715FF5BE7D4F896
:10087000003943F08053C4F80039F1E70C6954B9EA
:100880001C698D68C5F312052C431C611C6944F476
:1008900000241C613AE78D682C44013CB4FBF5F45C
:1008A000A4B204FB05F50D621D69144E06EAC444AA
:1008B0002C431C611C690D6AC5F312052C431C6195
:1008C00024E7CA68002A3FF424AF5A6121E7D0F830
:1008D000083813F4807F06D1DCF8003B43F0005366
:1008E000CCF8003B19E7DCF8003B43F08053CCF830
:1008F000003B12E70000F8FFFFFF07E00000F81FD1
:1009000000B583B0844608464FEA920E02F0030217
:10091000002305E00CF58051096840F8041B013301
:100920007345F7D39AB10CF5805CDCF80030019385
:100930004FF0000C5FFA8CF3D900019BCB4000F81C
:10094000013B0CF1010C013A92B2002AF2D103B042
:100950005DF804FB0B784A78012A14D000EB4310B1
:10096000D0F8002B002A06DB2BB1D0F8003B23F097
:100970008043C0F8003BD0F8003B43F40013C0F8BC
:10098000003B0020704700EB4310D0F80029002AFC
:1009900006DB2BB1D0F8003923F08043C0F80039D2
:1009A000D0F8003943F40013C0F80039E9E70B78B8
:1009B0004A78012A0ED000EB4310D0F8003B23F414
:1009C0000013C0F8003B0B79023BDBB2012B15D9B9
:1009D0000020704700EB4310D0F8003923F40013D7
:1009E000C0F800390B79023BDBB2012BF0D8D0F80C
:1009F000003943F08053C0F80039E9E7D0F8003BF4
:100A000043F08053C0F8003BE2E7D0F8003823F40D
:100A1000FE63C0F80038D0F80038090101F4FE6127
:100A20001943C0F8001800207047D0F8003E23F0AA
:100A30000303C0F8003ED0F8043823F00203C0F8E6
:100A4000043800207047D0F8003E23F00303C0F8BC
:100A5000003ED0F8043843F00203C0F80438002008
:100A600070474269806910407047D0F8183800F527
:100A70000060C0691840000C7047D0F8183800F5C5
:100A80000060C069184080B2704700EB4111D1F896
:100A9000082B00F5006040691040704710B4D0F892
:100AA0001048D0F8343801F00F02D340DB01DBB23C
:100AB000234300EB411000F51060806818405DF89A
:100AC000044B7047406900F00100704738B5054697
:100AD000C36823F0C043C360012913D019BBC368A6
:100AE00043F08043C36000240A20F4F705F80A3479
:100AF0002846FFF7E7FF08B1C72CF5D9C82C14D05A
:100B0000002038BDC36843F00053C36000240A20AE
:100B1000F3F7F2FF0A342846FFF7D4FF0128EDD09F
:100B2000C72CF4D9EAE70120EBE70120E9E7000050
:100B3000D0F80029054B1340C0F80039D0F804382C
:100B400043F48073C0F804380020704700F8FFFFBA
:100B500010B4046C154B9C4203D9D0F8003B002B19
:100B600016DB0024C0F8104BD0F8104B44F40024DE
:100B7000C0F8104BD0F8104B44F01804C0F8104BDC
:100B8000D0F8104B44F0C044C0F8104B012903D0FA
:100B900000205DF8044B7047C0F8142BD0F8003BE0
:100BA00043F08023C0F8003BF2E700BF0A30544F07
:100BB00008B50349034805F059F9034B187008BDFF
:100BC000002B0024B0A00208042B00240020704752
:100BD00008B513460A4601460248FBF785FE00B1F8
:100BE000012008BDF810002408B513460A46014646
:100BF0000248FBF7E9FE00B1012008BDF81000240F
:100C000008B50348FCF738FA043818BF012008BDBE
:100C1000F810002408B501460148FCF76FF908BD3B
:100C2000F810002408B500F01BFA08BD08B500F064
:100C300021FA08BD82B001238DF807309DF8070026
:100C400002B0704738B5FFF7F5FF012802D0022542
:100C5000284638BD04460748FCF71FFA0546002819
:100C6000F6D14FF480410348FCF75AF90028EFD041
:100C70002546EDE7F810002408B5074B01221A704D
:100C8000FFF7BEFF20B9044A137803F0FE03137088
:100C9000014B187808BD00BF6C00002410B584B06B
:100CA0000446184B01221A7005F008F918B9154BC3
:100CB000187804B010BDFFF7C5FF88B1114B1B7841
:100CC000DBB2012BF3D0104B1B687BB10E4B1B68C2
:100CD000002BECD10B4A137843F001031370E6E7C5
:100CE0002046FFF7C9FF074B1870E7E7074B6C4634
:100CF0000FCB84E80F000021204605F037F9024BA6
:100D00001860E3E76C000024082B0024B485020877
:100D100008B5FFF7B1FF08BD38B5054605F0D7F8AF
:100D2000044605F0D4F8001BA84205D2FFF768FF7F
:100D30000028F6D1002001E04FF0FF3038BD000060
:100D40002DE9F04788B00D4691461F464FF0000848
:100D500047F23050FFF7E0FF4045C0F297802C4645
:100D600015F0030F01D000245BE03A4649462846BF
:100D7000FFF72EFF08B1012089E047F23052464BC1
:100D8000196805A805F03AF9059B102B01D0012040
:100D90007DE0069B012B01D0012078E005F097F85B
:100DA000054605F094F8431B47F22F52934219D899
:100DB000FFF726FF0028F4D124F01F0304F01F04DE
:100DC00004EB4727002F62DDBFF34F8F334AC2F891
:100DD0005C322033203F002FF8DCBFF34F8FBFF38E
:100DE0006F8F54E0012052E0B8F1000F47D12C483A
:100DF000BFF34F8F4FF40072284BC3F85C022030D2
:100E0000203A002AF8DCBFF34F8FBFF36F8F4FF407
:100E1000007223492846F0F7C1F805F50075013442
:100E2000B146A246BC422AD209F101060122494636
:100E30001B48FFF7CDFE804608BBE94647F230521B
:100E4000154B1968484605F0D9F899E8070008AB32
:100E500003E907001028CAD10129C8D105F037F8E5
:100E6000814605F034F8A0EB090047F22F53984271
:100E7000BAD8FFF7C5FE80460028F2D1B4E7BA45DC
:100E800008BFB8F1000F05D0012000E0012008B034
:100E9000BDE8F0870020FAE7082B002400ED00E011
:100EA000202B00242DE9F04788B00D4614461F463C
:100EB00047F23050FFF730FF0028C0F2968015F05F
:100EC000030F40F0948025F01F0205F01F0303EB91
:100ED0004723002B0CDDBFF34F8F4849C1F8682230
:100EE0002032203B002BF8DCBFF34F8FBFF36F8F16
:100EF0003A4621462846FFF777FE88B1404ABFF3BD
:100F00004F8F4FF400733D49C1F85C222032203BE3
:100F1000002BF8DCBFF34F8FBFF36F8F002626E066
:100F200047F23052374B196805A805F067F8059B62
:100F3000102B01D001205BE0069B022B01D0012089
:100F400056E004F0C4FF044604F0C1FF001B47F262
:100F50002F53984204D8FFF753FE0028F4D147E0FE
:100F6000012045E0BAF1000F38D101364446B146C0
:100F7000BE4233D2DFF888A04FF4007229465046B3
:100F8000F0F70CF805F5007504F10108012221467F
:100F90005046FFF729FE824600BB6C4647F23052AE
:100FA000184B1968204605F029F894E8070008ABAB
:100FB00003E907001028D8D10129D6D104F087FF12
:100FC000044604F084FF001B47F22F539842C9D80F
:100FD000FFF716FE82460028F3D1C3E7B94508BFE4
:100FE000BAF1000F07D0012002E0012000E001204B
:100FF00008B0BDE8F0870020FAE700BF00ED00E090
:10100000202B0024082B002430B58BB0134B18780C
:1010100010F001041BD1154603291CD8DFE801F0AC
:1010200002040A100C4613E001A8FFF7F3FD079B2A
:101030002B600DE001A8FFF7EDFD089B2B8007E07A
:1010400001A8FFF7E7FD089B5B0A2B6000E0032483
:1010500020460BB030BD0424FAE700BF6C0000242A
:1010600008B500220221024B186804F094FF08BD65
:10107000082B002408B500220121024B186804F057
:101080008AFF08BD082B002410B5D0F8D43203F134
:10109000B00250F822408CB100EB820043687BB173
:1010A00094F80002FF280DD09B6894F80122214695
:1010B0009847FF2384F80032002010BD0320FCE78E
:1010C0000020FAE70020F8E70A2303800048704771
:1010D000EC000024F8B506460F4F8221384600F098
:1010E00041FC05460121384600F03CFC04468121C4
:1010F000384600F037FC0DB11022AA711CB1402215
:1011000022710022627118B14022027100224271E4
:10111000432333800048F8BDA8000024F8B50646F4
:101120000F4F8221384600F01DFC0546012138464C
:1011300000F018FC04468121384600F013FC0DB184
:101140001022AA711CB1402222710022627118B1D2
:101150004022027100224271432333800048F8BDCF
:10116000A8000024F8B506460F4F8221384600F04B
:10117000F9FB05460121384600F0F4FB04468121C5
:10118000384600F0EFFB0DB11022AA711CB100220D
:1011900022710222627118B1002202710222427190
:1011A000432333800048F8BDA800002438B5D0F8A8
:1011B000D432B03350F8235095B1044606F086FF80
:1011C000C5F80C02D4F8D432B03304EB830463685E
:1011D000DB6805F50371D5F804029847002038BD97
:1011E0000320FCE738B5D0F8C852D0F8D432B03379
:1011F00050F8234084B301F00F0303EB830200EBAC
:10120000820292694AB103EBC30C05EB8C05ED69D0
:10121000B2FBF5FC05FB1C2292B10023C4F814328A
:10122000D0F8D432B03300EB830043681B69ABB114
:101230000A4604F50471D4F808029847002038BD26
:1012400003EB830300EB830300249C6123462246C7
:1012500006F084FF2046F2E70320F0E70020EEE7E7
:10126000F0B583B0D0F8D43203F1B00250F8227058
:1012700000228DF80720ADF80420002F7BD0044613
:101280000D46097811F0600634D0202E6CD1EA8822
:101290002AB311F0800F07D16B7887F80032EA8803
:1012A0003F2A13D8D2B212E0B03300EB83035B685D
:1012B0009B68394668789847EA88072A28BF07223A
:1012C0003946204600F017FF002651E0402287F8FB
:1012D00001223946204600F023FF002648E0B033C3
:1012E00000EB830463689B6800222946687898476E
:1012F00000263DE06F780B2F31D8DFE807F0063984
:101300003030303030303030162690F89C32DBB23E
:10131000032B04D0294600F062FB032628E00222BA
:1013200001A900F0E8FE3E4622E090F89C32DBB2D4
:10133000032B04D0294600F052FB032618E00122BB
:101340000DF1070100F0D7FE12E090F89C32DBB2FD
:10135000032B0DD0294600F042FB032608E0294666
:1013600000F03DFB032603E0294600F038FB03268E
:10137000304603B0F0BD0326FAE738B504468121B4
:1013800006F0CCFE002525870121204606F0C6FE8A
:10139000A4F878518221204606F0C0FEA4F84C50F3
:1013A000A4F84E50D4F8D43203F1B00254F82220FD
:1013B0009AB1B03304EB83035B685B689847D4F859
:1013C000D432B03354F8230006F08AFED4F8D43275
:1013D000B03344F82350C4F8BC52002038BD70B577
:1013E00004464FF4077006F077FE002849D0054602
:1013F0004FF4077200210BF045FAD4F8D432B03321
:1014000044F82350C4F8BC52237C002B41D14FF444
:10141000007302228121204606F075FE01262687F0
:101420004FF4007302223146204606F06CFEA4F809
:1014300078611023A4F84E3008230322822120462D
:1014400006F061FE0123A4F84C300026C5F80462C2
:10145000D4F8D432B03304EB83035B681B6898473D
:10146000C5F81462C5F81862D5F8042262B3257C69
:101470001DBB4FF400730121204606F077FE28467D
:1014800070BDD4F8D432B033002244F823200225B2
:10149000F5E7402302228121204606F034FE012692
:1014A0002687402302223146204606F02CFEA4F86F
:1014B00078611023A4F84E30BEE740230121204676
:1014C00006F054FE0025DAE70225D8E739B1D0F856
:1014D000D432B03300EB830041600020704703201A
:1014E0007047D0F8D432B03350F823302BB1C3F862
:1014F0000812C3F810220020704703207047D0F86C
:10150000D432B03350F823301BB1C3F8041200209A
:1015100070470320704708B5D0F8D432B03350F884
:1015200023209AB1D2F814320BB1012008BD012357
:10153000C2F81432D2F81032C362D2F81032D2F8A4
:101540000822812106F00AFE0020EFE70320EDE7E4
:1015500010B5D0F8D432B03350F8232092B1047CC7
:1015600044B94FF40073D2F80422012106F0FEFDC5
:10157000204610BD4023D2F80422012106F0F6FDDA
:101580000024F5E70324F3E798B108B503460020EB
:10159000C3F8B802C3F8C402C3F8D00209B1C3F853
:1015A000B412012183F89C121A70184606F042FD0D
:1015B00008BD0320704710B582B00023ADF8063097
:1015C00089B10446C0F8B812CB6A23B10DF1060008
:1015D0009847C4F8D002D4F8D8320133C4F8D832CE
:1015E000002002B010BD0320FBE708B506F083FD24
:1015F00008BD08B5D0F8B83213B11B68984708BDCC
:101600000020FCE708B5D0F8B8325B68984700B90D
:1016100008BD0320FCE738B5044600F2AA25284699
:1016200000F0C9F90123C4F89432B4F8B032C4F818
:10163000983294F8AA1201F01F03012B0DD0022B4F
:1016400010D02BB101F08001204606F06FFD03E0C1
:101650002946204600F096FB38BD2946204600F07A
:10166000CCFBF9E72946204600F009FCF4E7F8B581
:101670000446012380F89C320023C0F89432436072
:10168000C0F8A43280F8A032D0F8B832DBB15B6881
:10169000DBB1002198470746C8B940230022114614
:1016A000204606F030FD0126A4F864614025C4F808
:1016B00060512B4600228021204606F024FDA6849E
:1016C00025623846F8BD0027E7E70027E5E703274E
:1016D000E3E701740020704790F89C32DBB2042BE2
:1016E00004D090F89C32DBB280F89D32042380F85D
:1016F0009C320020704790F89C32DBB2042B01D062
:101700000020704790F89D32DBB280F89C32F7E7FA
:1017100008B590F89C32DBB2032B01D0002008BD45
:10172000D0F8B832002BF9D0DB69002BF6D09847FF
:10173000F4E708B5D0F8D432AE3350F823205AB1CC
:1017400090F89C32DBB2032B01D0002008BD136A55
:1017500023B198470020F9E70320F7E70020F5E7D9
:1017600008B5D0F8D432AE3350F823205AB190F8EF
:101770009C32DBB2032B01D0002008BD536A23B199
:1017800098470020F9E70320F7E70020F5E700205D
:10179000704708B5012380F89C32D0F8B83223B1E5
:1017A0005B680179984710B908BD0020FCE7032069
:1017B000FAE7002070470020704738B504460D4610
:1017C000002943D11346D0F89422032A01D00846B9
:1017D00038BDD0F85C11D0F86021914212D890F851
:1017E000AA3203F01F03012B17D0022B1CD028466E
:1017F00094F89C32DBB2032B1BD0204600F0A7FCF0
:101800002846E5E7891AC0F85C118A4228BF0A46D3
:10181000194600F094FC2846DAE790F8AE12FFF77C
:10182000C8FF0028E9D1E3E790F8AE12FFF7C3FF45
:10183000F7E700F1AE0354F823301A69002ADCD030
:10184000C4F8D4021B6920469847D6E701F07F010F
:10185000FFF7B1FF90B994F89C32DBB2032BB7D1FC
:1018600000F1AE0354F823309A69002AB0D0C4F8CE
:10187000D4029B69294620469847A9E70020A7E79C
:1018800038B504460D4600294BD11346D0F89422B2
:10189000022A07D094F8A00218B1002384F8A032DD
:1018A000284638BDC269016A8A420ED88A4218D0D9
:1018B00094F89C32DBB2032B27D08021204606F01F
:1018C00035FC204600F04EFCE4E7521AC26119468E
:1018D00000F01EFC00231A461946204606F046FC7E
:1018E000D8E783699942E3D8D0F898229342DFD2AF
:1018F0000022114600F00CFC0021C4F898120B469F
:101900000A46204606F032FCC4E7D4F8B832DA685A
:10191000002AD2D00022C4F8D422DB68204698479F
:10192000CBE741F08001FFF746FF90B994F89C3275
:10193000DBB2032BB5D100F1AE0354F823305A6962
:10194000002AAED0C4F8D4025B69294620469847E5
:10195000A7E70020A5E703780A8813440B800378E3
:1019600018447047428803789A4218D930B583B03A
:1019700004460D46ADF806306288BDF806309A423E
:101980000AD90DF10601FFF7E6FF4378052BF3D1E5
:101990008378AB42F0D100E0002003B030BD0020DE
:1019A00070470346002002E00130C0B201331A78CC
:1019B000002AF9D170470B7803704B7843708B780D
:1019C000CA7843EA022343800B794A7943EA022327
:1019D00083808B79CA7943EA0223C380704710B5AC
:1019E0000446802106F0A2FB0021204606F09EFB63
:1019F00010BD30B583B004460D460023ADF8063067
:101A00004A88130A013B0E2B00F2BC80DFE803F08A
:101A1000153044BABA9EABBABABABABABABA080062
:101A2000D0F8B432DB6923B10DF10601007C984790
:101A30000AE02946FFF7D3FF18E0D0F8B4321B685C
:101A40000DF10601007C9847EA88002A00F0A38087
:101A5000BDF80630002B00F099809A4228BF1A4644
:101A6000ADF806200146204600F045FB03B030BD2E
:101A7000037C43B9D0F8B8329B6A0DF10600984751
:101A800002234370E0E7D0F8B832DB6A0DF10600BC
:101A9000984702234370D7E7D2B2052A52D8DFE82D
:101AA00002F003101D2A3744D0F8B4325B6823B12A
:101AB0000DF10601007C9847C6E72946FFF78FFF26
:101AC000D4E7D0F8B4329B6823B10DF10601007C55
:101AD0009847B9E72946FFF782FFC7E7D0F8B43245
:101AE000DB6823B10DF10601007C9847ACE729467D
:101AF000FFF775FFBAE7D0F8B4321B6923B10DF1D7
:101B00000601007C98479FE72946FFF768FFADE78D
:101B1000D0F8B4325B6923B10DF10601007C98471F
:101B200092E72946FFF75BFFA0E7D0F8B4329B6944
:101B300023B10DF10601007C984785E72946FFF7A0
:101B40004EFF93E72946FFF74AFF8FE7037C33B93F
:101B5000D0F8B8325B6B0DF10600984774E7294660
:101B6000FFF73DFF82E7037C43B9D0F8B8321B6B27
:101B70000DF1060098470723437065E72946FFF7F4
:101B80002EFF73E72946FFF72AFF6FE72946204615
:101B9000FFF725FF6AE7204600F0D9FA66E738B577
:101BA00004468B88FBB9CB88EBB94B887F2B1AD8BE
:101BB00003F07F0590F89C32DBB2032B0CD080F849
:101BC0009E52294606F0C2FA204600F0C0FA35B10E
:101BD000022384F89C3209E0FFF701FF06E00123AD
:101BE00084F89C3202E02046FFF7F9FE38BD000081
:101BF00070B504460E468D782F4B1D70012D10D800
:101C000090F89C32DBB2022B0FD0032B26D0FFF7CB
:101C1000E6FE294B19782046FFF7F4FC03252846F9
:101C200070BDFFF7DCFE0325F9E7A5B14560294645
:101C3000FFF7DFFC054638B131462046FFF7CFFEFF
:101C4000022384F89C32EAE7204600F080FA03235E
:101C500084F89C32E3E700F07AFAE0E7CDB141681E
:101C60008D4225D0C9B2FFF7CDFC134B19786160C6
:101C70002046FFF7BEFC0546B0B131462046FFF7CF
:101C8000AEFE21792046FFF7BDFC022384F89C328A
:101C9000C5E7022380F89C3245602946FFF7B2FC75
:101CA000204600F054FABAE7204600F050FAB6E7B2
:101CB00000F04DFA0025B2E7202D002408B5CB88AE
:101CC000012B0BD190F89C32DBB2022B09D9032BEC
:101CD00009D10122011D00F00EFA01E0FFF77FFE9D
:101CE00008BD5BB213B9FFF77AFEF9E7014600239E
:101CF00041F8083F012200F0FEF9F1E708B590F83D
:101D00009C32013B022B12D8CB88022B0CD1012331
:101D1000C360D0F8A4320BB10323C360022200F1E8
:101D20000C0100F0E8F908BDFFF759FEFBE7FFF7EB
:101D300056FEF8E708B54B88012B04D0022B07D0DC
:101D4000FFF74DFE08BDC0F8A43200F000FAF9E735
:101D50008B881B0A80F8A03200F0F9F9F2E708B589
:101D600090F89C32013B022B09D84B88012B00D004
:101D700008BD0023C0F8A43200F0E9F9F8E7FFF746
:101D80002EFEF5E738B50C7804F06004202C06D060
:101D9000402C04D06CB1FFF722FE002407E0D0F8FD
:101DA000D432AE3350F823309B689847044620461F
:101DB00038BD4D78092D1DD8DFE805F012191C1625
:101DC0001C08051C0F0BFFF714FEF0E7FFF7E7FEFA
:101DD000EDE7FFF70DFF0446E9E7FFF76FFFE6E7E2
:101DE000FFF78CFF2C46E2E7FFF7A4FFDFE7FFF7E2
:101DF000B6FFDCE7FFF7F3FDD9E770B505460C4603
:101E00000B7803F06003202B07D0402B05D023B1C3
:101E1000FFF7E5FD0026304670BD95F89C32013B8A
:101E2000022B26D82179012905D921462846FFF71A
:101E3000D6FD0026EFE72846FFF7BBFC68B900F1A6
:101E4000AE0255F82220916889B1C5F8D402936892
:101E5000214628469847064600E00326E388002BE3
:101E6000D9D1002ED7D1284600F071F9D3E7032647
:101E7000F4E721462846FFF7B2FD0026CBE72DE91F
:101E8000F04106460D468B88DFB20C7804F0600402
:101E9000202C08D0402C06D0DCB1FFF7A0FD002498
:101EA0002046BDE8F08139463046FFF784FC044601
:101EB000002840F0F980C6F8D40200F1AE0356F8CD
:101EC00023309B68002BEBD02946304698470446C8
:101ED000E6E791F80180B8F1010F31D0B8F1030FB6
:101EE00005D0B8F1000F66D0FFF779FDD8E790F87C
:101EF0009C32DBB2022B04D0032B11D0FFF76FFD15
:101F0000CEE7002F18BF802F07D0394606F00EF914
:101F10008021304606F00AF9C2E7FFF760FDBFE70F
:101F20004B882BB9002F18BF802F01D0CB881BB155
:101F3000304600F00CF9B3E7394606F0F7F8F7E75A
:101F400090F89C32DBB2022B04D0032B11D0FFF7A8
:101F500046FDA5E7002F18BF802F07D0394606F0B1
:101F6000E5F88021304606F0E1F899E7FFF737FD04
:101F700096E74B88002B93D117F07F0F17D130468F
:101F800000F0E5F839463046FFF715FC002887D108
:101F9000C6F8D40200F1AE0256F822209268002A58
:101FA00000F08480294630469047044678E7394659
:101FB00006F0C4F8E3E790F89C22D2B2022A05D0DA
:101FC000032A28D0FFF70BFD444669E7002F18BF0E
:101FD000802F13D113F0800F14D107F07F0707EB88
:101FE0008707B90001F5A8710144043100230B6093
:101FF0000222304600F07FF8444651E7FFF7EFFC3D
:1020000044464DE707F07F0707EB8707B90010311B
:1020100001440431EAE75BB2002B20DB07F00F023A
:1020200002EB820200EB8202B2F8642122B3002BA1
:1020300026DB07F07F0303EB83039C0004F5A87401
:1020400034440434802F18BF002F22D10023236092
:1020500002222146304600F04EF8444620E707F0C1
:102060000F0202EB820200EB8202928C002ADED188
:10207000FFF7B5FC444613E7FFF7B1FC44460FE712
:1020800007F07F0303EB83039C00103434440434D3
:10209000D8E73946304606F003F810B10123236033
:1020A000D6E700232360D3E70024F9E60446F7E6E9
:1020B00000B370B50D4616460446FFF772FC0130BA
:1020C0004300B3F5007F06D89BB233802B70032307
:1020D0006B7002230AE04FF40073F6E7EA54013410
:1020E0005A1CD2B20021A9540233DBB22278002A52
:1020F000F4D170BD704708B513460222C0F894228F
:102100008361C3610A46002106F028F8002008BD5B
:1021100008B513460A46002106F020F8002008BD45
:1021200008B513460322C0F89422C0F85831C0F80D
:102130005C310A46002106F019F8002008BD08B5F8
:1021400013460A46002106F011F8002008BD08B524
:102150000422C0F8942200231A46194605F0FEFF17
:10216000002008BD08B50522C0F8942200231A46B5
:10217000194605F0FBFF002008BD000008B5044B20
:1021800003EB8002526852680344187B904708BDF5
:10219000302D0024094B1B5C73B910B50446074B66
:1021A00003EB8002526812680344187B904710B911
:1021B000024B01221A5510BD00207047302D00241B
:1021C00038B5044C04EB80056D68AD680444207B91
:1021D000A84738BD302D002438B5044C04EB8005E9
:1021E0006D68ED680444207BA84738BD302D00247D
:1021F00010B5044B03EB8004646824690344187B26
:10220000A04710BD302D00244278007840EA02201B
:102210007047C278837843EA0222437843EA022374
:10222000007840EA03207047C279837943EA0222AA
:10223000437943EA0223027942EA0321C3F30743C5
:10224000C27842EA01221B0243EA1263817841EA22
:1022500002221B0243EA1263417841EA02211B0277
:10226000007840EA012043EA116170470170090AD1
:10227000417070470170C1F307234370C1F30743F6
:102280008370090EC17070470270C2F3072141705C
:10229000C2F307418170120EC2700371C3F30722AB
:1022A0004271C3F3074282711B0EC371704794469B
:1022B00032B10A78013102700130BCF1010CF8D161
:1022C000704701700130013AFBD1704784469CF899
:1022D00000000CF1010C0B780131C01A013A01D059
:1022E0000028F4D07047034600E00133187808B1A5
:1022F0008842FAD170470239036A023B8B4204D903
:102300004389406B01FB03007047002070472DE9B3
:10231000F04116461F46D0F80080046D04340025B5
:10232000B8F80C202B4630463946EEF7B5FCB8F825
:102330000A202B46EEF7B0FC024601E0121A0834E0
:10234000206818B18242F9D260681044BDE8F0817B
:1023500070B506460D4601F11A00FFF755FF3378B8
:10236000032B00D070BD044605F11400FFF74CFFAD
:1023700044EA0040F6E770B506460C46154691B2B1
:1023800004F11A00FFF772FF3378032B00D070BD01
:10239000290C04F11400FFF769FFF8E72DE9F0417B
:1023A00080460E4601F11A00FFF72EFF50BB35782C
:1023B00025F04005013D05EB450305EB83050127AD
:1023C000002404E04FF6FF73984220D101340C2C16
:1023D0000DD8124B185D3044FFF716FF002FF1D0D7
:1023E000FE2D12D828F8150007460135EEE73378A0
:1023F00013F0400F0DD0FE2D0DD8002328F8153016
:10240000012000E00020BDE8F0810020FBE7002073
:10241000F9E70120F7E70020F5E700BF98A10208DF
:102420002DE9F84380460F4691464B730F23CB723C
:1024300000240C73214607F11A00FFF717FF09F17A
:10244000FF3606EB460306EB8306254602E0013421
:102450000C2C11D84FF6FF739D4202D038F816505D
:1024600001360C4B185D29463844FFF7FFFE002D5E
:10247000EDD14FF6FF75EAE74FF6FF739D4202D0AC
:1024800038F816300BB949F0400987F80090BDE8DC
:10249000F88300BF98A1020870B582B005461646C1
:1024A0001C460B22FFF703FF052C11D807231FE062
:1024B00001310F290CD803F0010C0CEB44045B082C
:1024C00014F4803FF4D084F4883484F02104EFE7DE
:1024D0003388002BEAD002360021EAE75A1E08337F
:1024E0006B4403F8081C21090F2C0AD913460C462B
:1024F00004F00F0202F130013929EFD902F137015E
:10250000ECE77E2102F108036B4403F8081C00236A
:1025100000E00133934209D2E95C2029F9D105E0BA
:102520002020591CE854072909D80B46072AF7D858
:1025300002F10801694411F8080C0132F1E702B018
:1025400070BD01464FF00B0C0020C30143EA50035D
:102550000878013150FA83F3D8B2BCF1010CF4D100
:10256000704700B586464178013149010020034695
:1025700001E0013301338B420AD2022BF9D0420829
:1025800002EBC0321EF803C01CFA82F290B2F1E7EF
:102590005DF804FB00EB710070470146006808B16C
:1025A000024603E04FF0FF307047013213783A2BB8
:1025B00018BF1F2BF9D83A2B01D0002070470346D3
:1025C00013F8010B3038092898BF9A4207D1012827
:1025D00002D94FF0FF30704701320A6070474FF068
:1025E000FF30704738B50D46044698B103689BB17B
:1025F0001A78A2B18188DA88914203D00920002498
:102600002C6038BD5878FFF7B9FD10F0010009D1F2
:102610002468F5E70920F3E71C460920F0E70920C4
:102620000024EDE709200024EAE72DE9F041C57810
:1026300015B92846BDE8F0810446876B00F13C08D7
:1026400001233A4641464078FFF7C6FD0546A0B94A
:102650000023E370E36AFB1A626A9342E9D2A67828
:1026600008E0636A1F4401233A4641466078FFF759
:10267000B3FD013E012EF4D8DBE70125D9E770B5A3
:10268000836B8B4202D10026304670BD04460D4656
:10269000FFF7CBFF06460028F6D101232A4604F1B6
:1026A0003C016078FFF78CFD10B101264FF0FF353B
:1026B000A563E9E738B504460023C3704FF0FF3344
:1026C0008363FFF7DCFF60BB054604F23A20FFF7A7
:1026D0009BFD4AF65523984225D194F83C30E92BCE
:1026E0000ED0E36B03F0FF13114A934208D00B2284
:1026F000104904F13C00FFF7E9FDB8B1022513E0F1
:1027000004F17200FFF785FD20F07F400A4B9842EC
:102710000AD004F18E00FFF77CFD084B9842E6D109
:1027200002E0042500E00325284638BD0125FBE72B
:10273000EB009000C4A002084641540046415433C7
:102740002DE9F04F87B00D46164600230B60FFF7CA
:1027500024FF071EC0F20D82914B53F82740002C36
:1027600000F00C822C6006F0FE06237873B16078CE
:10277000FFF704FD10F0010508D1002E00F0FA81EA
:1027800010F0040F00F0F6810A25F3E10023237016
:10279000F8B26070FFF7FEFC10F0010F40F0F0811E
:1027A0001EB110F0040F40F0ED8104F10C02022183
:1027B0006078FFF71DFD0546002840F0E581A289FD
:1027C000A2F500739BB2B3F5606F00F2DF81531E78
:1027D0001A4201D00125CDE100212046FFF76AFF12
:1027E000022800F0C5800026042800F0D1810128CD
:1027F00000F2D08100F0558104F14700FFF704FD9D
:10280000B4F80C80404540F0DB8104F15200FFF742
:10281000FBFC074620B904F16000FFF7FAFC07460D
:10282000676294F84C20A270531EDBB2012B00F2B9
:10283000C98107FB02F3009394F84990A4F80A9029
:10284000B9F1000F00F0C08109F1FF3319EA030F5D
:1028500040F0BC8104F14D00FFF7D6FC8246208198
:102860004FEA581BB0FBFBF30BFB13039BB2002B8F
:1028700040F0AE8104F14F00FFF7C6FC019020B993
:1028800004F15C00FFF7C5FC019004F14A00FFF77A
:10289000BBFC0146002800F09D81009BC318BAFBD9
:1028A000FBFB5B44019A9A42C0F09681D21AB2FBBC
:1028B000F9F04A45C0F092814FF6F572904240F22D
:1028C0000D814FF0030B40F6F572904201D84FF0A6
:1028D000010B00F10209C4F82090A6628A19E26295
:1028E00033446363BBF1030F00F0FB80BAF1000FC8
:1028F00000F07A81009B1A442263BBF1020F00F0C2
:10290000018109EB490309F0010909EB5309C144AD
:1029100009F1FF33B3FBF8F8B84500F267814FF0D7
:10292000FF33E361A36180232371BBF1030F00F048
:10293000EC8084F800B01B4A138801339BB21380EB
:10294000E38017E1002006AB03EB860343F8100C8D
:102950000136032E0ED804F13C00330103F5DF737A
:1029600018440379002BEDD00830FFF752FCEAE75A
:102970000026EEE700270AE031462046FFF79AFEE0
:1029800001287FF631AF0137032F3FF62DAF06AB9D
:1029900003EB870353F8106C002EEDD10320F2E710
:1029A000242D00242C2D002401333F2B04D8E218C1
:1029B00092F83C20002AF7D03F2B40F2ED8004F142
:1029C000A400FFF721FCB0F5807F40F0E78094F889
:1029D000A82001239340A289934240F0E18004F1B2
:1029E0008400FFF721FC871941F100084FF0FF3305
:1029F000BB424FF0000373EB0803C0F0D38004F137
:102A00009000FFF706FC606294F8AAA084F802A088
:102A1000BAF1010F40F0C88094F8A9304FF00109D5
:102A200009FA03F91FFA89F9A4F80A90B9F1000F1D
:102A300000F0BC8004F19800FFF7EBFB83466C4B81
:102A4000984200F2B580831C2362A66204F19400D0
:102A5000FFF7DFFB83190093636304F18C00FFF73A
:102A6000D8FB0644E66200230BFB09F9009A12EB3F
:102A700009095B414F4578EB0303C0F09B8004F1EB
:102A80009C00FFF7C6FB014620632046FFF733FC9E
:102A900001462046FFF7F3FD002840F08D80002618
:102AA00002E00B2381E72036A789B7420DD9A3198D
:102AB00093F83C30812BF6D104F13C0306F114006D
:102AC0001844FFF7A6FB0228EDD1B74276D04FF0AD
:102AD000FF33E361A3614FF0040B2AE74FF0020BD1
:102AE000F1E604F16600FFF78FFB002878D1BAF118
:102AF000000F77D104F16800FFF78BFB20634FEAEA
:102B0000890904E74FEA490901E704F16C00FFF77E
:102B10007BFB01287FF40DAF711C2046FFF7AFFD52
:102B200000287FF406AF0023237104F23A20FFF758
:102B30006BFB4AF6552398427FF4FBAE04F13C0050
:102B4000FFF767FB2B4B98427FF4F3AE04F5087058
:102B5000FFF75FFB284B98427FF4EBAE04F509705A
:102B6000FFF757FBE06104F50A70FFF752FBA06125
:102B7000DFE60B25284607B0BDE8F08F0C25F9E706
:102B80000325F7E70A25F5E70125F3E70125F1E736
:102B90000125EFE70D25EDE70D25EBE70D25E9E72D
:102BA0000D25E7E70D25E5E70D25E3E70D25E1E731
:102BB0000D25DFE70D25DDE75546DBE70D25D9E7D8
:102BC0000D25D7E70D25D5E70D25D3E70D25D1E751
:102BD0000D25CFE70D25CDE70D25CBE70D25C9E761
:102BE0000D25C7E70D25C5E70D25C3E70D25C1E771
:102BF000FDFFFF7F52526141727241612DE9F04742
:102C0000054691468F1E036A023BBB4200D800274F
:102C1000B8463C460026696B4FEAD40AAB89BAFB3A
:102C2000F3F319442846FFF72AFD844658BBA889C8
:102C3000BAFBF0F300FB13AA04F007020123934050
:102C4000DBB209E0A0460026A7421FD023B90AF153
:102C5000010A5045DFD9012305EB0A0292F83C1026
:102C600019405B00DBB201342A6A023AA24202D860
:102C70008246634600240029E4D101364E45E3D163
:102C800008F1020003E04FF0FF3000E00020BDE853
:102C9000F0872DE9F8430546174698468C1E416B90
:102CA000E6088289B6FBF2F3194402FB136604F0CE
:102CB0000704012303FA04F4E4B201F101092846F0
:102CC000FFF7DDFC024610B101221EE00124AB1922
:102CD00093F83C10214214BF01230023434513D035
:102CE000AB19614083F83C100123EB70013F0CD01D
:102CF0009C4014F0FF04EAD11E44AB890124B34286
:102D0000E4D849460026D8E702221046BDE8F883F9
:102D10002DE9F047012940F2A38004460D461646EE
:102D2000036A8B4240F2A0800378022B7FD042D806
:102D3000012B3ED101EB5108C16A8389B8FBF3F343
:102D40001944FFF79CFC0746002840F08A8004F1F4
:102D50003C0A08F10109A389B8FBF3F203FB1288CE
:102D600015F0010558D01AF9083003F00F033201AD
:102D700002F47F621343DBB20AF808300123E370E8
:102D8000E16AA389B9FBF3F319442046FFF777FC06
:102D90000746002865D1A389B9FBF3F203FB12991A
:102DA000002D3BD0C6F307160AF809600123E37033
:102DB00057E0022755E0033BDBB2012B56D8C16A2E
:102DC00083899B08B5FBF3F31944FFF758FC0746CA
:102DD000002846D12378042B0FD026F0704604F14A
:102DE0003C03A800A289B0FBF2F102FB11001844D9
:102DF000FFF70FFA00F07040064304F13C00AD000D
:102E0000A389B5FBF3F203FB125531462844FFF7C3
:102E100031FA0123E37024E0F3B2ADE71AF9093087
:102E200023F00F03C6F303261E43F6B2BCE7C16AC4
:102E300083895B08B5FBF3F31944FFF720FC0746D1
:102E400078B904F13C006D00A389B5FBF3F203FBF4
:102E50001255B1B22844FFF709FA0123E37000E0EC
:102E600002273846BDE8F0870227FAE70227F8E78D
:102E700070B504460D46164607E03246FFF748FF98
:102E8000034658B9E369013BE361E36933B1206864
:102E9000EA1A511C012BF0D90232EFE7184670BD37
:102EA000C379032B02D000231846704770B506463D
:102EB000816884694CB14D1C2A463068FFF728FFB1
:102EC000034620B9013C2946F4E70023F371184674
:102ED00070BD2DE9F0410668012940F2B480054635
:102EE0000C46336A8B4240F2B1803378013B032BAE
:102EF00000F2AE80DFE803F002354C6501EB5105CE
:102F0000F16AB389B5FBF3F319443046FFF7B7FB19
:102F100010B14FF0FF3097E06F1CB389B5FBF3F2AF
:102F200003FB1255354495F83C50F16AB7FBF3F3B7
:102F300019443046FFF7A3FB002840F08B80B3898B
:102F4000B7FBF3F203FB12773E4496F83C0045EAE8
:102F5000002014F0010F01D0000975E0C0F30B0050
:102F600072E0F16AB3895B08B4FBF3F319443046AD
:102F7000FFF785FB002870D106F13C006400B3899F
:102F8000B4FBF3F203FB12442044FFF73DF95BE08E
:102F9000F16AB3899B08B4FBF3F319443046FFF799
:102FA0006EFB00285CD106F13C00A400B389B4FBA1
:102FB000F3F203FB12442044FFF72BF920F070409A
:102FC00042E00069696950EA01034CD0AF68E71B31
:102FD0000138B6F80C8042464FF0000341F1FF3152
:102FE000EDF75AFE7389B0FBF3F0EB79022B08D0B2
:102FF000032B0BD0022B3BD0EB6963B16FF0004089
:1030000022E08742F4D830D0601C1DE0AA69BA42A1
:10301000F0D9601C18E0F16A4FEA9803B4FBF3F3AF
:1030200019443046FFF72BFB20BB06F13C00A400FF
:10303000B389B4FBF3F203FB12442044FFF7E9F831
:1030400020F0004000E00120BDE8F0810120FBE716
:103050000120F9E74FF0FF30F6E74FF0FF30F3E7DC
:103060004FF0FF30F0E70120EEE76FF00040EBE7B4
:103070000120E9E74FF0FF30E6E72DE9F041074690
:103080000E46D0F8008098F80030042B31D04FF471
:103090000013B3424ED916F01F0F4DD13E63BC68EA
:1030A0003CB998F80030022B03D9D8F830400023FF
:1030B000FB710CBBB8F80830B3EB561F3ED9D8F8FB
:1030C0003030BB637C63BB6B002B3FD0B8F80C2067
:1030D000B6FBF2F21344BB6308F13C03B8F80C10E2
:1030E000B6FBF1F201FB12611944F9630020BDE85F
:1030F000F0814FF08053CCE7B8F80A50B8F80C30A4
:1031000003FB05F5AE420FD321463846FFF7E1FE3B
:103110000446B0F1FF3F13D0012813D9D8F820306E
:10312000834211D9761BEDE721464046FFF7E3F8CD
:10313000B863C7E70220DAE70220D8E70220D6E723
:103140000120D4E70220D2E70220D0E70220CEE718
:103150002DE9F8430746D0F80080894641B9D8F8F0
:103160001860B6B1D8F82030B34213D8012611E068
:10317000FFF7AFFE0546012840F2A480B0F1FF3F03
:1031800000F0AA80D8F82030834200F2A5804E4695
:1031900000E0012698F80030042B01D0344652E0BC
:1031A000012231464046FFF729FD0546431E13F133
:1031B000030F00F2918001231A4601464046FFF7B3
:1031C00068FD034602287FD001287FD0B9F1000FA7
:1031D00018D10222FA71FA79022A68D009F10102A3
:1031E000AA421BD0FB690BB90123FB612A46494661
:1031F0003846FFF73DFE034600285AD10122FA6106
:103200002C4638E0FA79022AE5D1721CAA42E2D0B3
:10321000BA68B21ABA610322FA71DCE7FA691AB124
:103220000132FA612C4626E00222FAE721463846AE
:10323000FFF74FFE054678B1B0F1FF3F18BF0128F8
:103240004AD0B44247D00134D8F82030A342EDD858
:10325000012E3ED90224E9E74FF0FF3221464046D5
:10326000FFF756FD0346B0FA80F04009B9F1000FB0
:1032700008BF0020A0B9F3B9C8F81840D8F81C203E
:10328000D8F82030023B9A4202D8013AC8F81C20F4
:1032900098F8043043F0010388F8043025461BE019
:1032A000224649464046FFF733FD0346E3E72C46F6
:1032B000E1E72C46DFE7012B01D001250CE04FF0C0
:1032C000FF3509E0012507E0012505E04FF0FF3556
:1032D00002E0002500E000252846BDE8F8832DE93E
:1032E000F843056801296BD907460C4691462B6ABD
:1032F0008B4267D972B12B78042B02D1C379022B90
:1033000008D04FF0FF3249462846FFF701FD03463B
:10331000002858D1A04611E0002231462846FFF788
:10332000F7FC0346C8B14EE0731CA34203D02B78D0
:10333000042B1ED0A0462B6AA34226D9264621463E
:103340003846FFF7C6FD0446F8B101283ED0B0F17B
:10335000FF3F3DD02B78042BDED1EA692B6A023B7C
:103360009A42E1D20132EA612B7943F001032B71D9
:10337000DAE7A6EB08020023013241462846FFF7B0
:1033800088FC0346F8B9A046D5E72B78042B01D07A
:10339000002318E0B9F1000F02D10023FB7112E005
:1033A000FB79032B01D000230DE0BB684B4511D8FE
:1033B000BA6913444B450FD30223FB71002302E08B
:1033C000022300E002231846BDE8F8830223FAE74F
:1033D0000123F8E70023F6E70023F4E72DE9F8439B
:1033E0000668046B836B002B00F0818005460F4656
:1033F00020343278042A1ED04FF40012A24278D929
:10340000B189B4FBF1F201FB12423AB90133AB636B
:10341000696BB9B93389B3EB541F0FD92C6306F12B
:103420003C03B289B4FBF2F102FB11441C44EC638F
:103430000020BDE8F8834FF08052DFE70023AB6344
:103440000420F6E7B289B4FBF2F27389013B12EA79
:103450000308E3D12846FFF73CFD814601284AD9FD
:10346000B0F1FF3F49D0336A834238D8AFB1696BBE
:103470002846FFF76DFE8146002840D0012840D045
:10348000B0F1FF3F3FD0EB7943F00403EB713046DE
:10349000FFF7CBF828B10120CBE70023AB63042072
:1034A000C7E7B289002106F13C00FEF70AFF494652
:1034B0003046FEF720FFB063738943450BD90123E3
:1034C000F3703046FFF7B1F8F8B908F10108B36BB3
:1034D0000133B363F0E7B36BA3EB0803B363C5F841
:1034E000349049463046FEF706FFA86396E704206D
:1034F0009FE704209DE702209BE7012099E7072032
:1035000097E7022095E7012093E7012091E700006B
:103510002DE9F041044600684769A16BFFF7AFF859
:10352000054620B9E16B0B78852B03D00225284690
:10353000BDE8F08120223846FEF7B9FE7E780136DC
:103540007601A6F16003B3F5007F51D80021204633
:10355000FFF744FF05460028E9D1A16B2068FFF77B
:103560008EF805460028E2D1E16B0B78C02B01D024
:103570000225DCE72022B818FEF799FE97F82330E1
:103580002C331E4AA2FB0323DB08B6EB431F31D3C7
:103590004FF0400803E008F1200846451AD9002101
:1035A0002046FFF71BFF05460028C0D1A16B20680D
:1035B000FFF765F805460028B9D1E16B0B78C12B00
:1035C0001AD1B8F5187FE6D2202207EB0800FEF7E3
:1035D0006EFEE0E7B8F5187FA9D83846FEF7C1FFC0
:1035E0000446B81CFEF710FE8442A0D002259EE7D8
:1035F00002259CE702259AE7022598E789888888B2
:1036000010B504460B6803600B6A836091F82430A0
:10361000C3714B6A23F0FF03036100234361896A8E
:10362000C164FFF72AFD00B110BD2046FFF770FF0F
:10363000FAE72DE9F8430446884606684FF0FF098B
:103640004F46042508E0852B28D000212046FFF7AF
:10365000C5FE0546002859D1A16B002956D0304639
:10366000FFF70DF80546002850D1E16B0B78002BD1
:103670004BD03278042AE6D0CA7A02F03F02A27117
:103680002E2B18BFE52B3CD022F02000082814BFB9
:103690000020012040450ED0FF27D6E7236BE364CE
:1036A0002046FFF735FF054680BB73691B7903F0A1
:1036B0003F03A3712AE00F2A19D113F0400F06D05F
:1036C00091F80D9003F0BF03226BE2641F46BB42EA
:1036D00001D0FF27B9E74B7B4B4501D0FF27B4E76B
:1036E0003069FEF75BFE70B1013FFFB2ADE727B96D
:1036F0000846FEF726FF484508D04FF0FF33E36445
:1037000004E0FF27A1E7FF279FE704250DB1002371
:10371000A3632846BDE8F883F8B504460F4606685B
:103720000021FFF7AAFC024620BB00250CE0E36B5A
:1037300093F90030DB43DB0F17E000250121204621
:10374000FFF74CFE0246A8B9A16B3046FEF797FF83
:10375000024678B93378042BE9D0E36B1B78002B51
:1037600018BFE52B0CBF01230023002BE5D001354A
:10377000BD42E3D1042A01D01046F8BD0722FBE781
:10378000F8B5044603685E693046FEF7EAFE014676
:10379000B01CFEF76BFD77780137E16C2046FFF730
:1037A0006CFC054605E0203600212046FFF716FE9A
:1037B00005467DB9A16B2068FEF761FF054648B953
:1037C00020223146E06BFEF772FD23680122DA7099
:1037D000013FE8D1022D28BF0225E8B2F8BD70B53F
:1037E00004460568066BC16CB1F1FF3F14D0FFF7CA
:1037F00044FC0346F8B90FE0E16B0A7802F07F025F
:103800000A700122EA70226BB24212D200212046D5
:10381000FFF7E4FD034660B9A16B2846FEF72FFFD2
:10382000034630B92A78042AE6D0E26BE52111700C
:10383000E7E7042B01D0184670BD0223FBE7000028
:1038400070B50446FEF7F1FE054648B92378032B10
:1038500008D0002211466078FEF7CAFC00B10125AD
:10386000284670BD2379012BF3D104F13C06A289CF
:1038700000213046FEF725FD4AF6552104F23A2094
:10388000FEF7F4FC0E493046FEF7F4FC0D4904F552
:103890000870FEF7EFFCE16904F50970FEF7EAFC39
:1038A000A16904F50A70FEF7E5FCA26A0132A26381
:1038B000012331466078FEF78FFC00232371C8E7AF
:1038C00052526141727241612DE9F04F83B08046DE
:1038D0008A46D1F8009003681D69002423461DE044
:1038E000013719F807305C2B18BF2F2BF8D04F4445
:1038F000CAF800701F282ED84FF0040974B36FF077
:103900000043234435F81330202B18BF2E2B25D12C
:10391000013CF3E725F8146001343B465F1C19F8BD
:1039200003001F28E3D95C2818BF2F28D9D0FE2C0C
:1039300000F2D780012102F0A6FA0646002800F026
:10394000D2807F28E6D801466948FEF7CCFC0028E3
:10395000E0D006206FE04FF00009CFE7002325F804
:103960001430002C00F0C1800B22202108F140000F
:10397000FEF7A7FC002335F813202E2A18BF202AB3
:1039800001D10133F7E71BB149F0030900E0013C25
:103990006CB16FF00042224435F812202E2AF6D185
:1039A0004FF0080B4FF0000ACDF804A008E0A24643
:1039B0004FF0080B0022019202E049F003093B4658
:1039C0005F1C35F81360BEB1202EF6D02E2E14BF2A
:1039D00000230123BC4208BF0023002BEDD1BC42D1
:1039E00018BFDA4537D3BBF10B0F27D0BC4201D04B
:1039F00049F00309BC4224D298F84030E52B61D04D
:103A0000BBF1080F62D0019B03F00C020C2A03D01B
:103A100003F00303032B01D149F0020919F0020F4F
:103A200006D1019B03F00303012B54D0042A55D087
:103A300088F84B90002003B0BDE8F08F49F00309EF
:103A4000DAE7019B9B00DBB2019323464FF00B0B9F
:103A50004FF0080AB4E77F2E0BD8BEB949F003092E
:103A60005F2608EB0A0383F840603B460AF1010A2F
:103A7000A6E70021304602F006FA064618B1A0F18A
:103A800080061C4B9E5D49F00209E6E731461A4864
:103A9000FEF729FC0028E1D1A6F141039BB2192BC6
:103AA00004D8019B43F002030193DAE7A6F1610316
:103AB0009BB2192BD5D8019B43F001030193203E03
:103AC000B6B2CEE7052388F8403099E7019B9B000A
:103AD000DBB2019397E749F01009A7E749F008091D
:103AE000A6E70620A7E70620A5E70620A3E700BF74
:103AF000D0A0020818A10208DCA002082DE9F041BC
:103B00000746884600264024354614E03819FEF75B
:103B10007BFB002102F0B7F9FE2D94BF00230123A7
:103B2000002808BF43F0010373B908EB050398763A
:103B300002340136013597F82330B34205D914F029
:103B40001F0FE3D10234E1E7002525B908EB050397
:103B50003F229A76013545440023AB7688F80D3034
:103B60003B7988F80C3013F0100F15D107F13800AD
:103B7000FEF75AFBC8F80000C8F8041007F10C0063
:103B8000FEF742FBA8F80A0007F10E00FEF73CFB27
:103B9000A8F80800BDE8F08100200146EAE72DE919
:103BA000F041D0F8008000238B76836B002B75D01A
:103BB00006460C4698F80030042B16D0C36CB3F1BF
:103BC000FF3F1BD000231D46D8F810205F1C32F8A1
:103BD000130080B1002102F056F958B1FE2D11D822
:103BE000621990763B460135EEE7D8F81400FFF7EE
:103BF00085FF53E0002525440023AB76A57E0022F7
:103C0000134612E00025F6E7E52317E015B9A018E2
:103C10002E278776A0182E274773013210E0102038
:103C20001CE0A018837601320B460A2B1BD8F06BE0
:103C3000591CC35C202BF7D0052BE5D00929E5D012
:103C4000A0184373002DEED1A3F14100C0B2192892
:103C5000E7D8F06B077B0829E1D808200742E0D0BD
:103C60002033DBB2DDE735B9A31800219976F36B79
:103C70001B7B03B90A46224400255573F36BDB7A9C
:103C80002373F06B1C30FEF7C4FA20606560F06BA4
:103C90001630FEF7BEFA6081000C2081BDE8F0818D
:103CA00038B50446002511E002F0EEF86B0803EB8E
:103CB000C533C2B212FA83F39AB2C3F34E0303EBD5
:103CC000C233C0F30F2010FA83F39DB234F8020B15
:103CD0000028E9D1284638BD2DE9F8430746884633
:103CE00040220021FEF7EDFA85233B70C02387F8C0
:103CF000203001250026A946402417E0294638191E
:103D0000FEF7B4FA023414F01F0F08D0002DF5D0DE
:103D100038F81650002DF1D00136F6B2EEE709F171
:103D200001095FFA89F938F8163033B1631CC122F2
:103D30003A550022FA540234E8E787F8236087F8FE
:103D400001904046FFF7ACFF014607F12400FEF763
:103D50008DFABDE8F88300002DE9F04781460F4653
:103D600001F11A00FEF750FAC8BB3E7806F03F0694
:103D7000013E06EB460306EB83064FF001080025E3
:103D800006E000202CE04FF6FF7398422AD101355F
:103D90000C2D18D8174B585D3844FEF735FA0446F9
:103DA000B8F1000FEFD0FE2EEBD802F06DF8804690
:103DB00006F1010A39F8160002F066F88045E0D1F4
:103DC000A0465646E3E73B7813F0400F0CD0B8F11D
:103DD000000F0BD039F8163053B9012000E0002055
:103DE000BDE8F0870020FBE70120F9E70120F7E7B5
:103DF0000020F5E798A102082DE9F84F044607686E
:103E00000021FFF73AF90646002840F0AB803B78E6
:103E1000042B06D04FF0FF33E3644FF0FF09C84690
:103E200046E03869FFF73CFF834620E0786940446C
:103E3000FEF7EAF902F028F881463B6933F81A00E8
:103E400002F022F881450CD1013DEDB208F10208E3
:103E50000AF1010A2DB118F01F0FE7D108F102088D
:103E6000E4E725B93B6933F81A30002B7AD00021FA
:103E70002046FFF7DEFB0646002873D17D6905F179
:103E80002400FEF7C1F95845F1D195F823504FF0C1
:103E9000000A4FF04008DDE74FF0FF33E3644FF0D6
:103EA000FF0800212046FFF799FA0646002859D15D
:103EB000A16B3846FEF7E3FB0646002852D1E56BBE
:103EC0002B78002B4DD0E97A01F03F02A271E52B4F
:103ED000E2D011F0080F01D00F2ADDD10F2A19D03E
:103EE000B8F1000F04D12846FEF72BFB484539D026
:103EF00094F84B3013F0010F06D10B2204F140016E
:103F00002846FEF7E3F968B34FF0FF33E3644FF060
:103F1000FF08C6E794F84B2012F0400FC1D113F010
:103F2000400F06D095F80D9003F0BF03226BE264BA
:103F30009846434502D04FF0FF08B2E76B7B4B45F4
:103F400002D04FF0FF08ACE729463869FFF704FFBD
:103F500020B108F1FF385FFA88F8A2E74FF0FF08B8
:103F60009FE704263046BDE8F88F30B583B004469D
:103F70000191056801E001330193019B1A785C2AE5
:103F800018BF2F2AF7D00022A260E2611B781F2BF6
:103F90002CD8802384F84B3011462046FFF76DF86B
:103FA0000346184603B030BD0428FAD112F0040FBE
:103FB000F7D10523F5E7A3682362236923F0FF0304
:103FC000E27913436362E36CA36268693430FEF7FD
:103FD00020F9A0606B6993F8213003F00203E371CC
:103FE00068693830FEF720F9C4E9040101A92046C8
:103FF000FFF76AFC03460028D3D12046FFF7FCFEFA
:1040000094F84B2003460028CED112F0040FC8D1FB
:10401000A37913F0100F10D02B78042BCBD005F11F
:104020003C03216BAA89B1FBF2F002FB1011194489
:104030002846FEF78DF9A060D8E70523B1E7000018
:104040002DE9F04399B0056890F84B3013F0A00FBC
:1040500040F0EB800646002400E001342B6933F881
:104060001430002BF9D12B78042B22D006F1400715
:104070000C22394615A8FEF71AF99DF85F3013F0A7
:10408000010F76D0402386F84B304FF00108B8F18D
:10409000630F64D843462A6915A93846FEF7FCF930
:1040A0003046FFF7A9FE8146002858D108F10108E3
:1040B000EDE70E34604BA3FB0434E408A11C30464A
:1040C000FFF72AFB8146002869D1336B0134A3EB4B
:1040D0004414F464B3681BB1F37913F0040F04D1F2
:1040E00029696869FFF7F8FD59E06B89AA8903FB24
:1040F00002F2336971699B1841F10001336171610A
:104100003046FEF7CDFE08B1814648E04FF0FF3261
:10411000716B3046FEF7ACFE08B181463FE0314698
:104120006846FFF76DFA08B1814638E06869D6E95C
:1041300004233830FEF7A8F86869D6E9042328304C
:10414000FEF7A2F8F3796A6943F0010382F821309F
:104150006846FFF715FB0028C2D081461FE0B8F182
:10416000640F65D0B9F1040F19D19DF85F3086F85E
:104170004B309DF85F3013F0020F14D00C342F4BEE
:10418000A3FB0434A408013421463046FFF7C4FAE7
:10419000814608B9013C08D1B9F1000F2BD048463F
:1041A00019B0BDE8F0830124EEE7316BA1EB4411B7
:1041B0003046FEF762FF81460028EDD13846FEF713
:1041C000C0F98046B16B2846FEF759FA81460028AF
:1041D000E2D14346E2B2F16B2869FEF721F90123EF
:1041E000EB7000213046FFF7F9F881460028D3D163
:1041F000013CE7D1D0E7B16B2846FEF740FA814693
:104200000028CCD120220021F06BFEF75AF80B22B7
:104210003946F06BFEF74BF896F84B30F26B03F033
:10422000180313730123EB70B9E74FF00609B6E7E3
:104230004FF00709B3E700BF898888884FECC44E68
:1042400010B584B0019000911446039103A8FEF7C5
:10425000A4F900281DDB104B53F820300BB10022CD
:104260001A70019B0BB100221A70019B0A4A42F896
:104270002030621E18BF0122002B08BF42F001024D
:1042800012B1002004B010BD01A96846FEF758FA2B
:10429000F8E70B20F6E700BF242D00242DE9F04FAE
:1042A00099B00191002800F090811646054602F071
:1042B0003F073A4603A901A8FEF742FA044630B187
:1042C0000CB100232B60204619B0BDE8F08F039B92
:1042D00004934FF48C6001F0CEFD8046002800F07E
:1042E0007681039B186100F500725A61019904A858
:1042F000FFF73BFE044618B99DF95B30002B53DBFA
:1043000016F01C0F00F0B580002C54D0042C4DD0BA
:1043100047F00807002C40F0BB8017F0080F00F0B2
:10432000B780FCF753FC0646DDF80C9099F8003096
:10433000042B4AD0014613980E30FDF79BFF3146FF
:1043400013981630FDF796FF139B2022DA72DDF8E2
:104350000C90DDF84CA051464846FDF7F9FF0646A3
:10436000002251464846FEF706F8002113981C30FB
:10437000FDF780FF039B0122DA70002E00F0888099
:10438000039BD3F838900022314604A8FEF7A7FF1C
:10439000044600287CD149460398FEF770F904468C
:1043A000013E039B9E6173E00624A9E704A8FFF782
:1043B00047FE0446ACE79DF8163013F0110F66D1A6
:1043C00016F0040FA6D0082462E0C5F80090D9F8D2
:1043D00014003430FDF71DFFA860D9F81400383000
:1043E000FDF722FFC5E90401D9F8143093F8213014
:1043F00003F00203EB71EC61D9F814003146083088
:10440000FDF738FF039B5A691475586931460C3023
:10441000FDF730FF039B5A6954755A6920211171C9
:10442000586921463430FDF725FF039B5869002267
:1044300000233830FDF728FF039B58690022002332
:104440002830FDF721FF039B5B69012283F82120BF
:1044500004A8FFF795F90446D0B9A968C1B10022B4
:104460002846FEF73CFF0446AB68013B039A936184
:104470000EE06CB99DF8163013F0100F4BD116F00A
:10448000020F05D013F0010F02D007240BE0072420
:104490004CB917F0080F01D047F04007039B9B6B06
:1044A000AB64139BEB64002C40F08980039E33784F
:1044B000042B32D0DDF84C9049463046FDF748FFDA
:1044C000A86009F11C00FDF7A4FE286100236B61C0
:1044D00000232B652E60039AD188A98085F830705F
:1044E00085F831306B6400200021C5E90E0117F01A
:1044F000200F64D02E69D5F8149056EA09035ED0D7
:10450000AE63C5F83C90B2F80AB0938903FB0BFB8D
:10451000AF68394624E00424C5E7069B2B62089B5C
:1045200023F0FF039DF8172013436B62179BAB62C8
:1045300070693430FDF76DFEA86070693830FDF7A2
:1045400073FEC5E90401736993F8213003F0020397
:10455000EB71BDE7B1F1FF3F12D0F61B69F1000925
:1045600084B95F46B3454FF0000373EB090309D2EA
:104570002846FEF7AEFC01460128EBD80224E9E705
:104580000124EAE70F462964CCB9DDF80CA0BAF89B
:104590000CB05A46002330464946ECF77DFB1343E6
:1045A0000DD039465046FDF7A6FE074658B15A468B
:1045B000002330464946ECF76FFB07446F644046E2
:1045C00001F05DFC7CE60224F9E709247BE6112476
:1045D00079E62DE9F04F85B004468B4615461E4618
:1045E0000023336003A9FDF7FDFF0190002840F090
:1045F000C08094F831300193002B40F0BA8094F8D9
:10460000303013F0010F00F0BF8023696269A06BA6
:10461000E16B1B1A62EB0102AB4272F1000280F007
:10462000B1801D46B2465CE0236D2BB132463B465D
:104630002046FDF76CFE74E0216C2046FEF749FC35
:104640006FE0022384F83130019392E0012384F873
:10465000313001938DE0022384F83130019388E0FA
:104660000399CB781BB1886BC01B484504D3039BCF
:104670009E8909FB06F626E08A893C3102FB00B0E0
:10468000FDF715FEF3E7676403988689A36BB3FB18
:10469000F6F206FB1233F61AB54200D22E46616CD2
:1046A000FDF7EDFF002868D1039B03F13C079A89D1
:1046B0000023D4E90E01ECF7EFFA114632463944F3
:1046C0005846FDF7F4FDB344A36BE26B9B1942F12E
:1046D0000002A363E263DAF800303344CAF8003022
:1046E000AD1B002D45D0A66BE76BDDF80C80B8F84C
:1046F0000C904A46002330463946ECF7CDFA134376
:10470000C2D14A46002330463946ECF7C5FAB8F81C
:104710000A30013B13EA000809D156EA070383D1A6
:10472000A06801288DD9B0F1FF3F8FD02064039E8F
:10473000216C3046FDF7DFFD074600288BD047444B
:10474000B389B5FBF3F9AB429DD808EB0903728935
:10475000934201D9A2EB08094B463A465946707874
:10476000FDF72EFD00283FF47BAF012384F83130A4
:104770000193019805B0BDE8F08F012384F8313032
:104780000193F6E7B246ACE707230193F1E72DE981
:10479000F04F85B004468B4615461E460023336015
:1047A00003A9FDF71FFF019000284ED194F8313086
:1047B0000193002B49D194F8303013F0020F00F030
:1047C0000581039B1B78042B00F0F580A36BEB4263
:1047D000C0F0F380DD43B246B2E0236D002B38D049
:1047E00032463B462046FDF792FD002800F0E78068
:1047F000012833D0B0F1FF3F35D02064A36803B95E
:10480000A0600398826B636C9A4231D0039E216C46
:104810003046FDF770FD074698B34744B389B5FBB2
:10482000F3F9AB4246D808EB09037289934201D9E8
:10483000A2EB08094B463A4659467078FDF7CCFC86
:1048400020B3012384F831300193019805B0BDE80D
:10485000F08F216C2046FEF77BFCC6E7022384F82C
:1048600031300193F1E7012384F831300193ECE713
:10487000FDF7DBFE0028C9D0012384F83130019315
:10488000E3E7022384F831300193DEE70398816B7C
:10489000C91B494504D3039B9E8909FB06F634E0F6
:1048A000828902FB01B13C30FDF701FD039B002230
:1048B000DA70F0E7A06BE26B21696369884272EB02
:1048C000030367D2676403988689A36BB3FBF6F290
:1048D00006FB1233F61AB54200D22E46616CFDF784
:1048E000CEFE002862D1039B03F13C079A89002386
:1048F000D4E90E01ECF7D0F9104632465946384457
:10490000FDF7D5FC039B0122DA70B344A36BE26B85
:10491000F31842F10002A363E263D4F810C06769A0
:1049200018461146634572EB070301D260463946CB
:1049300020616161DAF800303344CAF80030AD1B01
:10494000002D3CD0A66BE76BDDF80C80B8F80C901E
:104950004A46002330463946ECF79EF91343B2D15C
:104960004A46002330463946ECF796F9B8F80A3043
:10497000013B13EA00087FF444AF56EA07037FF4D3
:104980002CAFA06800287FF430AF00212046FEF74E
:10499000DFFB2AE73046FDF748FE10B9039B9F6313
:1049A00090E7012384F8313001934EE7012384F826
:1049B0003130019349E7B246C2E7B246C0E794F806
:1049C000303043F0400384F830303EE70723019352
:1049D0003BE7F0B597B0054615A9FDF703FE044681
:1049E00020B995F8303013F0400F02D1204617B0AF
:1049F000F0BDFCF7EBF8064615980378042B2CD095
:104A0000A96CFDF73CFE04460028EFD1EC6CE37A7C
:104A100043F02003E372AA6821462868FDF7ABFC47
:104A2000296904F11C00FDF725FC314604F116004C
:104A3000FDF720FC002104F11200FDF717FC159B87
:104A40000122DA701598FEF7FBFE044695F8303027
:104A500023F0400385F83030C8E72846FEF720FAF7
:104A60000446B8B1002CC1D14FF48C6001F003FAB8
:104A70000746002854D0159B186100F500725A6152
:104A800029466846FEF7BCFD044658B1384601F099
:104A9000F6F9ABE74FF0FF32296C2846FEF7E8F94C
:104AA0000446DFE7159B59690A7942F020020A7132
:104AB000EA79596942F0010281F821205869A96810
:104AC0003430FDF7D7FB159B5869D5E904233830FE
:104AD000FDF7DAFB159B5869D5E904232830FDF76B
:104AE000D3FB159B586931460C30FDF7C3FB159B72
:104AF0005A690021517558691030FDF7BBFB6846B3
:104B0000FEF73EFE04460028C0D11598FEF798FE39
:104B1000044695F8303023F0400385F83030B5E78F
:104B2000112463E710B582B00446FFF752FF08B1C5
:104B300002B010BD01A92046FDF754FD0028F7D1B1
:104B40002060F5E770B584B0019100285FD005467C
:104B5000002203A901A8FDF7F3FD044628B10CB11A
:104B600000232B60204604B070BD039B2B604FF4E4
:104B70008C6001F080F9064600284AD0039B18613A
:104B800000F500725A6101992846FFF7EEF90446D4
:104B9000C0B995F94B30002B0CDBAB7913F0100F3B
:104BA00033D0039C2378042B13D0E96B2046FDF708
:104BB000CFFBA860039BDB88AB8000212846FEF773
:104BC0005CFA0446304601F05AF9042CC7D105249A
:104BD000C6E7AB682B622B6923F0FF03EA79134326
:104BE0006B62EB6CAB6260693430FDF712FBA8605E
:104BF00060693830FDF718FBC5E90401636993F873
:104C0000213003F00203EB71D4E70524DAE709242D
:104C1000A8E71124A6E710B582B0044601A9FDF764
:104C2000E1FC00B9206002B010BDF0B583B00646CB
:104C30000D4601A9FDF7D6FC044640BBEDB14FF48B
:104C40008C6001F018F9074620B3019B186100F54C
:104C500000725A6100213046FEF7EBFC042800D0B8
:104C600088B929463046FEF79AFF00213046FEF704
:104C7000B5FB042808D0044606E000213046FEF7C4
:104C8000FCF9044603E00446384601F0F8F82046F3
:104C900003B0F0BD1124FAE72DE9F043B9B001905B
:104CA00002220FA901A8FDF74BFD0F9B2493044698
:104CB00018B1204639B0BDE8F0834FF48C6001F0A4
:104CC000DAF80546002878D00F9B186100F50072CD
:104CD0005A61019924A8FFF748F90446002857D1E2
:104CE0009DF9DB30002B44DB9DF8968018F0010F16
:104CF00052D10F9F02973B78042B1BD03399384633
:104D0000FDF726FB064618F0100F34D010971296C8
:104D10003B78042B24D0002110A8FEF7AEF90446FE
:104D200048BB002110A8FEF784FC0446B8B3042851
:104D300021D121E0D7F8149009F13400FDF769FA88
:104D40000646049009F13800FDF76EFACDE9060138
:104D50007B6993F8213003F002038DF80F30D2E71E
:104D6000DDE90623CDE914239DF80F308DF8473097
:104D7000D1E7002606245CB924A8FEF730FD0446DE
:104D8000B0FA80F04009002E08BF002048B97CB17D
:104D9000284601F074F88CE700260724EBE7072487
:104DA000E9E70022314602A8FEF799FA0446EEE749
:104DB0000F98FEF745FD0446EAE7112479E72DE94F
:104DC000F04F99B00190022203A901A8FDF7B8FCA9
:104DD000039B0493044618B1204619B0BDE8F08F38
:104DE0004FF48C6001F047F80546002800F0E88099
:104DF000039B186100F500725A61019904A8FFF73E
:104E0000B4F8002800F0D780042801D00446D3E08D
:104E1000002104A8FEF79CF9039A5389918901FBAC
:104E200003F3089300230993074600B90724012FD1
:104E30002AD0B7F1FF3F2ED044B3FBF7C7FE81461F
:104E40005CB3002C00F08780002C40F0AE80039B08
:104E50001A78042A00F08480139E494606F1160051
:104E6000FDF708FA3A4631460398FDF784FA102315
:104E7000F372039B0122DA70002C40F09D800398AE
:104E8000FEF7DEFC044697E00224D2E71046FDF769
:104E9000CCFB0446D1E70124CFE7DDF80CA039466E
:104EA0005046FDF728FA06460AF13C08BAF80C20ED
:104EB00000214046FDF705FA039B1B78042B1BD10C
:104EC000039BB3F80AA0BAF1000FBAD006F1010BA8
:104ED000039B9E630122DA700398FDF7A6FB04464C
:104EE0000028AED1039B9A8900214046FDF7E9F9DD
:104EF0000AF1FF3A5E46E6E70B2220214046FDF725
:104F0000E0F94FF02E038AF83C3010238AF847303E
:104F100049460AF15200FDF7ADF93A464146039879
:104F2000FDF729FA0AF15C0B202241465846FDF7AD
:104F3000BEF94FF02E038AF85D30069A0398037885
:104F4000032B03D05946FDF716FAB9E7036B9342DA
:104F5000F8D10022F6E704A8FFF772F8044673E7D9
:104F6000586949460C30FDF785F9039B5869394665
:104F70003430FDF77FF9039B586908993830FDF705
:104F800079F9039B586908992830FDF773F9039B59
:104F90005A69032182F821105B6910221A710DEB06
:104FA0000200FEF7EDFB044666E70022394604A83E
:104FB000FEF795F900E00824284600F060FF0BE7B3
:104FC000112409E72DE9F041BCB001900091684639
:104FD000FDF7E3FA022213A901A8FDF7B1FB04468D
:104FE00018B120463CB0BDE8F081139B28934FF4E4
:104FF0008C6000F040FF0546002800F0D180139B34
:10500000186100F500725A61019928A8FEF7ADFFFA
:10501000044628B99DF8EB3013F0A00F40F0BB8098
:10502000002C40F0B980139B1A78042A18D015225E
:1050300037990B3103A8FDF73AF9502228A90DEB57
:105040000200FDF734F9009914A8FEF78EFF04461C
:10505000002851D1169A2A9B9A4247D008244DE045
:105060004022596903A8FDF722F9502228A90DEB27
:105070000200FDF71CF9009914A8FEF776FF04461C
:1050800058B9169A2A9B9A4201D0082436E0209AF1
:10509000349B9A4203D0082430E004282ED114A86F
:1050A000FEF7CEFF044648BB139B5C6994F8018071
:1050B00094F8237004F12400FDF7A6F80646402278
:1050C00003A92046FDF7F3F8139B5B6983F8018081
:1050D000139B5A6982F82370586931462430FDF7D2
:1050E000C5F814A8FEF74CFB044607E0209A349B51
:1050F0009A4210D0082401E004280CD0002C4BD197
:1051000028A8FEF76CFB0446002845D11398FEF74B
:1051100097FB044640E014A8FEF792FF04460028DF
:10512000ECD1239E13220DF10E0106F10D00FDF7C7
:10513000BEF89DF80C3043F02003F372139B01225C
:10514000DA70F37A13F0100FD8D02A9A169B9A428D
:10515000D4D0139C31462046FDF7FAF8014620468C
:10516000FDF7C9F8014608B9022415E02046FDF70D
:1051700086FA139B03F15C0104460028BED193F824
:105180005D202E2ABAD1169A1846FDF7F4F8139B23
:105190000122DA70B2E70624284600F070FE20E70C
:1051A00011241EE72DE9F04F97B00F90884617465F
:1051B0001D460FA8FDF7F1F90028C0F2D485A74BD2
:1051C00053F820300BB100221A70C4B22046FCF70D
:1051D000E1FF10F0010F40F0C88510F0040F40F01F
:1051E000C68514AA03212046FDF702F838B9149B9E
:1051F0002BB1B3F5004F02D85A1E134201D0012340
:1052000014930DF1560202212046FCF7F1FF00280D
:1052100040F0B185BDF85690A9F500739BB2B3F587
:10522000606F00F2AA8509F1FF3319EA030F40F01D
:10523000A68517B1B94500F2A485B7F1807F00F2C9
:10524000A2857B1E3B40009340F09F85B7FBF9F29F
:105250000292209BB3FBF9F2039202FB09F6002EA7
:1052600000F0958513AA01212046FCF7C1FF002814
:1052700040F08F8518F00802059200F09280009BA4
:105280000193139B019A9342C0F085859B1A139357
:105290007F2B40F2828518F0040F0AD008F0070235
:1052A000042A00F08180B3F1806F7DD2029A802AB7
:1052B0007AD8029A802A00F2728518F0020108D08A
:1052C00008F00702022A00F0428318F0010F00F0F4
:1052D000438318F0010F00F064854FF00209049435
:1052E000029CB9F1030F00F04083002C00F06483AE
:1052F000A046B3FBF8F240F6F570824240F26D83AF
:10530000971C7F00BDF856201744013FB7FBF2F70A
:105310004FF4804EBEFBF2FE4FF0010A019A0AEBF9
:10532000020B07EB0B027244DDF850C00CEB0200DD
:105330000138CCF1000C00EA0C00801AB9F1030F1F
:1053400000F05383074402EB08120198121A9342AB
:10535000C0F05085A3EB0A02D21BA2EB0E02B2FBF7
:10536000F8F2B9F1030F00F04383B9F1020F40F0F6
:1053700067834FF6F570824240F24A8324B94FEAC0
:105380004802402A40F2ED82002940F0EC82002CD5
:1053900040F034854FEA4804802CA2D90E2000F05A
:1053A000E7BC3F2301936CE7B3F5805FC0F0FB845B
:1053B000B9450AD9B3F5002F4DD208220292B3F1B4
:1053C000806F02D34FF480720292019A02F12000A2
:1053D0000A90029FB3FBF7F20232BDF8561001EBC0
:1053E0008202013AB2FBF1FC6246CDF824C0821879
:1053F00014980244013A404210400890B0EB530F19
:1054000080F0D384019A121A1344B3FBF7F20C9282
:105410000F2A40F2CC84124B9A4200F2CA84D31D68
:10542000DA080D9207FB01F101EBD303013BB3FB5B
:10543000F1F30B93109307FB03030693009FBA4607
:1054400004974FF00009079432463E46A8464D4661
:10545000B946934626E040220292B0E7242D00246C
:10546000FDFFFF7F284600F00FFD044685423AD03D
:105470000135ADB2E0B208F807000499FDF78AF8EB
:1054800001467B1CC4F3072008F80300FDF782F8EF
:105490000490023709F10209BB4518BF002D2DD039
:1054A000002D40D0002EDDD0012E14D01FFA8AF43A
:1054B0002544ADB2009EDDE70AF1010A05EB0A04BE
:1054C000A4B224B1204600F0DFFC8442F4D0BAF14B
:1054D0007F0F0BD801266B1C9BB2BAF1010A09D0D1
:1054E0002C461D46C6E74FF0010AE7E702264FF6B5
:1054F000FF74BFE756462C461D46BBE7BDF8563045
:10550000DC19013CB4FBF3F42346069F3A464146BE
:105510000798FCF761FE002840F04D843B46234489
:105520000693009FBCE7CDF83890079C5E46454641
:10553000BDF856B0029B03FB0BF24B46D318013B60
:10554000B3FBF2F31193012212920D9A5A44013ADD
:10555000B2FBFBFB0B9AD31807935F1CDDF820907E
:10556000DDF80C802EE0FF22EA54083F0133B342FD
:105570002CBF00200120072F94BF002200F0010261
:10558000002AF0D1012205E0E95C1143E954520000
:10559000D2B2013F002F0CBF002100F00101002911
:1055A000F2D1DA46C34528BFC24653464A46294689
:1055B0002046FCF711FE002840F00C84D144BBEBE0
:1055C0000A0B06D0324600212846FCF77AFE009BE3
:1055D000CDE7DA465F46099BCDF818B0DDF828B074
:1055E0000094A8465546994646E06FF007014046AC
:1055F000FCF740FE4FF0FF3108F10400FCF73AFEE3
:105600000235082409E008EB0400012F3DD9691C8C
:10561000FCF730FE04340135013FB4422CBF0023B7
:105620000123002F0CBF002203F00102002AEAD15F
:10563000BAF1020F98BF002F06D116AA02EB8A0218
:1056400052F8187C0AF1010A002F0CBF002303F066
:105650000103002BE1D1039C4C4528BF4C46234657
:105660005A4641460098FCF7B7FD002840F0B48345
:10567000A344B9EB04090BD0324600214046FCF7A5
:1056800020FE002DB1D0069CC7E74FF0FF31BFE7E9
:10569000009C4546324600214046FCF712FE83231B
:1056A00088F80030812388F82030022108F1340086
:1056B000FCF7E0FD0D9908F13800FCF7DBFD8223D3
:1056C00088F84030049908F14400FCF7D3FD08F154
:1056D000540000900B990231FCF7CCFD08F15803FF
:1056E00004930E991846FCF7C5FD089A0799029B8A
:1056F00003FB01279B46DDF80C805E46C34528BFAF
:10570000464633463A4629462046FCF765FD0028C2
:1057100040F06483BDF8562000212846FCF7D1FDF7
:105720003744BBEB060BE8D1DDF804A0BBF1010F59
:1057300000F2F780BDF8562000212846FCF7C1FD95
:105740000B22BA492846FCF7B2FD019E314605F10D
:105750004000FCF78FFD139905F14800FCF78AFD26
:10576000202105F15000FCF785FD09990098FCF710
:1057700081FD089B991B0498FCF77CFD0C9905F1B1
:105780005C00FCF777FD079B991C05F16000FCF7B6
:1057900071FDFBF71BFA014605F16400FCF76AFD99
:1057A0004FF4807105F16800FCF760FD002385F877
:1057B0006C30BDF8563004E095F86C20013285F865
:1057C0006C205B08F8D1002385F86D30DDF8088087
:1057D00004E095F86D30013385F86D305FEA5808C4
:1057E000F7D1012385F86E30802385F86F304FF6AE
:1057F000EB6105F17800FCF739FD4AF6552105F516
:10580000FF70FCF733FD4746414600E00137BDF825
:105810005630BB420AD9A7F16A03702F18BF012B7B
:10582000F4D9E85DFCF7B6FE0146EFE70E460AF153
:1058300001090123524629462046FCF7CDFC0028E9
:1058400040F0CE82BDF8562000212846FCF739FDF5
:10585000BDF8560002384AF655212844FCF706FDEB
:105860004FF0010A18E05F1CE85CFCF793FE01466C
:105870003B46BDF856209A42F5D80E4609F101077D
:1058800001234A4629462046FCF7A6FC002840F0A2
:10589000A9820AF1010AB946BAF1080F02D84346B3
:1058A0003146E6E7BDF8562000212846FCF709FD01
:1058B00018E05F1CE85CFCF76DFE01463B46BDF856
:1058C00056209A42F5D80E4609F1010701234A46AF
:1058D00029462046FCF780FC002840F085820AF12A
:1058E000010AB946BAF10A0F09D843463146E6E73C
:1058F000314605EB0800FCF7BDFC08F10408BDF8D3
:1059000056304345F4D809F1010A01234A46294695
:105910002046FCF761FC002840F068820BF1010B87
:1059200004E74FF00409B9F1040F00F0D081B9F198
:10593000030F00F01282139BB3F5803F80F01082BA
:10594000B9F1020F00F0C0814FF00108C1E14FF042
:1059500003090494029CC4E44FF003090494029CDC
:10596000BFE41446BDE44FF00309ACB1A046B3FB5D
:10597000F8F2971CBDF8560000EB8707013FB7FB14
:10598000F0F72B4810442B4A904200F23182DDF8A8
:1059900000E04FF0200AC1E45F0C20464FF0010800
:1059A00002E001304FEA4808234A32F81020002A6A
:1059B000DDD0BA42F5D9DAE71F0B20464FF00108D7
:1059C00002E001304FEA48081C4A32F81020002A51
:1059D0003FF48FACBA42F4D98BE402EB4202571C7D
:1059E0007F0803374FF001098CE482448344AAE422
:1059F0004FF6F57082423FF6B8AC002C40F0FC81C7
:105A00004FEA5804B8F1010F3FF66BAC0E20AFE13E
:105A100040F6F570824213D8002C40F0F1814FEA35
:105A20004804802C7FF65DAC0E20A1E1C4A00208E2
:105A30000A00FFFFFFFFFE0FB8A10208A8A102089D
:105A4000CDF808B0CDF818E0049C934640F6F57206
:105A5000B9F1010F14BF00230123934598BF002320
:105A6000002B40F0CF81BDF8562000212846FCF7DE
:105A700028FC0B22D1492846FCF719FCBDF856102A
:105A800005F10B00FCF7F2FB85F80D801FFA8AF197
:105A900005F10E00FCF7EAFB01232B7405F1110060
:105AA000B9F1030F6DD04FF40071FCF7DFFB1399D0
:105AB000B1F5803F67D289B205F11300FCF7D6FB40
:105AC000F8236B753F2105F11800FCF7CFFBFF2190
:105AD00005F11A00FCF7CAFB019905F11C00FCF75F
:105AE000C9FBB9F1030F53D0FBF770F8014605F17C
:105AF0002700FCF7BFFBB9B205F11600FCF7B6FBB7
:105B0000802385F82430292385F826301322AC49D8
:105B100005F12B00FCF7CBFB05F5FF7A4AF6552182
:105B20005046FCF7A3FB0123019A29462046FCF7C7
:105B300053FB002840F06881B9F1030F50D0324682
:105B400000212846FCF7BDFBDDF800B0BBF1000FDB
:105B50007BD0B9F1030F00F0B380DDF80880069F19
:105B6000039EBE4228BF3E46334642462946204653
:105B7000FCF732FB002840F04B81B044BF1BEFD153
:105B8000D1E6002191E705F12000FCF773FB97E7D0
:105B9000FBF71CF8014605F14300FCF76BFB3946A7
:105BA00005F12400FCF766FB022105F12C00FCF74F
:105BB00061FB012105F13000FCF758FB062105F1DE
:105BC0003200FCF753FB802385F84030292385F809
:105BD000423013227B4905F14700FCF768FB9BE745
:105BE0000123019A063229462046FCF7F5FABDF852
:105BF000562000212846FCF764FB73492846FCF731
:105C000039FB724905F5F270FCF734FB0BF1FF31FB
:105C100005F5F470FCF72EFB022105F5F670FCF794
:105C200029FB4AF655215046FCF720FB0123019A37
:105C3000073229462046FCF7CFFA0123019A1A447D
:105C400029462046FCF7C8FA79E7B9F1030F24D0BA
:105C5000B9F1010F32D06FF007012846FCF70AFBBB
:105C60003E46039BB34228BF33469A46029A2946D2
:105C70002046FCF7B1FA002840F0C880BDF8562055
:105C800000212846FCF71DFB029B53440293B6EB10
:105C90000A06E6D10BF1010B58E76FF00701284621
:105CA000FCF7E8FA4FF0FF31281DFCF7E3FA6FF03C
:105CB000704105F10800FCF7DDFAD1E74449CCE773
:105CC0004746DDF808804BE74FF0040801E04FF04D
:105CD0000708059BCBBBBDF8562000212846FCF7E2
:105CE000F0FA4AF6552105F5FF70FCF7BFFA0026D9
:105CF00085F8BE61012785F8BF7185F8C07185F808
:105D0000C16185F8C281139B01990B4443F6C162BE
:105D1000B3FBF2F3FE2285F8C3219A0842F03F025A
:105D200085F8C42185F8C53105F5E370FCF7A2FAC2
:105D3000139905F5E570FCF79DFA3B463246294676
:105D40002046FCF749FA002864D10022114620467B
:105D5000FCF74EFA60B101200AE04FF00C08B8E7FA
:105D60004FF00608B5E70B2002E0032000E00A2010
:105D700017B0BDE8F08F0120FAE70120F8E7012015
:105D8000F6E71320F4E71320F2E71320F0E70E20E4
:105D9000EEE70120ECE70E20EAE70E20E8E713200B
:105DA000E6E71320E4E70E20E2E70E20E0E70E200E
:105DB000DEE70E20DCE70120DAE700BFE4A00208FE
:105DC00004A10208F0A002085252614172724161BE
:105DD000F8FFFF000120CBE70120C9E70120C7E75A
:105DE0000120C5E70120C3E70120C1E70120BFE78B
:105DF0000E20BDE70E20BBE70E20B9E70E20B7E767
:105E00000E20B5E70E20B3E70120B1E70120AFE790
:105E10000120ADE70120ABE7134B9B7BDBB2012BED
:105E200001D90120704710B404460F4B93F80EC0FF
:105E30005FFA8CFC002003F80C0093F80EC003EB13
:105E40008C0CCCF804409C7B1C4422739A7B541C21
:105E5000E4B29C7330320A703A234B702F238B705C
:105E6000C8705DF8044B7047302D002408B500223F
:105E7000FFF7D2FF08BD08B500F06EFB08BD08B5FE
:105E800000F0E8FB08BD7047A0F161039BB2192B3D
:105E900000D97047203880B2FBE7842801D0033056
:105EA000704700207047EFF30580003818BF0120CD
:105EB000704708B501F0A8FA002008BD08B501F048
:105EC00013FE012801D0012008BD0020FCE708B521
:105ED000FFF7E9FF10B101F0E9FA08BD01F0E0FABF
:105EE000FBE72DE9F04387B004460F464569BDB195
:105EF0008669AEB1D0F80480D0F80090B0F90800FF
:105F0000FFF7CBFF0296019500903B462269494678
:105F1000404601F051F90590059807B0BDE8F083BF
:105F200065682668D4F81080B4F90800FFF7B5FF5B
:105F300005AB019300903B461FFA88F23146284694
:105F400001F077F90128E7D00020E6E708B501F075
:105F5000C5FD08BD08B501F0A1F9002008BD08B5D0
:105F600000B9012001F0B8FB002008BD00B583B0E6
:105F7000826842B1C36833B1002100914168006872
:105F800000F099FC04E000224168006800F0E6FCA3
:105F900003B05DF804FB30B585B0044601910023E1
:105FA0000393154602B90125FFF77DFFA8B1002331
:105FB00003AA01A9204600F0B9FD012818D1039BCE
:105FC000C3B14FF0E0234FF08052C3F8042DBFF36C
:105FD0004F8FBFF36F8F002008E000232A4601A9EE
:105FE000204600F0DFFC012806D1002005B030BDBE
:105FF000FF20FBE70020F9E7FF20F7E770B584B04A
:106000000446029100230193E1B10D461646002398
:106010000393FFF748FF00B303AA01A9284600F045
:106020009BFE012816D000230093039BFBB14FF089
:10603000E0234FF08052C3F8042DBFF34F8FBFF31E
:106040006F8F14E0802300936B4693E8070084E889
:10605000070011E010230093E7E7324601A9284624
:1060600000F0CBFD01280AD006B1402600966B4611
:1060700093E8070084E80700204604B070BD1023B1
:106080000093F4E700F1080343604FF0FF328260B1
:10609000C3600361002303607047002303617047FE
:1060A00043684B609A688A60516099600861036830
:1060B00001330360704730B40D68B5F1FF3F11D074
:1060C00000F108031C465B681A68AA42FAD96368A3
:1060D0004B6099608C606160086103680133036004
:1060E00030BC70470469F2E70369416882688A60DE
:1060F000416851605A68824206D0002202611A68E3
:10610000013A1A601868704782685A60F5E7000023
:1061100082B0002301930D4B1B68B3F1FF3F08D001
:106120004FF0500383F31188BFF36F8FBFF34F8F8E
:10613000FEE74FF0500383F31188BFF36F8FBFF377
:106140004F8F019B002BFCD002B07047F800002459
:1061500008480068006880F308884FF0000080F36A
:10616000148862B661B6BFF34F8FBFF36F8F00DF45
:1061700000BF000008ED00E0DFF80C00016841F40A
:10618000700101607047000088ED00E04FF08073FF
:1061900040F8043C21F0010140F8081C054B40F890
:1061A0000C3C40F8202C6FF0020340F8243C4438AB
:1061B000704700BF116101080000000000000000EE
:1061C000074B19680868B0E8F04F80F30988BFF3FF
:1061D0006F8F4FF0000080F311887047AFF300809D
:1061E000A8A300244FF0500383F31188BFF36F8FEF
:1061F000BFF34F8F0B4A136801331360012B00D09C
:1062000070474FF0E023D3F8043D13F0FF0FF7D0B1
:106210004FF0500383F31188BFF36F8FBFF34F8F9D
:10622000FEE700BFF8000024094B1B6843B94FF09C
:10623000500383F31188BFF36F8FBFF34F8FFEE7D7
:10624000013B034A13600BB983F31188704700BF09
:10625000F800002400000000000000000000000022
:10626000EFF30980BFF36F8F154B1A681EF0100F04
:1062700008BF20ED108A20E9F04F10602DE90900D9
:106280004FF0500080F31188BFF34F8FBFF36F8F33
:1062900001F048FA4FF0000080F3118809BC19683A
:1062A0000868B0E8F04F1EF0100F08BFB0EC108A7D
:1062B00080F30988BFF36F8F704700BFAFF3008092
:1062C000A8A3002408B54FF0500383F31188BFF34F
:1062D0006F8FBFF34F8F01F0F7F828B14FF0E02335
:1062E0004FF08052C3F8042D002383F3118808BDBA
:1062F0004FF0E022002313619361054B1B680549B1
:10630000A1FB03139B09013B5361072313617047F2
:106310005C000024D34D62104FF0E023D3F8002D31
:106320003D4B9A421CD04FF0E023D3F8002D3B4B5D
:106330009A421ED030B583B0394B1A78D2B201924E
:10634000FF221A701B78DBB28DF803309DF8033002
:1063500003F05003334A1370334B07221A601BE0DB
:106360004FF0500383F31188BFF36F8FBFF34F8F4C
:10637000FEE74FF0500383F31188BFF36F8FBFF335
:106380004F8FFEE7284A1368013B13609DF80330E6
:106390005B00DBB28DF803309DF8033013F0800F03
:1063A000F0D1214B1B68032B08D04FF0500383F32F
:1063B0001188BFF36F8FBFF34F8FFEE71B021A4A9E
:1063C000136003F4E0631360019BDBB2144A1370A3
:1063D0004FF0E024D4F8203D43F47003C4F8203D8E
:1063E000D4F8203D43F07043C4F8203DFFF780FF10
:1063F00000250E4B1D60FFF7BFFED4F8343F43F07D
:106400004043C4F8343FFFF7A3FE01F08BF9FFF7D8
:106410007FFE284603B030BD71C20F4170C20F41EC
:1064200000E400E0402D0024442D0024F800002466
:10643000EFF305830F2B0FD9114A9B5CDBB2114A96
:1064400012789A4208D94FF0500383F31188BFF3B2
:106450006F8FBFF34F8FFEE74FF0E023D3F80C3D73
:1064600003F4E063084A1268934208D94FF05003DE
:1064700083F31188BFF36F8FBFF34F8FFEE7704731
:10648000F0E300E0402D0024442D0024134A12F0D4
:10649000070F1FD0D11D21F0070147F23E635B1AA1
:1064A00013440A460E480260002141601344083B31
:1064B00023F007030B48036059601960991A516073
:1064C0001360094B1960094B1960094B4FF00042EA
:1064D0001A60704747F23E63E4E700BF4C2D00248A
:1064E000A0A30024482D002494A3002490A30024FA
:1064F0008CA30024164B1A461B688342FBD35168B9
:1065000002EB010C844509D0416800EB010C6345A6
:1065100009D00360904219D0106070474068014470
:1065200051601046F0E710B40A4C2468A3420BD027
:106530005B681944416013681B680360904200D097
:1065400010605DF8044B70470460F7E7704700BFC8
:10655000A0A30024482D002470B5054600F098FF44
:10656000364B1B68A3B1364B1B681D424ED135B16B
:10657000083515F0070F02D025F007050835002D66
:1065800046D0304B1B68AB4251D32F4A146804E00D
:10659000FFF77CFFE7E722461C466368AB4202D266
:1065A0002368002BF7D1254B1B68A34241D0166806
:1065B00008362368136063685B1B102B10D96019C1
:1065C00010F0070F08D04FF0500383F31188BFF38A
:1065D0006F8FBFF34F8FFEE743606560FFF78AFF61
:1065E000626818490B689B1A0B60184909688B424E
:1065F00001D216490B60124B1B68134363600023E2
:106600002360134A13680133136002E0002600E0A0
:10661000002600F0E5FF16F0070F0CD04FF05003F6
:1066200083F31188BFF36F8FBFF34F8FFEE7002610
:10663000EFE70026EDE7304670BD00BF482D00248F
:106640008CA3002490A30024A0A3002494A30024DE
:1066500098A30024002834D038B50446A0F10805DA
:1066600050F8043C174A1268134208D14FF0500307
:1066700083F31188BFF36F8FBFF34F8FFEE750F89E
:10668000081C41B14FF0500383F31188BFF36F8FA3
:10669000BFF34F8FFEE723EA020340F8043C00F00B
:1066A000F7FE54F8041C084A13680B44136028468C
:1066B000FFF720FF054A13680133136000F090FFD5
:1066C00038BD70478CA3002490A300249CA3002411
:1066D00010B50446FFF786FDA26BE36B9A4204D027
:1066E0000024FFF7A1FD204610BD0124F9E710B5F5
:1066F0000446FFF777FDA36B23B90124FFF794FD50
:10670000204610BD0024F9E770B504461546866B97
:10671000026C5AB903681BB100200136A66370BD34
:10672000806801F0F1F90023A360F6E76DB94068D5
:10673000EAF734FC226C636813446360A2689342F6
:1067400019D3236863602846E7E7C068EAF726FCA8
:10675000226C5142E3689B1AE3602268934202D2A2
:10676000A3680B44E360022D01D00020D5E726B1D9
:10677000013E0020D1E72846CFE70020CDE70346C1
:10678000026C6AB110B50846D9681144D9609C689A
:10679000A14201D31968D960D968EAF7FFFB10BD9F
:1067A000704738B50546FFF71DFD95F8454064B2C2
:1067B00001E0013C64B2002C0ADD6B6A43B105F1D3
:1067C000240001F02DF80028F3D001F0BDF8F0E727
:1067D000FF2385F84530FFF727FDFFF703FD95F808
:1067E000444064B201E0013C64B2002C0ADD2B6934
:1067F00043B105F1100001F013F80028F3D001F0C7
:10680000A3F8F0E7FF2385F84430FFF70DFD38BD0E
:1068100038B5E0B10D460446FFF7E4FC2368E26BAF
:10682000216C01FB0230A0600020A0636360013A8C
:1068300002FB0133E360FF2384F8443084F84530E1
:10684000FDB9236963B9FFF7EFFC012038BD4FF0B4
:10685000500383F31188BFF36F8FBFF34F8FFEE7B1
:1068600004F1100000F0DCFF0028ECD04FF0E02332
:106870004FF08052C3F8042DBFF34F8FBFF36F8FDB
:10688000E1E704F11000FFF7FDFB04F12400FFF73E
:10689000F9FBD8E738B51D46049C0B4649B924607E
:1068A000E063236401212046FFF7B2FF84F84C50D7
:1068B00038BD2260F4E740B94FF0500383F31188EC
:1068C000BFF36F8FBFF34F8FFEE710B584B01C4648
:1068D00083B10B1E18BF0123002A08BF43F0010338
:1068E0008BB94FF0500383F31188BFF36F8FBFF361
:1068F0004F8FFEE74FF0500383F31188BFF36F8F84
:10690000BFF34F8FFEE7B1FA81F35B09002A18BF8E
:1069100043F0010343B94FF0500383F31188BFF3F1
:106920006F8FBFF34F8FFEE750230393039B502BD2
:1069300008D04FF0500383F31188BFF36F8FBFF37C
:106940004F8FFEE7039B012384F8463000949DF8A7
:106950001830FFF79FFF204604B010BD40B94FF03C
:10696000500383F31188BFF36F8FBFF34F8FFEE7A0
:10697000F0B583B00D461446064601FB00F05030DA
:10698000FFF7EAFD074650B1002380F8463000903B
:10699000234600F1500229463046FFF77BFF384678
:1069A00003B0F0BDF0B585B0019288B10F461D4629
:1069B0000446B1B1022D20D1E36B012B1DD04FF065
:1069C000500383F31188BFF36F8FBFF34F8FFEE740
:1069D0004FF0500383F31188BFF36F8FBFF34F8FD6
:1069E000FEE7036C002BE5D04FF0500383F31188D2
:1069F000BFF36F8FBFF34F8FFEE701F075F80646C8
:106A000058B9019B002B48D04FF0500383F31188F5
:106A1000BFF36F8FBFF34F8FFEE700263DE02A469E
:106A200039462046FFF770FE636A7BB948B14FF0E4
:106A3000E0234FF08052C3F8042DBFF34F8FBFF314
:106A40006F8FFFF7F1FB012005B0F0BD04F12400CA
:106A500000F0E6FE0028F4D04FF0E0234FF0805223
:106A6000C3F8042DBFF34F8FBFF36F8FE9E7FFF734
:106A7000DBFB0020E8E702A800F018FF012619E080
:106A8000002384F8443021E0002384F8453023E0DB
:106A90002046FFF786FE00F0A3FDFFF7A3FBA26BE5
:106AA000E36B9A42BBD3022DB9D0019B002BDED001
:106AB000002EE0D0FFF7B8FB00F0EAFCFFF792FBF6
:106AC00094F8442052B2B2F1FF3FD9D094F8452057
:106AD00052B2B2F1FF3FD7D0FFF7A6FB01A902A83F
:106AE00000F0F0FED8B92046FFF7F2FD0028CFD025
:106AF000019904F1100000F07BFE2046FFF751FEE3
:106B000000F06EFD0028C8D14FF0E0234FF0805216
:106B1000C3F8042DBFF34F8FBFF36F8FBDE720463F
:106B2000FFF73FFE00F05CFD00208DE72DE9F84304
:106B300090B10F4616461C460546B1B1022C20D135
:106B4000EB6B012B1DD04FF0500383F31188BFF383
:106B50006F8FBFF34F8FFEE74FF0500383F3118821
:106B6000BFF36F8FBFF34F8FFEE7036C002BE5D0B1
:106B70004FF0500383F31188BFF36F8FBFF34F8F34
:106B8000FEE7FFF755FCEFF311894FF0500383F355
:106B90001188BFF36F8FBFF34F8FAA6BEB6B9A42D5
:106BA00006D3022C04D0002089F31188BDE8F883B5
:106BB00095F845804FFA88F8AB6B2246394628464F
:106BC000FFF7A2FDB8F1FF3F06D008F101035BB269
:106BD00085F845300120E7E76B6A0BB90120E3E750
:106BE00005F1240000F01CFE18B126B10120306030
:106BF000DAE70120D8E70120D6E7F0B585B00192A9
:106C000090B10F460446C1B100F06EFF064600BBCE
:106C1000019B002B5ED04FF0500383F31188BFF32C
:106C20006F8FBFF34F8FFEE74FF0500383F3118850
:106C3000BFF36F8FBFF34F8FFEE7036C002BE3D0E2
:106C40004FF0500383F31188BFF36F8FBFF34F8F63
:106C5000FEE700263EE039462046FFF790FD013D65
:106C6000A563236923B9FFF7DFFA012005B0F0BD62
:106C700004F1100000F0D4FD0028F4D04FF0E02320
:106C80004FF08052C3F8042DBFF34F8FBFF36F8FC7
:106C9000E9E7FFF7C9FA0020E8E702A800F006FEDE
:106CA000012621E0002384F8443029E0002384F801
:106CB00045302BE02046FFF774FD00F091FC09E021
:106CC0002046FFF76EFD00F08BFC2046FFF70FFD1E
:106CD00000283FD1FFF786FAA56B002DBBD1019BA1
:106CE000002BD6D0002ED8D0FFF79EFA00F0D0FBB4
:106CF000FFF778FA94F844305BB2B3F1FF3FD1D09C
:106D000094F845305BB2B3F1FF3FCFD0FFF78CFA78
:106D100001A902A800F0D6FD0028D1D12046FFF736
:106D2000E6FC0028C6D0019904F1240000F060FDC3
:106D30002046FFF736FD00F053FC0028CAD14FF083
:106D4000E0234FF08052C3F8042DBFF34F8FBFF301
:106D50006F8FBFE7002089E72DE9F843B0B10D46FA
:106D600016460446D9B1FFF763FBEFF311884FF0E5
:106D7000500383F31188BFF36F8FBFF34F8FA76B5F
:106D8000CFB9002088F31188BDE8F8834FF0500395
:106D900083F31188BFF36F8FBFF34F8FFEE7036C50
:106DA000002BE0D04FF0500383F31188BFF36F8FB7
:106DB000BFF34F8FFEE794F844904FFA89F92946C4
:106DC0002046FFF7DCFC013FA763B9F1FF3F06D087
:106DD00009F101035BB284F844300120D2E7236952
:106DE0000BB90120CEE704F1100000F019FD18B135
:106DF00026B101203060C5E70120C3E70120C1E7CB
:106E0000002301E0013001330278A52AFAD0C3F350
:106E10008F007047084B1B681B6823B9074B4FF066
:106E2000FF321A607047044B1B68DB68DB685A68E6
:106E3000024B1A60704700BFACA3002488A4002452
:106E40002DE9F04780460D4617469946089EDDF825
:106E500024A00A9C9200A521206B05F013FD236B52
:106E60006FF040423A4403EB820727F00707002DFA
:106E700066D04FF0000CBCF10F0F0BD815F80C20AA
:106E800004EB0C0383F8342015F80C3013B10CF12B
:106E9000010CF0E7002384F84330062E00D90626C3
:106EA000E662E66400252565201DFFF7F6F804F18B
:106EB0001800FFF7F2F82461C6F10706A6616462C4
:106EC0006565C4F8805484F884544FF4856229467B
:106ED00004F1580005F0D6FC04F55173E36504F5A0
:106EE0006B73236604F21443636601220023C4E932
:106EF000402343F20E33A4F808314AF6CD33A4F808
:106F00000A3141F23423A4F80C314EF26D63A4F837
:106F10000E314DF6EC63A4F810310523A4F81231BC
:106F20000B23A4F814314A4641463846FFF72EF9A0
:106F30002060BAF1000F01D0CAF80040BDE8F08728
:106F4000002384F83430A8E738B5002407E004EBC8
:106F5000840293000E481844FFF794F80134062C7D
:106F6000F5D90C4D2846FFF78DF80B4C2046FFF75E
:106F700089F80A48FFF786F80948FFF783F80948B7
:106F8000FFF780F8084B1D60084B1C6038BD00BF40
:106F9000B4A300245CA4002470A4002494A40024BE
:106FA000C0A40024ACA40024ACA30024B0A30024FB
:106FB00010B50446FFF716F9224A1368013313602F
:106FC000214B1B685BB1214B1B686BB91E4B1B68C7
:106FD000DA6AE36A9A4207D81B4B1C6004E01A4B3A
:106FE0001C601368012B29D0194A13680133136000
:106FF0006364E06A01238340164A11680B431360FF
:1070000000EB8000211D144B03EB8000FFF748F8D4
:10701000FFF70AF90D4B1B687BB10B4B1B68DA6A53
:10702000E36A9A4209D24FF0E0234FF08052C3F84E
:10703000042DBFF34F8FBFF36F8F10BDFFF784FF99
:10704000D2E700BF48A40024A8A30024A8A40024D9
:1070500054A4002458A40024B4A3002410B504466A
:10706000583005F0EFFC94F8853463B1012B11D052
:10707000022B0ED04FF0500383F31188BFF36F8FB4
:10708000BFF34F8FFEE7206BFFF7E4FA2046FFF7D0
:10709000E1FA10BD2046FFF7DDFAFAE70F4B1B6857
:1070A000D3B110B5FFF79EF80D4BDB68DC68201DEF
:1070B000FFF71AF80B4A1368013B1360074A13687D
:1070C000013B1360FFF7B0F82046FFF7C7FF034B03
:1070D0001B68002BE6D110BD704700BF4CA40024F4
:1070E000C0A4002448A4002470B504460D461F4BDC
:1070F0001E681F4B18680430FEF7F6FF50B91C4B92
:107100001B68DA6A012303FA02F21A490B6823EAC0
:1071100002030B60B4F1FF3F14BF00230123002DD5
:1071200008BF00236BB93444114B1B685C60A64256
:107130000ED9114B18680E4B19680431FEF7BBFFCE
:1071400070BD0B4B196804310C48FEF7A9FFF7E737
:107150000B4B1868064B19680431FEF7ACFF094B5E
:107160001B68A342ECD9074B1C60E9E7D4A40024B8
:10717000A8A3002458A40024B0A30024ACA4002495
:10718000ACA3002488A4002408B50BE04FF0E02352
:107190004FF08052C3F8042DBFF34F8FBFF36F8FB2
:1071A000ECF7A6FEFFF77AFF024B1B68012BEDD828
:1071B000F6E700BFB4A3002430B587B00B9C8CB1B8
:1071C0000C9DC5B14FF491650495049DB5F5916F83
:1071D0001AD04FF0500383F31188BFF36F8FBFF3C2
:1071E0004F8FFEE74FF0500383F31188BFF36F8F8B
:1071F000BFF34F8FFEE74FF0500383F31188BFF3C7
:107200006F8FBFF34F8FFEE7049D0C9D2C6302240C
:1072100085F8854400240394029505AC01940A9CEA
:107220000094FFF70DFE0C98FFF7C2FE059807B01B
:1072300030BD2DE9F04385B00746884614461E460A
:107240009000FFF789F908B381464FF49160FFF78A
:1072500083F90546B0B1C0F83090E5B1002385F858
:107260008534039302950D9B01930C9B0093334649
:10727000224641463846FFF7E3FD2846FFF798FED1
:10728000012005E04846FFF7E5F9E6E74FF0FF305B
:1072900005B0BDE8F0834FF0FF30F9E738B504469C
:1072A000FEF7A0FF002C33D0251D2846FEF71CFF5B
:1072B00068B9E26A02EB82039B002749CB5833B9D5
:1072C0000123934025490A6822EA03020A60A36A5F
:1072D0001BB104F11800FEF707FF214A13680133C0
:1072E0001360204B1B68A34215D01F4A1368013B53
:1072F00013602046FFF7B2FEFFF78CFDFEF794FF08
:107300001A4B1B681BB1174B1B68A3420CD038BD2E
:10731000144B1C68C8E729461548FEF7C1FE154AFC
:10732000136801331360E9E7134B1B6843B14FF057
:10733000500383F31188BFF36F8FBFF34F8FFEE7C6
:107340004FF0E0234FF08052C3F8042DBFF34F8F6E
:10735000BFF36F8FDBE700BFB4A3002458A4002461
:1073600054A40024A8A3002448A40024A8A4002412
:10737000C0A400244CA4002450A40024F8B5D0B12B
:1073800004461C4B1B6883422DD0FEF72BFF65691A
:10739000194B1F68194B1E68FEF746FFB54218BF10
:1073A000BD4222D0164B9D420ED0164B9D421ED0A0
:1073B000BDB1012018E04FF0500383F31188BFF3F3
:1073C0006F8FBFF34F8FFEE7A36A0BB102200BE074
:1073D00094F88434DBB2012B01D0032004E00220B6
:1073E00002E0042000E00020F8BD0220FCE70420B9
:1073F000FAE700BFA8A30024ACA30024B0A3002494
:10740000ACA40024C0A4002410B588B000240594C6
:10741000069407AA06A905A8ECF76CFD059B029344
:10742000069B019300942346079A11491148FFF7E0
:10743000C3FE114B1860C8B14FF0500383F311889D
:10744000BFF36F8FBFF34F8F0C4B1B6858330C4A41
:1074500013600C4B4FF0FF321A600B4B01221A6085
:107460000A4B1C60ECF72AFDFEF756FF08B010BD72
:10747000C8A102088971010884A40024A8A30024DB
:107480006401002488A40024A8A40024D4A4002417
:10749000024A136801331360704700BF50A40024F0
:1074A000014B1868704700BFD4A4002408B5FEF74C
:1074B000BFFF014B186808BDD4A40024014B186815
:1074C000704700BF48A40024F8B53A4B1B68002B56
:1074D00069D1394B1D6801351D60C5B9374B1B6833
:1074E0001B6843B14FF0500383F31188BFF36F8FD4
:1074F000BFF34F8FFEE7314A1168314B18681060B7
:107500001960304A136801331360FFF783FC2E4B78
:107510001B68AB423DD900272C4B1B68DB6A03EB91
:1075200083039A002A4B9B58012B00D90127294B32
:107530001B68002B3CD001273AE001271F4B1B683A
:107540001B6843B31D4B1B68DB68DC6863689D42A6
:1075500026D3261D3046FEF7C7FDA36A1BB104F1F2
:107560001800FEF7C1FDE36A01229A401A49086833
:1075700002430A6003EB83039A0031461448104427
:10758000FEF78EFDE26A114B1B68DB6A9A42D4D289
:10759000D4E70027D2E70C4B4FF0FF321A60BBE76D
:1075A000094A1360B8E70D4A1368013313600027D6
:1075B0003846F8BD50A40024D4A40024ACA3002471
:1075C000B0A300248CA4002488A40024A8A3002431
:1075D000B4A30024D8A4002458A4002490A4002418
:1075E00038B5354B1B6843B94FF0500383F311880E
:1075F000BFF36F8FBFF34F8FFEE7FEF7F3FD2E4B08
:107600001A68013A1A601B68002B4FD12B4B1B687C
:107610000BB900244BE00024294B1B681BB3284BFB
:10762000DB68DC6804F11800FEF75EFD251D2846C6
:10763000FEF75AFDE06A01238340224A11680B439A
:10764000136000EB800029461F4B03EB8000FEF720
:1076500027FDE26A1D4B1B68DB6A9A42DCD31C4B98
:1076600001221A60D8E70CB1FFF7D4FB194B1C6854
:1076700084B9174B1C68D4B14FF0E0234FF080520F
:10768000C3F8042DBFF34F8FBFF36F8F01240EE0BB
:10769000013C07D0FFF718FF0028F9D00C4B01225E
:1076A0001A60F5E70B4B00221A60E2E70024FEF7B0
:1076B000BBFD204638BD00BF50A4002448A40024D0
:1076C00094A4002458A40024B4A30024A8A3002454
:1076D000D8A4002490A4002410B5A8B10446104BEF
:1076E0001B6843B14FF0500383F31188BFF36F8FD2
:1076F000BFF34F8FFEE7FFF7CBFE00212046FFF7D9
:10770000F3FCFFF76DFF48B94FF0E0234FF08052D4
:10771000C3F8042DBFF34F8FBFF36F8F10BD00BFB1
:1077200050A4002408B52A4B1B681BB1294B012229
:107730001A6008BD274B00221A60ECF7D3FB264BDA
:107740001860264B1B68984205D9254A1168C31A50
:107750004A6D13444B65214B1860224B1B68B3FAEA
:1077600083F3DBB2C3F11F0303EB830292001E49D4
:107770008A5842B94FF0500383F31188BFF36F8FDB
:10778000BFF34F8FFEE7184903EB830201EB820240
:1077900050684068506003EB8302920008320A444C
:1077A00090420DD003EB83030F4A02EB83035B6827
:1077B000DA680B4B1A601B6858330C4A1360B8E741
:1077C000406803EB8301084A02EB81025060E9E75D
:1077D00050A40024D8A4002444A4002440A40024DD
:1077E000A8A3002458A40024B4A300246401002406
:1077F00058B110B50C46094A11681831FEF75BFC08
:1078000001212046FFF770FC10BD4FF0500383F3B9
:107810001188BFF36F8FBFF34F8FFEE7A8A300243B
:1078200038B5C368DC6824B304F118052846FEF7B0
:107830005BFC184B1B682BBB251D2846FEF754FC30
:10784000E06A01238340144A11680B43136000EB84
:1078500080002946114B03EB8000FEF721FCE26A11
:107860000F4B1B68DB6A9A4211D901200D4B18603F
:1078700038BD4FF0500383F31188BFF36F8FBFF310
:107880004F8FFEE729460848FEF70AFCE7E700208D
:10789000EEE700BF50A4002458A40024B4A30024A1
:1078A000A8A30024D8A4002494A40024034B1B689C
:1078B0000360034B1B684360704700BF8CA4002427
:1078C000D4A40024F8B5C8B10C460546F9B1FEF7BA
:1078D00089FC1B4B19686B68C81A2268B2F1FF3F1C
:1078E00026D0184E36682F68B74201D08B4224D973
:1078F000824215D80023236001241AE04FF0500380
:1079000083F31188BFF36F8FBFF34F8FFEE74FF004
:10791000500383F31188BFF36F8FBFF34F8FFEE7E0
:107920005B1A134423602846FFF7C0FF002400E0E1
:107930000024FEF779FC2046F8BD0124F9E700BFDA
:10794000D4A400248CA40024014B01221A607047A7
:10795000D8A4002470B50C4616460546D0B1256063
:1079600005F134026260EA6A22612A6BE2616A6CA4
:10797000A260EA6C62616A6DA261052B19D0124A9D
:107980001268AA4209D02373032B09D0B6B9002389
:10799000238470BD0C4A1568E1E700232373F5E7E3
:1079A000FFF776FDAB6A0BB102232373FFF718FED6
:1079B000ECE72846FFF7E2FC2073E7E7286BFFF7C8
:1079C0001FFA2084E5E700BFA8A300242DE9F047B3
:1079D0000C683CB307460D4690464B685B684B60AD
:1079E00001F108094B4504D06B68D3F80CA00024C2
:1079F00010E05B684B60F7E76B68DE6804EBC4017E
:107A00004346012207EB81013046FFF7A3FF013413
:107A1000B24507D06B68596869608945ECD14B68FD
:107A20006B60E9E72046BDE8F0870000F8B5064640
:107A30000C461746FFF72CFD224B1B68A3423CD88F
:107A400007250024013D04EBC40005EB850101225C
:107A50001D4B03EB810106EB8000FFF7B7FF0444E9
:107A6000002DEFD104EBC400184B1968022206EB7D
:107A70008000FFF7ABFF044404EBC400144B19680B
:107A8000022206EB8000FFF7A1FF044404EBC400D0
:107A90000422104906EB8000FFF798FF044404EB32
:107AA000C40003220C4906EB8000FFF78FFF04445B
:107AB00027B1ECF717FA386000E00024FFF790FDDB
:107AC0002046F8BD48A40024B4A30024ACA300249D
:107AD000B0A30024C0A40024ACA40024014B186867
:107AE000704700BFA8A30024054B1B6833B1054BAA
:107AF0001B680BB1002070470220704701207047BF
:107B0000A8A4002450A4002400284CD038B5044672
:107B1000274B1B68834208D04FF0500383F3118832
:107B2000BFF36F8FBFF34F8FFEE7036D43B94FF085
:107B3000500383F31188BFF36F8FBFF34F8FFEE7BE
:107B4000013B0365C16AC26C91422ED00BB100208B
:107B500038BD051D2846FEF7C7FA70B9E26A02EB88
:107B600082039B001349CB583BB9012303FA02F26D
:107B700011490B6823EA02030B60E06CE062C0F17C
:107B80000703A361012404FA00F30B4A11680B43B5
:107B9000136000EB80002946064B03EB8000FEF7E4
:107BA0007FFA2046D4E7002070470020D0E700BFCE
:107BB000A8A30024B4A3002458A4002410B50022D4
:107BC00019491A48F9F7E0FC10BB19491748F9F7A9
:107BD000F2FC00BB17491548F9F778FCF0B91348D7
:107BE000F9F703FDE8B9F1F765FCECF77FFF044610
:107BF0000E4B93F89C32DBB2032B05D0ECF776FFEB
:107C0000001BB0F57A7FF3D9C820ECF775FF10BDE3
:107C1000ECF7FAF9D9E7ECF7F7F9DBE7ECF7F4F969
:107C2000DDE7ECF7F1F9DEE710010024DCA4002425
:107C300070000024FC0000240020704700207047E2
:107C40000020704710B50146044C2046F9F757FC58
:107C50002046F9F77DFC002010BD00BFDCA4002405
:107C600010B5064C002206492046F9F73AFC0549B2
:107C70002046F9F744FC002010BD00BFDCA400241E
:107C8000B8AF0024B8A70024094BD3F8BC32D3F80E
:107C900014320BB10120704710B5054C0A4601465D
:107CA0002046F9F71EFC2046F9F735FC10BD00BF51
:107CB000DCA400240FB470B582B006AB53F8042BDB
:107CC00001934FF4006115480BF09EF8144B93F8A4
:107CD0009C32DBB2032B04D002B0BDE8704004B08C
:107CE000704704460E4BD3F8BC62FFF7D9FB05463C
:107CF000D6F8143243B1FFF7D3FB431BC82B03D88C
:107D00000120FEF72CF9F3E7D6F81432002BE3D16B
:107D1000A1B20248FFF7B8FFDEE700BFB8AF00240A
:107D2000DCA4002470B504460F4B93F89C32DBB200
:107D3000032B09D00C4D21462846F9F7E0FB2846D5
:107D4000F9F706FC002070BD074BD3F8BC62FFF7C3
:107D5000A7FB0546D6F81432002BEBD0FFF7A0FBAB
:107D6000431B032BF6D9E5E7DCA4002412230B8088
:107D7000004870473001002404230B8000487047FE
:107D800044010024002393421ED200B510E00CF100
:107D9000370C01F813C000014FEA430C0CF1010C41
:107DA0004FF0000E01F80CE00133DBB2934209D230
:107DB0004FEA107CB0F1204FE9D20CF1300C01F801
:107DC00013C0E8E75DF804FB7047000038B50B4BC3
:107DD000D3F80008D3F80448D3F80838C01800D105
:107DE00038BD074D0822A91CFFF7CCFF042205F17E
:107DF00012012046FFF7C6FFF2E700BF00E0F11FC7
:107E00004801002408B51A230B80FFF7DFFF014863
:107E100008BD00BF4801002408B50A4628B9054935
:107E20000548FAF745F9034808BD02490248FAF740
:107E30003FF9F8E7B8B70024D0A1020810B50A4608
:107E4000034C21460348FAF733F9204610BD00BF22
:107E5000B8B70024E8A1020808B50A4628B90549C0
:107E60000548FAF725F9034808BD02490248FAF720
:107E70001FF9F8E7B8B70024FCA1020808B50A46C4
:107E800028B905490548FAF713F9034808BD02491E
:107E90000248FAF70DF9F8E7B8B7002408A202087B
:107EA00030B5B9B004460021339134913591369103
:107EB0003791C02202A804F0E5FC2268224B9A42C6
:107EC00001D039B030BD4FF480220023CDE9022328
:107ED0004FF44013249302A8F2F740FE88BBF1F759
:107EE000E9FA1A4CD4F8E03043F00103C4F8E0306A
:107EF000D4F8E03003F001030093009B4FF4C0532B
:107F00003393022334930025359536950A2337930E
:107F100033A90F48EFF7D6F8D4F8D83043F0006310
:107F2000C4F8D830D4F8D83003F000630193019B33
:107F30002A4605216520EDF7E1FD6520EDF714FEE9
:107F4000BFE7ECF761F8CAE70000084000440258B8
:107F50000000025808B500F29C41D0F8E004F9F79F
:107F60005AFB08BD08B501EBC10300EB8303D3F84E
:107F70006022D0F8E004F9F720FC08BD08B501EB59
:107F8000C10300EB83031A6AD0F8E004F9F778FC28
:107F900008BD08B5D0F8E004F9F7BAFB08BD10B584
:107FA0000446C17911B1022909D10121D4F8E004B4
:107FB000F9F78FFBD4F8E004F9F759FB10BDECF7A3
:107FC00023F80121F2E7000010B50446D0F8E004E0
:107FD000F9F782FB2268D2F8003E43F00103C2F8B1
:107FE000003EE37A23B1034A136943F006031361A9
:107FF00010BD00BF00ED00E008B5D0F8E004F9F7CF
:108000007AFB08BD08B5D0F8E004F9F7A9FB08BD74
:1080100008B5D0F8E004F9F78CFB08BD08B5D0F836
:10802000E004F9F7B4FB08BD08B5D0F8E004F9F7AF
:10803000B0FB08BD02780AB10020704710B50346B6
:108040001548C0F8E034C3F8C802144B0360092394
:1080500003710222C2710023837142728372C37260
:10806000037343738373C373F0F7ECFB80B90A4C5B
:1080700080212046F1F7D2F9402200212046F1F775
:10808000A7F9802201212046F1F7A2F9002010BDB6
:10809000EBF7BAFFEBE700BFB8B9002400000840D7
:1080A000D0F8C83211F0800F08D101F07F0101EB48
:1080B000C10103EB810191F85602704701F07F0185
:1080C00001EBC10103EB8101887D704708B5D0F851
:1080D000C802F0F7B9FD08BD004870479CBE0024F7
:1080E0007047032805D8DFE800F0050402050120E9
:1080F00070470320704708B5D0F8C802F0F723FC9A
:10810000FFF7EFFF08BD08B594461A466346D0F85E
:10811000C802F0F7F8FCFFF7E4FF08BD08B5D0F897
:10812000C802F0F734FDFFF7DCFF08BD08B5D0F852
:10813000C802F0F7B7FDFFF7D4FF08BD08B5D0F8C7
:10814000C802F0F7F2FDFFF7CCFF08BD08B5D0F884
:10815000C802F0F7C5FCFFF7C4FF08BD08B5D0F8AA
:10816000C802F0F77AFDFFF7BCFF08BD08B5D0F8EC
:10817000C802F0F744FDFFF7B4FF08BD08B5094C8D
:108180002568FFF78DF968614FF47A70FDF7E7FE17
:10819000FFF786F923685A69801A9A6902449A613E
:1081A000EDE700BFDCC0002410B582B0164803F034
:1081B00009F918B930238DF8073019E00020FDF7D0
:1081C000C9FE02B010BD31238DF8073001220DF138
:1081D00007010D4803F091F96420FDF7C0FEFFF799
:1081E0005FF90A4B1B685A69801A9A6902449A61BE
:1081F000064B1C68FFF754F960619DF80730302B7F
:10820000E1D03023E0E700BF18A20208C0C000247C
:1082100070B54FF48070EBF79BFF04464FF480700D
:10822000EBF796FF05464FF480720021204604F0DC
:1082300029FB2748FFF73EFD26492748FFF73AFD6F
:108240002648FFF737FD3DE02046FFF76BFD012094
:10825000FDF785FE2378002BF6D0204602F0D4FEF1
:108260004FF480720021204604F00CFB1C4E29467E
:10827000306803F0C5FC33685A69AAB19E692EB311
:108280002846E9F79DF803462918164A1068E85071
:1082900093888B803146284604F0F4FC2846E9F7A1
:1082A0008FF8114B1B882B520948FFF703FD2A4614
:1082B00008490E48FFF7FEFC0848FFF7FBFC642066
:1082C000FDF74DFE2046FFF72DFDC3E71646D7E725
:1082D00028A2020830A2020838A2020840A202081E
:1082E00010C4002448A20208E0A3020850A2020819
:1082F00000B58BB002F018FF04A8EBF797FD20B192
:10830000049A059B52EA03010ED1174804F06EFB54
:10831000164B00221A70EBF7AFFD80B1144804F041
:1083200065FB0BB05DF804FB120D42EA03321B0D36
:10833000104804F0F9FA0D4B01221A70EBE7EBF745
:10834000AFFD014600230293012301930223009312
:10835000094B0A4A0A4802F061FFEBF791FD01461A
:10836000084804F0E1FADCE780A20208BCC000245F
:10837000A0A2020858A20208B4A20208C0A20208E1
:10838000C8A20208CCA2020870B5ADF5805D84B029
:1083900004F020F8224B1B78012B04D04FF47A70A4
:1083A000FDF7DDFDFAE7EBF763FD0446EBF75CFD57
:1083B000064601222146FBF743FF08B34FF48053E2
:1083C000009304AB002202212046FCF7EBFE98B993
:1083D000144804F00BFB00210291012501950923AB
:1083E0000093114B114A124802F018FF2A46214609
:1083F0003046FBF725FFD1E70E4804F0F7FACDE74A
:10840000002302930123019309230093064B074A9B
:108410003146074802F002FF074804F0E7FABDE7DB
:10842000BCC00024F8A202081CA302082CA3020866
:10843000C8A2020834A302086CA302082DE9F04187
:1084400082B0504B186804F033F94F4B186804F0B1
:108450002FF94E4B186804F02BF94D4B186804F0B7
:1084600027F977E0002383602B7B042B06D8DFE815
:1084700003F0033538383B00012313714549686820
:10848000E8F732FE08B9D5F818800134BC422ED284
:1084900004EBC40306EB830556F8230004F01EF931
:1084A00002460028EAD0019B002BDBD0D5ED067AEE
:1084B000B8EE677ADFED386A27EE267A07EE903A53
:1084C000F8EE677A87EE276A80ED026AB4EEE66A14
:1084D000F1EE10FAC8DDC2ED026AC5E700231371A0
:1084E000CCE702231371C9E703231371C6E7019B8D
:1084F0004BB307EE908AF8EE677ADFED276A67EEF6
:10850000A67A07EE103AB8EE477A87EE876A234BD1
:108510001C6876EEC67A17EE900AE8F77BF80246FA
:108520000B46C4E9062300220023E8F73DFB20BBED
:1085300000221B4BD4E90601E8F754FB18B10022D6
:10854000174BC4E906233046EBF712FE4FF47A705E
:10855000FDF705FDFEF7B2FF044600EBC00080000A
:10856000EBF7F6FD06460028F0D001AA2146FFF7FA
:108570005DFA07460024A04688E700220023C4E9EC
:108580000623D5E7C4C00024D0C00024DCC00024EA
:10859000C0C00024C8A102080000C84218C80024B6
:1085A000000059402DE9F0410546884617461E4611
:1085B0002420EBF7CDFD04462846E8F701FF013003
:1085C000EBF7C6FD2060294604F07CFB84F80480AC
:1085D000074A1378591C117023770023A36027736F
:1085E000266100236361A36123622046BDE8F08118
:1085F000BDC0002470B59CB0344C0DF1540CA6469F
:10860000BEE80F00ACE80F009EE807008CE807000A
:10861000002115A8FDF765FC2D4B18600DF1380CF5
:1086200004F11C0EBEE80F00ACE80F009EE8070046
:108630008CE8070000210EA8FDF753FC254D2860AB
:108640000DF11C0C04F1380EBEE80F00ACE80F0071
:108650009EE807008CE80700002107A8FDF741FC11
:108660001D4E3060EE4604F1540CBCE80F00AEE83D
:108670000F009CE807008EE8070000216846FDF720
:1086800030FC164C20603368032200211448FFF7A9
:1086900089FF144B18602B68032200211248FFF752
:1086A00081FF124B18602368002211461048FFF723
:1086B00079FF104B186000231A4619460E48FFF741
:1086C00071FF0E4B18601CB070BD00BFC48502085E
:1086D000CCC00024C8C00024D4C00024D8C00024CA
:1086E000B8A30208D0C00024C0A30208C4C000245C
:1086F000C8A30208DCC00024D0A30208C0C0002424
:1087000008B5424B424A4349434802F043FC434BBD
:10871000434A4449444802F03DFC444B444A4549DD
:10872000454802F037FC454B454A4649464802F069
:1087300031FC464B464A4749474802F02BFC474B21
:10874000474A4849484802F025FC484B484A4949AD
:10875000494802F01FFC494B494A4A494A4802F03D
:1087600019FC4A484A4B02464A4902F013FC4A485F
:108770004A4B02464A4902F00DFC4A484A4B02461F
:108780004A4902F007FC4A484A4B02464A4902F06D
:1087900001FC4A4B4A4A4B494B4802F0FBFB4B4811
:1087A0004B4B02464B4902F0F5FB4B484B4B024604
:1087B0004B4902F0EFFB4B4B4B4A4C494C4802F003
:1087C000E9FB4C4B4C4A4D494D4802F0E3FB4D4B05
:1087D0004D4A4E494E4802F0DDFB4E4B4E4A4F4942
:1087E0004F4802F0D7FB4F4B4F4A5049504802F0D8
:1087F000D1FB504B504A5149514802F0CBFB514BF1
:10880000514A5249524802F0C5FB08BD7D9101080A
:10881000D8A30208E4A30208F0A30208CD8A010845
:10882000F4A3020800A4020814A402083990010865
:1088300018A4020824A402083CA40208718D0108AF
:1088400044A4020850A4020860A40208058E01088E
:1088500068A4020878A402088CA40208BD9A010842
:1088600094A40208A8A40208B8A40208B9910108B7
:10887000C0A40208D0A40208E4A402087992010866
:10888000ECA4020800A5020814A502081CA5020811
:108890002996010824A5020838A50208418D01087F
:1088A0003CA5020858A502089D99010860A5020888
:1088B0007CA50208F595010880A50208119701081A
:1088C00098A50208A4A50208BCA50208C0A5020834
:1088D00059960108C8A50208E0A50208B58D01084F
:1088E000E8A50208B599010800A6020814A6020826
:1088F00024A60208498A01082CA6020838A6020804
:108900004CA60208B98B010850A6020860A602080E
:108910006CA602088D94010870A6020880A60208C1
:1089200094A60208119D010898A60208B0A60208A4
:10893000C0A60208F1970108C4A60208D4A602083E
:10894000E8A60208DD900108ECA60208FCA60208D1
:1089500014A7020810B5F8B004465822002162A8F6
:1089600003F090FF1A4922A804F0ACF923782F2BCA
:1089700014D0214622A804F085F9012222A962A878
:10898000FBF78CFC90B11348FFF794F9214612488D
:10899000FFF790F91148FFF78DF917E00134E8E788
:1089A00002A90022CA540E48FFF784F901AB7F22C6
:1089B00002A962A8FBF70DFE10B9019B002BEFD1B5
:1089C0000848FFF777F962A8FCF7ACF878B010BD5B
:1089D000002B00241CA7020824A7020840A20208BA
:1089E0008086020854AF020870B50646E8F7E8FC36
:1089F0000130EBF7ADFB0546314604F063F928463C
:108A000002F08AFC04462846EBF7B2FB14B1637906
:108A10000A2B0AD00848FFF74DF931460748FFF7FF
:108A200049F90748FFF746F970BD21690029FBD0D5
:108A30000448FFF73FF9F7E71CA702083CA7020824
:108A400040A20208DCAF020838B5012803D01D4857
:108A5000FFF730F938BD0C46086803F0E9F8054621
:108A600028B1FFF777FF2846EBF782FBF2E74FF4D8
:108A70008070EBF76DFB054621680B782F2B1ED01D
:108A80000146114B186803F0BBF82846E8F798FC3C
:108A9000034648B12A1812F8012C2F2A04D02F229D
:108AA0002A5401330022EA542168284604F0EAF8E7
:108AB0002846FFF799FF2846EBF75AFBCAE704F070
:108AC00001F9F5E754A7020810C4002438B50128BD
:108AD00002D0012818DC38BD0C46086802F0F0FF0F
:108AE00010B10B4A1060F6E70A48FFF7E3F80025DB
:108AF0002368595D21B10848FFF7DCF80135F7E735
:108B00000648FFF7D7F8E6E70548FFF7D3F8E2E7AE
:108B100010C4002468A7020880A7020884A70208DE
:108B200088A70208F8B505460C46174603782F2B90
:108B300013D003F07DF80646D0B11C49204604F05E
:108B4000C1F833782F2B0ED03146204604F09AF826
:108B50003046EBF70DFB0120F8BD0146204604F03E
:108B60007DF90020F8E7711C204604F08BF8EFE750
:108B700021460F4B186803F043F82046E8F720FC25
:108B8000002804DD231813F8013C2F2B0AD12046BE
:108B9000E8F716FC3A1A013A2946204604F0F0F8A4
:108BA0000020D9E7034B1B882352F0E7002B002459
:108BB00010C40024A8AB020830B5ADF56F7D0228C3
:108BC00005D05B48FFF776F80DF56F7D30BD0C469C
:108BD0004FF48072AEA92068FFF7A4FF05464FF45A
:108BE00080726EA96068FFF79DFF2A1E18BF0122E0
:108BF000031E18BF01231A4215D1002D14BF0023F4
:108C000003F00103002B45D1002814BF002202F01D
:108C10000102002A78D00122AEA918A8FBF73EFB7A
:108C200038B9002458E00122AEA902A8FBF736FBB0
:108C300058B14048FFF73EF8626821683E48FFF7A8
:108C400039F83E48FFF736F8BEE70A226EA918A8A1
:108C5000FBF724FBD0B96B464FF480722EA902A813
:108C6000FBF7B7FC58B9009A4AB101AB2EA918A876
:108C7000FBF78DFD18B9019A009B9A42EBD202A82E
:108C8000FBF750FF18A8FBF74DFF9DE702A8FBF785
:108C900049FFCEE7AEA802F03FFB05460028C8D04A
:108CA00043790A2BC5D10369002BC2D00A226EA9D1
:108CB0002EA8FBF7F3FA0028BBD12C692046E8F771
:108CC0007FFB024618AB21462EA8FBF760FD2EA8BD
:108CD000FBF728FF78E7013402AB01222EA92144DB
:108CE00018A8FBF776FC18B9029B0BB17E2CF2D9C1
:108CF0002EAD00232B5518A8FBF714FFA2B229466E
:108D00006EA802F0BBFD5FE7AEA802F005FB0028ED
:108D10008FD042790A2A8CD10569002D89D0284646
:108D2000E8F74EFB82B229466EA802F0A7FD4BE79A
:108D3000A4A702081CA70208BCA7020840A20208B8
:108D400008B500280BDC0848FEF7B4FF03F0FEF876
:108D50004FF4FA70FDF703F9EBF7AAF808BD0348E2
:108D6000FEF7A8FFFAE700BFF4A70208D8A7020899
:108D700070B5051E02DD0E46002404E00A48FEF729
:108D800099FF10E00134AC420ADA56F82400FEF7ED
:108D900091FF6B1EA342F5DD0448FEF78BFFF1E760
:108DA0000348FEF787FF70BD20A80208A4B402089C
:108DB00054AF020808B5002809DC0C48FEF77AFF1A
:108DC000EBF762F838B90A48FEF774FF02E0094889
:108DD000FEF770FF08BD0848FEF76CFF0748FEF776
:108DE00069FF0748FEF766FFF4E700BF48A80208DE
:108DF00060A8020838A802081CA7020870A8020888
:108E000040A2020808B528B1012807D00548FEF79E
:108E100051FF08BD044802F043F9FAE7086802F080
:108E20003FF9F6E788A80208A0A7020808B50B28B2
:108E300033D8DFE800F0060A0E12161A1E22322678
:108E40002A2E1848FEF736FF08BD1748FEF732FFF6
:108E5000FAE71648FEF72EFFF6E71548FEF72AFF59
:108E6000F2E71448FEF726FFEEE71348FEF722FF6D
:108E7000EAE71248FEF71EFFE6E71148FEF71AFF81
:108E8000E2E71048FEF716FFDEE70F48FEF712FF95
:108E9000DAE70E48FEF70EFFD6E70D48FEF70AFFA9
:108EA000D2E700BFA0A80208B0A80208C4A8020820
:108EB000DCA80208F4A8020808A9020820A90208F0
:108EC00038A9020850A9020864A9020870A902087A
:108ED00084A9020808B5042818D8DFE800F00307C1
:108EE0000B0F13000B48FEF7E5FE08BD0A48FEF71E
:108EF000E1FEFAE70948FEF7DDFEF6E70848FEF76F
:108F0000D9FEF2E70748FEF7D5FEEEE70648FEF782
:108F1000D1FEEAE794A90208A4A90208B0A90208B0
:108F2000C4A90208D4A90208E4A9020810B582B0B5
:108F300004462D4B01932D4B00932D4B2D4A2E496A
:108F40002E48FEF7B7FE2E48FEF7B4FE227F2168BA
:108F50002C48FEF7AFFE237B032B25D8DFE803F078
:108F600002151A1F28492948FEF7A4FEA068E7F752
:108F700051FB02460B462648FEF79CFE2379032B45
:108F80002CD8DFE803F0161C212622491F48FEF7E3
:108F900091FEEBE720491D48FEF78CFEE6E71F49EE
:108FA0001A48FEF787FEE1E71D491848FEF782FEE2
:108FB000DCE71C491C48FEF77DFE02B010BD1B49D2
:108FC0001948FEF777FEF8E719491748FEF772FED1
:108FD000F3E718491448FEF76DFEEEE71049124812
:108FE000FEF768FEE9E700BF30AA020838AA0208C7
:108FF000F8A9020804AA020808AA020810AA02088E
:1090000040AA020874AA020880AA020888AA0208D4
:10901000B0AA020890AA020898AA0208A0AA020808
:10902000A8AA0208BCAA0208C4AA0208CCAA02087C
:10903000D4AA0208DCAA020830B5C1B018B30C46A5
:10904000012824DC086802F067F9054660B38168EE
:109050001B48FEF72FFEE9681A48FEF72BFE6879D9
:10906000FFF7E4FE2879FFF735FF6B693BB19B689A
:109070002BB1FF2269462868984700280CDC12486B
:10908000FEF718FE06E01148FEF714FE02E0104855
:10909000FEF710FE41B030BD00230DF800306946E8
:1090A0000C48FEF707FEEAE7206803F043FB10B127
:1090B000FFF73CFFEEE721680748FEF7FBFDE9E715
:1090C0001CAB020828AB020848AB0208E4AA02085D
:1090D00000AB02083CAB020860AB020838B50028C0
:1090E00021DD0C6806221D49204603F077FE00BBF7
:1090F0000634204601F0BCFE20B3204603F080FB7E
:10910000051E05DDE8B203F0FFFA08B10069F0B909
:109110001348FEF7CFFD21461248FEF7CBFD12485B
:10912000FEF7C8FD38BD1148FEF7C4FD01F002FF8F
:10913000F8E705220E49204603F050FE0028D8D15A
:109140000534D6E721460B48FEF7B4FDEAE7FCF705
:1091500001FF29460848FEF7ADFDE3E79CAB020896
:109160001CA70208CCAB020840A2020878AB020898
:10917000A4AB0208ACAB0208BCAB020800B5C1B09E
:1091800001280ADC01280ED06946094B186802F054
:1091900037FD684602F014FC02E00648FEF78AFD3F
:1091A00041B05DF804FB086802F00AFCF8E700BF74
:1091B00010C40024E4AB020838B5012803D02648C7
:1091C000FEF778FD38BD0C46086802F031FD054613
:1091D000E0B1FBF7F4FD044668B92048FEF76AFDEC
:1091E00029461F48FEF766FD1E48FEF763FD284628
:1091F000EAF7BEFFE6E71C48FEF75CFD21461B4888
:10920000FEF758FD1748FEF755FDF0E7206802F01D
:10921000BDFA0546A8B13020EAF79AFF0446014698
:10922000284602F0EDFC0D48FEF744FD21461048AB
:10923000FEF740FD0B48FEF73DFD2046EAF798FF9C
:10924000C0E70948FEF736FD21680A48FEF732FDFF
:109250000448FEF72FFDB5E7FCAB020814AC02088A
:109260001CAC020840A202081CA702082CAC020891
:1092700048AC020854AC0208F0B595B0431E012B6F
:1092800062D8514B1B78002B65D001286DD00C683B
:109290004E6823782F2B6BD021466846FBF752FC93
:1092A0000546002869D16846FBF7B5FC4FF480708D
:1092B000EAF74EFF054633782F2B6DD00146434B1E
:1092C000186802F09DFC2846E8F77AF8034648B192
:1092D0002A1812F8012C2F2A04D02F222A540133E5
:1092E0000022EA543146284603F0CCFC2846E8F731
:1092F00067F80130EAF72CFF0746294603F0E2FC45
:10930000384602F007FA06463846EAF731FF002EE3
:1093100046D0706908B1EAF72BFF2046E8F750F80D
:109320000130EAF715FF7061214603F0CBFC23788A
:1093300003B9274C2A4621462648FEF7BBFC28469F
:10934000EAF716FF15B0F0BD2348FEF7B3FC23483B
:10935000FEF7B0FCF6E72248FEF7ACFC2148FEF72A
:10936000A9FC2148FEF7A6FCECE70E681F4C90E72D
:109370006378002B90D11D4C8EE71948FEF79AFCBC
:10938000237803B9124C2A4621461948FEF792FC6D
:109390001548FEF78FFCD5E7314603F093FCA5E7AF
:1093A000284602F0F3F906460028B2D10C48FEF731
:1093B00081FC29460F48FEF77DFC0B48FEF77AFC3E
:1093C0002846EAF7D5FEBDE7C41A002410C40024DD
:1093D000A8AB020824AD020870AC020898AC0208E1
:1093E0001CA70208C8AC020840A20208A0A70208F5
:1093F000E8AC020808AD0208F8B505460C46174669
:1094000003782F2B13D002F013FC0646D0B11C4971
:10941000204603F057FC33782F2B0ED031462046E0
:1094200003F030FC3046EAF7A3FE0120F8BD014608
:10943000204603F013FD0020F8E7711C204603F0DE
:1094400021FCEFE721460F4B186802F0D9FB2046BC
:10945000E7F7B6FF002804DD231813F8013C2F2B93
:109460000AD12046E7F7ACFF3A1A013A29462046CE
:1094700003F086FC0020D9E7034B1B882352F0E75A
:10948000002B002410C40024A8AB020830B5ADF5B1
:10949000597D022805D05248FEF70CFC0DF5597D88
:1094A00030BD0C464FF4807298A92068FFF7A4FFE6
:1094B00005464FF4807258A96068FFF79DFF034688
:1094C000002D18BF00280CD12B431CD0002D55D0E7
:1094D000012298A902A8FAF7E1FE002874D100241D
:1094E00034E058A998A8FBF76DFD0028D6D03D4878
:1094F000FEF7E0FB626821683B48FEF7DBFB3B4878
:10950000FEF7D8FBCAE798A801F006FF10B1427930
:109510000A2A0AD03348FEF7CDFB21683448FEF70B
:10952000C9FB3248FEF7C6FBB8E704695CB12046C8
:10953000E7F746FF82B2214658A802F09FF998A8A3
:1095400002F068F9AAE70022F5E7013401AB012235
:1095500018A9214402A8FBF73CF818B9019B0BB1EC
:10956000FE2CF2DD02A8FBF7DDFAA2B218A958A87A
:1095700002F084F998A8FBF78FFB8FE798A801F019
:10958000CBFE08B342790A2A1ED10569E5B1284607
:10959000E7F716FF04460246294618A8E7F7FEFC3F
:1095A0000A2258A902A8FAF779FE18B198A802F081
:1095B00031F973E701AB224618A902A8FBF7E7F8D7
:1095C00002A8FBF7AFFAF1E70648FEF773FB626803
:1095D00021680548FEF76EFB0448FEF76BFB5DE76C
:1095E00038AD02081CA7020850AD020840A20208CC
:1095F0006CAD020800B5C1B0002805DD0748FEF7D4
:1096000059FB41B05DF804FB6946054B186802F050
:10961000F7FA69460348FEF74DFBF2E780AD020812
:1096200010C40024DCAF020808B500280BDC084891
:10963000FEF740FB02F08AFC4FF47A70FCF78FFCD7
:10964000EAF7E2FB08BD0348FEF734FBFAE700BF88
:10965000B8AD02089CAD020800B583B02248FEF701
:1096600029FB2248FEF726FB2148FEF723FB68462C
:10967000FEF758FB02E06846FEF754FB9DF8003009
:10968000002BF8D01B496846E7F72EFDF8B91A48B9
:10969000FEF710FB1948FEF70DFB1548FEF70AFB15
:1096A000EAF7F2FB48B91448FEF704FB1448FEF74A
:1096B00001FB0F48FEF7FEFA12E00B48FEF7FAFA3C
:1096C0001048FEF7F7FA0A48FEF7F4FA08E00E48E9
:1096D000FEF7F0FA0D48FEF7EDFA0548FEF7EAFA54
:1096E00003B05DF804FB00BF1CA70208DCAD020854
:1096F00040A20208C0AA0208FCAD020804AE02089B
:1097000020AE020844AE02085CAE020864AE020855
:1097100030B595B0012804D02F48FEF7CBFA15B02C
:1097200030BD0C46086802F083FA054648B3FBF7E3
:10973000B3FA18B92846EAF71BFDF0E72946684650
:10974000FBF700FA90B96846FBF765FA2846FBF785
:10975000A3FA0028EED02148FEF7ACFA29462048AB
:10976000FEF7A8FA1F48FEF7A5FAE3E71B48FEF745
:10977000A1FA29461C48FEF79DFA1A48FEF79AFA04
:10978000D8E74FF48070EAF7E3FC054621680B78D0
:109790002F2B1ED00146154B186802F031FA2846CF
:1097A000E7F70EFE034648B12A1812F8012C2F2ABB
:1097B00004D02F222A5401330022EA54216828467B
:1097C00003F060FA284602F025F82846EAF7D0FCB4
:1097D000A5E703F077FAF5E778AE02081CA70208C0
:1097E0008CAE020840A20208BCAE020810C40024DD
:1097F000F0B5D9B000283DDD0C46086802F018FA33
:10980000064600283AD05B4918A803F05BFA337883
:109810002F2B50D018AD2846E7F7D2FD564B1B88AA
:109820002B523146284603F02DFA012218A902A82E
:10983000FAF734FD002852D1069F7A1E41F6FE73D6
:109840009A423DD900273D4602A8FBF76BF9304606
:10985000EAF78EFC002D45D02168284601F068FA11
:10986000002879D021684548FEF724FA002F7DD1E1
:1098700059B0F0BD4248FEF71DFAF9E72068E7F756
:109880009FFD0130EAF764FC0746216803F01AFAED
:109890003B782F2B31D1384601F03EFD054618B1FB
:1098A00043790A2B4BD035463846EAF761FC002D48
:1098B00047D00027D0E7314618A803F0E3F9B4E712
:1098C000781CEAF745FC054601AB3A46014602A87A
:1098D000FAF77FFE019B0022EA540127B4E7002734
:1098E0003D46B4E72748FEF7E5F921682648FEF72C
:1098F000E1F92648FEF7DEF9BAE74FF48070EAF79F
:1099000027FC05460146224B186802F079F92846E3
:10991000E7F756FD034648B12A1812F8012C2F2A02
:1099200004D02F222A5401330022EA543946284613
:1099300003F0A8F93846EAF71BFC2F46ABE70569A8
:10994000B2E71048FEF7B6F921681248FEF7B2F9FF
:109950000E48FEF7AFF98BE70A48FEF7ABF90E4861
:10996000FEF7A8F90948FEF7A5F97FE72846EAF7C8
:10997000FFFB7DE7002B0024A8AB020848AF0208DC
:10998000D0AE02081CA70208ECAE020840A20208F2
:1099900010C4002404AF02081CAF020808B5002858
:1099A00002DC02F0D3FA08BD0148FEF783F9FAE7BA
:1099B00058AF0208F0B599B0002828DD0C46012800
:1099C00029DD4E6856B33046E7F7FAFC87B22068C7
:1099D00002F02EF90546002834D00A22014602A8DA
:1099E000FAF75CFC044610BBD7B902A8FBF79AF85B
:1099F0002B48FEF75FF929462A48FEF75BF92A480B
:109A0000FEF758F92846EAF7B3FB19B0F0BD27482E
:109A1000FEF750F9F9E700263746D8E70027D6E7E2
:109A200001AB3A46314602A8FAF7B1FEDDE720481D
:109A3000FEF740F921461F48FEF73CF91A48FEF7A9
:109A400039F9DFE74FF48070EAF782FB05462168B9
:109A50000B782F2B20D00146174B186802F0D0F856
:109A60002846E7F7ADFC034648B12A1812F8012C46
:109A70002F2A04D02F222A5401330022EA542168CD
:109A8000284603F0FFF83A463146284601F0F6FE34
:109A90002846EAF76DFBB8E703F014F9F3E700BFD7
:109AA00014AC020894AF020840A2020874AF020886
:109AB0001CA70208A4AF020810C400242DE9F04737
:109AC000D6B004460D467C48FEF7F4F87B4B1E6882
:109AD000002C1DDD286803781BB9012C13DC01273D
:109AE00017E0024613782BB1303BDBB2092B08D8C4
:109AF0000132F7E70123002BEFD002F081FE074689
:109B000007E00023F7E7686802F07AFE074600E006
:109B10000127002C40F3BF802868037813B9002484
:109B20002546BAE001F0F6FD064610B100242546B0
:109B3000B3E02868E7F744FC0130EAF709FB814607
:109B4000296803F0BFF899F800302F2B18D05C4B30
:109B50001E6801AA5B49484603F0FEF98046B8F149
:109B6000000F10D04146304601F0C6FD044650B10A
:109B700001AA5449002003F0EFF980462646EEE79B
:109B800009F10109E3E7B8F1000F76D07369002B02
:109B900073D0D6F818A0BAF1000F22D05046E7F7DC
:109BA0000FFC441C23460198E8B128B102781AB191
:109BB000E7F706FC0444631C581CEAF7C9FA04469C
:109BC000514603F07FF89AF8003073B941462046B9
:109BD00003F058F801AA3B49002003F0BDF9804684
:109BE0001CE09A46DAE74046DFE72046E7F7E8FB65
:109BF000344B1B882352E9E72046E7F7E1FBDFF807
:109C0000C4A0BAF8003023524146204603F03AF887
:109C100001AA5146002003F09FF98046B8F1000FD9
:109C2000EAD1294916A803F04DF823786BB916A993
:109C300002A8FAF787FF78B902A8FAF7ECFF4846BE
:109C4000EAF796FA34B1B56927E0214616A803F081
:109C500019F8ECE7254620E01C48FEF72BF82968A8
:109C60001B48FEF727F81B48FEF724F82046EAF7C2
:109C70007FFA4846EAF77CFA1AE01448FEF71AF829
:109C800029681548FEF716F81248FEF713F84846FB
:109C9000EAF76EFA0CE00024254604B1B4613946B7
:109CA000304600F09DFA1CB1B5612046EAF760FA33
:109CB00056B0BDE8F08700BF54AF020810C40024BE
:109CC0000CC40024A8AB0208002B00241CA7020827
:109CD000C0AF020840A20208E0AF02080430032827
:109CE00009D8DFE800F006040A0205487047054875
:109CF000704705487047002070470448704700BF10
:109D00005CB0020824B0020838B00208FCAF0208B8
:109D10002DE9F041012823DD06460C460F684D6809
:109D200069492846E7F7E0F950B368492846E7F75C
:109D3000DBF9002841D066492846E7F7D5F908B98C
:109D4000022E57DC63492846E7F7CEF9804608B96A
:109D5000022E76DC29466048FDF7ACFFBDE8F081B5
:109D60005E48FDF7A7FF5E48FDF7A4FF5D48FDF7DD
:109D7000A1FF5D48FDF79EFF5C48FDF79BFFEDE707
:109D8000384601F01FFB044620B939465848FDF714
:109D900091FFE3E75748FDF78DFF2046FFF79EFF51
:109DA000024640B1234639465348FDF783FF5348E6
:109DB000FDF780FFD2E7524AF4E7384601F032FB64
:109DC000044620B939464F48FDF774FFC6E74948B5
:109DD000FDF770FF2046FFF781FF024640B12346A2
:109DE00039464948FDF766FF4448FDF763FFB5E78C
:109DF000434AF4E7A5682846E7F7E2FA024629460F
:109E0000384601F07AFB051E08DBA068E7F7D8FAB0
:109E1000024639463D48FDF74DFF9FE73548FDF7BF
:109E200049FF2846FFF75AFF024640B12B46394604
:109E30003748FDF73FFF3148FDF73CFF8EE7304ADA
:109E4000F4E7A06802F0DCFC0446431EB3F5007F93
:109E500000D34024661C3046EAF77AF905463246BC
:109E6000002102F00FFD22462946384601F00FFB83
:109E7000041E15DD224639462648FDF71BFF06E085
:109E800015F808102448FDF715FF08F10108A04552
:109E9000F6DB2248FDF70EFF2846EAF769F95DE791
:109EA0001448FDF707FF2046FFF718FF024640B1B0
:109EB000234639461A48FDF7FDFE1048FDF7FAFE25
:109EC000EAE70F4AF4E700BF0CB1020848B1020804
:109ED00084B10208C8B1020804B2020874B00208D2
:109EE00098B00208B0B00208CCB00208ECB002088A
:109EF00014B102081CA702082CB1020840A20208F3
:109F00006CB0020850B1020868B102088CB10208B6
:109F1000ACB10208D0B1020880A7020854AF020811
:109F2000E8B1020870B50E4614461D4601460D48BC
:109F3000FDF7C0FE86B10C48FDF7BCFE74B10B48BE
:109F4000FDF7B8FE64B10A4A29460A48FDF7B2FE99
:109F50000948FDF7AFFE70BD0848EDE70848EFE798
:109F6000084AF1E78086020820B2020814AC020811
:109F7000A8AB020824B2020840A202081CB20208E0
:109F8000FCAD0208A0A702082DE9F043ADF27C4D1C
:109F900006460F4690463D49DEA802F093FE337810
:109FA00093B9DEA9CAA8FAF7CDFD00286AD100242A
:109FB00082A9CAA8FAF739FE58B99DF8223243B1EE
:109FC0002E2BF5D00134F3E73146DEA802F05AFE1D
:109FD000E7E7CAA8FAF71FFEDEA9CAA8FAF7B2FD9A
:109FE00000284FD14FF0000917E04FF480720DF2B6
:109FF000222102A802F032FF4C453EDC244B0093A4
:10A000003B46244A4FF4807142A802F063FD08F1F8
:10A01000FF3242A902A8FFF7B7FF82A9CAA8FAF740
:10A0200004FE60BB9DF822324BB32E2BF5D009F114
:10A0300001099DF81452C5F300150DF222232A469A
:10A040004C45CCBF002101213846FFF76BFFB8F12A
:10A05000000FD4BF002505F00105002DDDD03378B9
:10A06000002BC2D00DF22223009333460A4A4FF44C
:10A07000807102A802F02EFDBEE7084BBFE7CAA818
:10A08000FAF7C9FD0DF27C4DBDE8F083002B0024EA
:10A0900034B2020844B202083CB202082CB20208F0
:10A0A0002DE9F047D6B080460F4691468568C368D3
:10A0B000002201E001321B6A002BFBD1D8F82040BE
:10A0C00001E00133646A002CFBD1D8F81410B1F11F
:10A0D000000A18BF4FF0010A15441D445544D8F832
:10A0E00004600AE00134B3680022A542CCBF00211D
:10A0F00001213846FFF716FF366A002EF2D1D8F854
:10A100000C600AE0013433680022A542CCBF002174
:10A1100001213846FFF706FF366A002EF2D1B9F169
:10A12000000F35DDD8F820600FE0284B00933B4648
:10A13000274A4FF4807116A802F0CCFC09F1FF32D7
:10A1400016A93046FFF7ACFF766A0EB30134002340
:10A150000293039304930593736923B11D4A02ABE1
:10A1600007CA03C31A70336802AA0092184A402132
:10A1700006A802F0AFFC06AB0122A542CCBF00212D
:10A1800001213846FFF7CEFEA542CEDC124BCDE7CB
:10A19000B9F1000FD4BF00230AF001037BB1D8F856
:10A1A00018407CB13B460D4A4FF4807116A802F06E
:10A1B00091FC09F1FF3216A92046FFF7E5FE56B0E3
:10A1C000BDE8F087D8F81440ECE700BF2CB20208D5
:10A1D00044B202084CB2020834B2020858B2020873
:10A1E00008B50A460149FFF75BFF08BDA0A70208B2
:10A1F00038B50546002400E001340B4B1B68A34230
:10A200000FDD04EB84032946084800EB8300E6F7E2
:10A210006BFF0028F0D104EB8404044800EB8400B9
:10A2200000E0002038BD00BF04C4002484C1002425
:10A230002DE9F0410646FFF7DBFF044610B120464A
:10A24000BDE8F081094B1D681F2DF8DC6A1C1A60FF
:10A25000074F05EB850407EB84040F2231462046A7
:10A2600002F0FCFD0023E3732361E8E704C400244B
:10A2700084C1002438B50546002400E001340B4BAE
:10A280001B68A34210DD04EB8403DB00083329467E
:10A2900007481844E6F728FF0028EFD104EB8404B0
:10A2A000034800EBC40000E0002038BDE0C00024FB
:10A2B000E4C0002430B583B0054608460023C5F845
:10A2C000003401AA1C4902F047FE04460FE00134A5
:10A2D0002378092B18BF202BF9D0002B18BF232B74
:10A2E0000CD101AA1449002002F036FE04461CB12C
:10A2F000D5F80034FF2BEBDD03B030BD2046E7F787
:10A300005FF8431E234402E0002203F801299C4227
:10A3100006D81A78202A18BF0D2AF5D0092AF3D0BA
:10A320002378002BDDD0D5F800345A1CC5F8002462
:10A3300045F82340D5E700BF54AF0208F8B50646FC
:10A340000C46012706E006221549284602F046FD84
:10A3500080B901370134D6F80034A3421DDD56F828
:10A36000245004220F49284602F038FD0028EAD183
:10A370000137EFE70C492846E6F7B6FE18B9013F6A
:10A38000E8D120460BE009492846E6F7ADFE002853
:10A39000E0D1013FDED1204601E04FF0FF30F8BDB3
:10A3A00070B2020868B2020878B2020880B20208ED
:10A3B000F8B506460C46012706E004221549284652
:10A3C00002F00CFD80B901370134D6F80034A34205
:10A3D0001DDD56F8245006220F49284602F0FEFCE7
:10A3E0000028EAD10137EFE70C492846E6F77CFE62
:10A3F00018B9013FE8D120460BE009492846E6F7A5
:10A4000073FE0028E0D1013FDED1204601E04FF08D
:10A41000FF30F8BD68B2020870B2020880B20208CC
:10A4200078B202082DE9F04106460C46904600231A
:10A430001360012706E015492846E6F755FE88B95E
:10A44000013F20D00134D6F80034A34217DD56F87E
:10A45000245003220E49284602F0C0FC0028EAD10D
:10A460000137EFE7012FEDD10A492846E6F73CFE18
:10A470000028E7D10123C8F80030204601E04FF062
:10A48000FF30BDE8F0812046FBE700BF90B2020834
:10A490008CB2020898B2020810B504460422124990
:10A4A00002F09CFC08B9032102E0022100E0013423
:10A4B0002378092B18BF202BF9D000220FE001349C
:10A4C0002378002B18BF202B01D0092BF7D123783C
:10A4D000092B18BF202B01D10134F8E701328A4241
:10A4E000EEDB204610BD00BFA0B20208F0B591B06F
:10A4F00005461446013946182FE001342378092B0C
:10A5000018BF202B04D1B542F7D205F8013BF4E780
:10A510003BB3002706E0013407F140026A4402F829
:10A52000403C01372378002B18BF202B03D0092B88
:10A5300001D03E2FEFDD002207F140036B4403F80A
:10A54000402C6846FFF754FE08B3711B0369114A9B
:10A550000131284602F0BEFA054423780BB1B5421A
:10A56000CCD300232B7011B0F0BD03F140026A443C
:10A5700012F8402C05F8012B01339F42D4BF002272
:10A580000122B54228BF0022002AEED1E5E70023D0
:10A59000F3E700BF50B3020830B5AFB005460C4634
:10A5A0004FF4D872002102F06DF905AA84492046C3
:10A5B00002F0F4FA012802D1059B002B69DC0AAAFB
:10A5C0008049204602F0EAFA012869D00AAA7E49A9
:10A5D000204602F0E3FA01286BD005AB0AAA7B49BA
:10A5E000204602F0DBFA022802D1059B002B69DC31
:10A5F0000AAA7749204602F0D1FA01286ED006ABAC
:10A600000AAA7449204602F0C9FA02286FD004ABA6
:10A61000009305AB2AAA7049204602F0BFFA03282E
:10A6200000F09A8005AB2AAA6C49204602F0B6FADF
:10A63000022800F0A08005AB2AAA6949204602F052
:10A64000ADFA022800F0A38005AA6649204602F070
:10A65000A5FA012803D1059B002B40F0A48005AB8F
:10A6600000930DF10F032AAA5F49204602F096FAE3
:10A67000032804D19DF80F303D2B00F09D80284623
:10A68000002300F8813B22464FF48071FFF72EFF34
:10A6900004E005232B70059BC5F884312FB030BD35
:10A6A0002846062300F8013B0AAA8021FFF71EFF77
:10A6B000F4E72846072300F8013B0AAA8021FFF7A8
:10A6C00015FFEBE72846082300F8013B0AAA802182
:10A6D000FFF70CFF059BC5F88431DFE72846092307
:10A6E00000F8013B0AAA8021FFF700FFD6E70AAA7B
:10A6F0008021681CFFF7FAFE3C4906A8E6F7F4FC47
:10A7000098B13B4906A8E6F7EFFC88B1394906A89D
:10A71000E6F7EAFC78B1384906A8E6F7E5FC002838
:10A720007FF475AF09232B70B8E706232B70B5E7CC
:10A7300007232B70B2E705AA3049204602F02EFA13
:10A740000128E8D108232B70059B002B02DDC5F8FA
:10A750008431A3E74023FAE702232B700F222AA9B2
:10A7600005F5C47002F07AFB059BC5F89831049B8F
:10A77000C5F89C3192E703232B700F222AA905F517
:10A78000D07002F06BFB059BC5F8843186E704238B
:10A790002B700F222AA905F5D07002F05FFB059BF4
:10A7A000C5F884317AE704232B70002385F8A031A3
:10A7B0000123C5F8843171E701232B706EE700BFD8
:10A7C000A8B20208B4B20208C0B20208CCB20208B1
:10A7D000DCB20208E8B2020808B3020818B30208A3
:10A7E00028B302083CB3020848B302080CB10208BF
:10A7F00048B10208C8B1020884B10208F8B20208E0
:10A800002DE9F043A5B007460C4616460B78092BF8
:10A8100000F2C480DFE803F07B05C2C2C2751E2AC5
:10A820002F5803AB00930DF10B0304AA5C4930468B
:10A8300002F0B4F9032801D0002511E09DF80B3097
:10A840003D2BF9D104A8FFF7F3FC0028F4D0039ABC
:10A850000261F1E7481C00F0B5FD0546002D61DB03
:10A8600000237B60284625B0BDE8F083481C00F03B
:10A87000D9FD0546F2E74E1C304600F0A3FD054623
:10A8800010F1020F18BF0028E8D1D4F88451002D30
:10A8900005DDB5F5007F03DD4FF4007500E04025D0
:10A8A00005F101094846E9F753FC80464A46002174
:10A8B00001F0E8FF2A464146304600F0E8FD054633
:10A8C0004046E9F755FCC9E701F10108404600F0B0
:10A8D00079FD054610F1020F18BF0028BED13046A1
:10A8E000FFF7DAFD0246802104A8FFF7FFFD04A868
:10A8F000E6F766FD024604A9404600F0FEFD054667
:10A90000ACE7D1F88401FBF72AFB0025AAE791F810
:10A9100081300BB90025A5E701F1810000F074FB3F
:10A9200000259FE77B6801337B60012B12D07B6899
:10A93000092B97DD1B48FDF7BDF9B96800292BD01D
:10A940007A681948FDF7B6F91848FDF7B3F90123FD
:10A950003B6087E72378063B032B03D8DFE803F04F
:10A960000A040608124E06E0124E04E0124E02E0FF
:10A97000124E00E0124E0B48FDF79CF9B96849B140
:10A980000095631C32460F48FDF794F90748FDF720
:10A9900091F9CCE70649F3E70549D1E7002561E7DE
:10A9A00048B302081CA7020870B3020840A20208BC
:10A9B00054B3020848B10208C8B1020884B10208C1
:10A9C0000CB1020858B302082DE9F041ECB007467B
:10A9D0000E461446984637E022463146384600F087
:10A9E00013F921463046FFF7A9FC00286BDB441C15
:10A9F0002AE022463146384600F031F921463046F9
:10AA0000FFF7D6FC002860DB441C1DE06A462146A7
:10AA10003046FFF707FD051E0ADB22463146384661
:10AA200000F047F9009B2BB9002D0ADB6C1C0BE0F2
:10AA3000444609E06A4629463046FFF7F3FC0546DE
:10AA4000F2E7444600E00134444540DA3A68002A1F
:10AA50003DD156F8245004221E49284602F0BEF982
:10AA60000028B9D006221C49284602F0B7F9002870
:10AA7000BFD003221949284602F0B0F90028C5D0FA
:10AA800017492846E6F730FB0028DCD01549284650
:10AA9000E6F72AFB0028D6D013492846E6F724FB20
:10AAA0000028D0D011492846E6F71EFB0028CAD05E
:10AAB00029466846FFF770FD2A4669463846FFF783
:10AAC0009FFE0134C0E74446BEE74446BCE76CB095
:10AAD000BDE8F08168B2020870B202088CB20208C8
:10AAE00098B2020890B2020878B2020880B2020856
:10AAF0002DE9F0410546002400E001343F4B1B687E
:10AB0000A34210DD04EB8403DB000833291D3C481D
:10AB10001844E6F7E9FA0028EFD104EB8404384B37
:10AB200003EBC40400E00024002C3FD0FBF70EFA36
:10AB30002060636803B118614FF00008314BC3F81F
:10AB400000802868E6F73CFC0130E9F701FB074686
:10AB5000296802F0B7F840F20440E9F7F9FA06462E
:10AB60003946FFF7A7FBD6F800344246314604F1D8
:10AB70001C00FFF729FF3046E9F7FAFA3846E9F7F3
:10AB8000F7FA636823B103221A716368C3F810806F
:10AB900000231A4A1068984224DD03EB8302184907
:10ABA00001EBC202A24208D00133F2E72868E9F7BC
:10ABB000DFFA2846E9F7DCFA1DE001380F4A106099
:10ABC00003EB830300EB800001EBC30401EBC00C3B
:10ABD000BCE80F000FC4BCE80F000FC49CE80300E2
:10ABE00084E803002868E9F7C3FA2846E9F7C0FAC1
:10ABF0000020FBF7AFF9BDE8F08100BFE0C0002402
:10AC0000E4C0002404C400242DE9F043EDB005465F
:10AC10000E46174651F822106846FFF7BDFC62A8A1
:10AC2000FFF706FBC0B1814639463046FFF786FB89
:10AC3000B0F1000810DB669C08E0C9F810404346FC
:10AC40007A1C31462846FFF7BFFE0134679BA342BA
:10AC500002DB2B68002BF0D06DB0BDE8F0832DE94E
:10AC6000F041ECB004460D46164651F822106846F5
:10AC7000FFF792FC31462846FFF79AFB071E15DBCB
:10AC80009DF8A08105E03B46721C29462046FFF74F
:10AC90009BFE236853B9B8F1000FF4D068A8FFF702
:10ACA000A7FA18B10269619B9A42ECD06CB0BDE87A
:10ACB000F0812DE9F041EEB007460C46154651F8FB
:10ACC000221002A8FFF768FC6AA8FFF791FAA0B16A
:10ACD0000269639B9A4213D04FF0000801AA2946EB
:10ACE0002046FFF79FFB061E04DBB8F1000F0AD1D8
:10ACF000019B7BB96EB0BDE8F0814FF00008EDE735
:10AD00004FF00108EAE733466A1C21463846FFF750
:10AD10005BFEEFE701AA31462046FFF783FB031EE7
:10AD2000E8DB721C21463846FFF74EFEE2E70000E2
:10AD30002DE9F04788B08146002800F08B800C4652
:10AD40000378002B00F0888000296DD0444B1E68EA
:10AD5000032E00F38380731C414A1360414FB500FA
:10AD600006EB860807EBC80828220021404601F0C0
:10AD700089FD3544ED0008353D441322214628461F
:10AD800002F06CF8002788F81B70C8F81C70C8F82F
:10AD900024502420E9F7DCF905462046E6F710FBAD
:10ADA0000130E9F7D5F92860214601F08BFF2F71BA
:10ADB0002F732F610023AB602F626F61AF612A4A4E
:10ADC0001378591C11702B77C8F80450284601F0ED
:10ADD0006FFC1820E9F7BCF980464846E6F7F0FA20
:10ADE0000130E9F7B5F9C2464AF8040B494601F0CB
:10ADF00069FF13222146504602F030F888F8177098
:10AE000001AC1A4F0FCF0FC497E8070084E8070082
:10AE1000414601A8FBF765F8044648B106EB8606F3
:10AE2000104B43F836002861204608B0BDE8F08793
:10AE3000D8F80000E9F79CF94046E9F799F9286845
:10AE4000E9F796F92846E9F793F9054A1368013BB3
:10AE50001360E9E70446E7E70024E5E70024E3E7B9
:10AE6000E0C00024E4C00024BDC0002434860208F1
:10AE700010B5FFF7FFF9002850D004460123C36145
:10AE8000006818B1FBF766F8002323602549264BBC
:10AE9000186800F031FC8446A8B162689AB1C368B2
:10AEA00000213BB19A4202D019461B6AF9E7C1B1B1
:10AEB0001B6A0B6263681868E9F75AF96068E9F77A
:10AEC00057F9002363600023184A1068984223DD75
:10AED00003EB8302164901EBC202A24205D0013303
:10AEE000F2E71B6ACCF80C30E4E701380F4A106037
:10AEF00003EB830300EB800001EBC30C01EBC00408
:10AF00000FCCACE80F000FCCACE80F0094E80300C6
:10AF10008CE80300002000E0002010BD4FF0FF305F
:10AF2000FBE700BF8CB302080CC40024E0C000247F
:10AF3000E4C0002410B5114B1B680BB100240EE0D7
:10AF40000F48FCF7B7FE10BD0E4A04EB8403D9008E
:10AF500008310D4B19440D48FCF7ACFE0134074B8A
:10AF60001B68A342EFDD04EB8403DA00064B1344B5
:10AF7000DB69002BE8D0064AE7E700BFE0C0002409
:10AF8000A4B3020894B30208E4C00024BCB30208CE
:10AF90009CB302082DE9F84380460F4616469946B1
:10AFA000184B1C6825462469002CFBD11420E9F7B6
:10AFB000CFF804464046E6F703FA0130E9F7C8F84F
:10AFC00020603846E6F7FCF90130E9F7C1F8606027
:10AFD0003046E6F7F5F90130E9F7BAF8A0604146E6
:10AFE000206801F06FFE3946606801F06BFE314663
:10AFF000A06801F067FEC4F80C90002323612C6167
:10B00000BDE8F88308C4002470B5ADF5027D0446A0
:10B01000E6F7D6F90130E9F79BF80646214601F03C
:10B0200051FE4FF40072002102A801F02BFC01AA8E
:10B030001849304601F090FF002309E05C1C02AA89
:10B0400042F8230001AA1349002001F085FF23469E
:10B050000028F3D15D1E104B1B681C6900E02469B9
:10B060006CB102992068E6F73FF80028F7D1E36851
:10B0700003A9284698473046E9F77AF806E002998E
:10B080000648FCF717FE3046E9F772F80DF5027D29
:10B0900070BD00BFA4B4020808C40024C8B30208ED
:10B0A00070B5A0B00646E6F78BF9421C31466846FB
:10B0B000E9F70AF8154B1B681C699DF8003043B18D
:10B0C000BCB1256831462846E6F70EF898B12469E8
:10B0D000F6E70F4B0F4A10491048FCF7EBFD06E06E
:10B0E000A368626821680D48FCF7E4FD2469002C20
:10B0F000F6D120B070BD626829460948FCF7DAFD38
:10B10000A1680848FCF7D6FDF3E700BF08C4002497
:10B11000ECB30208F4B3020800B4020808B4020851
:10B120001CB4020828B4020870B52820E9F710F80A
:10B130002B4D28601420E9F70BF82A4B18600024E7
:10B1400004612B68284A1A60286844608460C461DE
:10B150000462446244618461C460244B1860244EDC
:10B160002246314600F09CFA22462249286800F027
:10B1700097FA22462049286800F092FA22461F4991
:10B18000286800F08DFA22461D49286800F088FAE8
:10B190003146286800F0B0FA05462246194900F009
:10B1A0007FFA22461849284600F07AFA22461749C3
:10B1B000284600F075FA22461549284600F070FA34
:10B1C00022461449284600F06BFA224612492846C6
:10B1D00000F066FAE8F713FEFDF792FA70BD00BFC3
:10B1E0000CC4002408C40024A8AB020810C4002426
:10B1F00034B40208C8A2020838B402088CB30208AA
:10B200003CB4020840B40208E09802089C86020898
:10B21000A498020878860208B88602082DE9F84347
:10B220008146884615461F46394B1C68E6F7C8F824
:10B230000130E8F78DFF0646494601F043FD3549E8
:10B24000304601F04FFE014604E03249002001F093
:10B2500049FE014651B1204600F04EFA044600284E
:10B26000F3D13046E8F784FFBDE8F8833046E8F7CD
:10B270007FFF666800E0366A46B1B0680028FAD001
:10B280002946E5F731FF0028F5D1EDE72820E8F75A
:10B290005FFF06462846E6F793F80130E8F758FFC7
:10B2A000B0603846E6F78CF80130E8F751FFF060FF
:10B2B0002946B06801F006FD3946F06801F002FD4C
:10B2C000C6F800809DF8243033719DF820307371EA
:10B2D0008020E8F73DFF30610A9B73611820E8F792
:10B2E00037FF0546E9F7AAFBF56174620023336274
:10B2F000636843B11A461B6A002BFBD11662A36830
:10B300000133A360B0E76660A3680133A360ABE7D5
:10B310000CC40024A8AB0208F8B50446E6F750F8C0
:10B320000130E8F715FF0646214601F0CBFC3478E2
:10B330002F2C1BD0204B1D6820493046E5F7D4FE4A
:10B34000B8B12F2C1AD030461C4901F0CBFD044671
:10B35000B4B12146284600F0CFF9074680B117491D
:10B36000002001F0BFFD04463D46F1E7144B1D6887
:10B37000E2E73046E8F7FCFE00250BE0701CE3E74F
:10B38000002C18BF002D01D06D6835B93046E8F7A4
:10B39000EFFE00252846F8BD2D6A002DF6D0A868DE
:10B3A0000028F9D02146E5F79FFE0028F4D1304669
:10B3B000E8F7DEFEEEE700BF10C40024A8AB0208E9
:10B3C0000CC4002438B50446E5F7FAFF0130E8F76D
:10B3D000BFFE0546214601F075FC2846FFF79CFF9D
:10B3E00004462846E8F7C4FE9CB16369A3B12279FC
:10B3F000042A14D01B6853B120689847054620B929
:10B4000004232371FAF7A2FDA061284638BD002568
:10B41000F6E74FF0FF35F8E74FF0FF35F5E76FF04F
:10B420000105F2E738B50446E5F7CAFF0130E8F751
:10B430008FFE0546214601F045FC2846FFF76CFFCC
:10B4400004462846E8F794FEACB16369B3B12379AA
:10B45000042B16D1A569FAF779FD854214D16369E9
:10B460005B6833B120689847012323710023A361EF
:10B4700038BD0020F8E74FF0FF30F9E74FF0FF301C
:10B48000F6E76FF00200F3E76FF00300F0E7F8B5BE
:10B4900004460E461746E5F793FF0130E8F758FEDD
:10B4A0000546214601F00EFC2846FFF735FF04460D
:10B4B0002846E8F75DFE8CB1636993B12379042BCC
:10B4C00012D1A569FAF742FD854210D163699B68E4
:10B4D00083B13A46314620689847F8BD4FF0FF30B7
:10B4E000FBE74FF0FF30F8E76FF00200F5E76FF091
:10B4F0000300F2E74FF0FF30EFE7F8B504460E46E1
:10B500001746E5F75DFF0130E8F722FE05462146C4
:10B5100001F0D8FB2846FFF7FFFE04462846E8F76F
:10B5200027FE8CB1636993B12379042B12D1A569ED
:10B53000FAF70CFD854210D16369DB6883B13A46A6
:10B54000314620689847F8BD4FF0FF30FBE74FF0D9
:10B55000FF30F8E76FF00200F5E76FF00300F2E765
:10B560004FF0FF30EFE738B50446C069016A0A467C
:10B570000B4601E01A465B6A0BB1A342FAD1A34223
:10B5800000D038BD8C4203D0636A5362206A06E063
:10B59000636A0362FAE7456AFFF7E5FF2846002879
:10B5A000F9D12068E8F7E4FD606908B1E8F7E0FD4B
:10B5B000A06908B1E8F7DCFD2046E8F7D9FDE0E72F
:10B5C00000283ED010B5044643790A2B23D1416AA6
:10B5D00009B34A68824215D1036A4B608B68013B0C
:10B5E0008B608068E8F7C4FDE068E8F7C1FD20697A
:10B5F000E8F7BEFDE069E8F7BBFD2046E8F7B8FDD7
:10B6000009E01A461AB1136A0BB1A342F9D112B17B
:10B61000136AA34200D010BD236A13628B68013BFA
:10B620008B60A068E8F7A4FDE068E8F7A1FD206959
:10B63000E8F79EFDE069E8F79BFD2046E8F798FDF6
:10B64000E9E7704738B505460C46054901F03AFB75
:10B65000237803B938BD2146284601F013FBF9E7EA
:10B66000002B002438B50C460B4B1B6883420ED0D0
:10B670000546C069FFF7F6FF2968204601F002FB86
:10B680002046E5F79DFE054B1B88235238BD034B32
:10B690001B880B80FAE700BF0CC40024A8AB02088B
:10B6A000F8B505460E4617462820E8F751FD044632
:10B6B0003046E5F785FE0130E8F74AFD2060314667
:10B6C00001F000FB00236360A36027746361A36142
:10B6D000E56123626362E3602B6A33B11A465B6AF9
:10B6E000002BFBD154622046F8BD2C62FBE708B565
:10B6F0000122FFF7D5FF08BD38B50D46046A00E00A
:10B70000646A2CB129462068E5F7EEFC0028F7D1E1
:10B71000204638BD70B5054606782F2E13D0174B3E
:10B720001C6817492846E5F7DFFC78B1154928461B
:10B73000E5F7DAFC70B12F2E10D01149284601F040
:10B74000D1FB014611E0104B1C68EAE70E4B1C6868
:10B75000204670BD094B1B68DC69F9E70135ECE751
:10B760000749002001F0BEFB01460029F0D0204629
:10B77000FFF7C2FF04460028F2D1E9E710C4002415
:10B78000A8AB020844B402080CC4002470B50446F7
:10B7900006782F2E05D01C4B1D681C4B1B689D4244
:10B7A00001D11A4B1D681A492046E5F79DFC40B3AC
:10B7B0002F2E12D01649204601F094FB0446E4B126
:10B7C00021462846FFF798FF0646B0B110490020F1
:10B7D00001F088FB04463546F1E70134EAE72146EB
:10B7E0002846FFF784FF21462846FFF785FF0546D8
:10B7F0000749002001F076FB0446002CEFD12846D3
:10B8000070BD0025FBE700BF10C400240CC4002459
:10B81000A8AB020870B50646E5F7D2FD0130E8F79F
:10B8200097FC05463046E5F7CBFD0130E8F790FC84
:10B8300004463146284601F045FA3146204601F0DB
:10B8400041FA2846FFF766FF06462046FFF764FDEB
:10B850004EB13046FFF787FE2846E8F789FC2046C0
:10B86000E8F786FC70BD10B1FFF7AAFEF4E70248C6
:10B87000FCF720FAF0E700BF48B402082DE9F843CE
:10B88000044688469146E5F79BFD0130E8F760FCE9
:10B890000646214601F016FA2F21304601F010FB32
:10B8A000B0B10546002305F8013B3378A3B93F4BFF
:10B8B0001F68B7B129463846FFF71EFFC0B97C683C
:10B8C0003CB32946A068E5F70FFCD0B1246AF7E73E
:10B8D000374B1F683546ECE73046FFF71BFF07463E
:10B8E000E7E73448FCF7E6F93046E8F741FC06E0C4
:10B8F00029463148FCF7DEF93046E8F739FCBDE867
:10B90000F88329462C48FCF7D5F93046E8F730FC97
:10B91000F5E72820E8F71CFC04462846E5F750FD2B
:10B920000130E8F715FCA060294601F0CBF90820AA
:10B93000E8F70EFC0346E060204A106818601279B0
:10B940001A710A2363710123237100252560656143
:10B95000676225628020E8F7FBFB20618022294690
:10B9600000F090FFA84518BFA94514D11820E8F7AA
:10B97000EFFB0546E9F762F8E5617B68A3B11A467B
:10B980001B6A002BFBD11462BB680133BB603046DD
:10B99000E8F7EEFBB3E74A467F2A28BF7F224146FD
:10B9A0002069E8F791FBE1E77C60EDE70CC4002437
:10B9B00010C4002468B4020884B402088CA60208EB
:10B9C00030B5EDB0FFF7A6FE002865D00546046A45
:10B9D0000AE03248FCF76EF921683148FCF76AF951
:10B9E0003048FCF767F9646A002CF2D16C680AE011
:10B9F0002D48FCF75FF9A1682948FCF75BF9294855
:10BA0000FCF758F9246A002CF2D16B694BB1A96993
:10BA100049B16846FFF716FE694610A8F9F792F893
:10BA200068B1EC6833E01946F3E7204817E01C489A
:10BA30000DF1AA01FCF73EF91A48FCF73BF924A9DD
:10BA400010A8F9F7F2F898B99DF8AA3083B12E2B17
:10BA5000F5D09DF89C3013F0100FE6D00F48FCF79E
:10BA600029F99DF89C3013F0100FE0D01048DFE763
:10BA700010A8F9F7D0F8D4E70E48FCF71BF92168B5
:10BA80000D48FCF717F90748FCF714F9246A002C55
:10BA9000F2D10A48FCF70EF96DB030BD14AC0208C3
:10BAA00098B4020840A20208A8B40208FCAD02083B
:10BAB000A0B40208B0B40208B8B4020854AF020837
:10BAC000F0B5A5B0044603782F2B6FD0494A16680D
:10BAD0007569002D6AD0B76907B13D4646492046D1
:10BAE000E5F702FB002834D12F21284601F0E8F9C0
:10BAF00010B3854216D0441B601CE8F729FBB061E7
:10BB00003C4E3368224629469869E5F747FA336880
:10BB10009B6900221A5517B13846E8F729FB354BC7
:10BB20001C6854E0002FFAD03846E8F721FB314B6F
:10BB30001B6800229A61F2E737B13846E8F718FB34
:10BB40002C4B1B6800229A612A4B1A68D4691C602E
:10BB50003DE02846E5F734FC06462046E5F730FC94
:10BB600030440230E8F7F4FA064623462A462349D1
:10BB700000F0F4FF31466846FFF764FD694610A8FF
:10BB8000F8F7E0FF60B910A8F9F745F8194B1B6802
:10BB9000986908B1E8F7ECFA164B1C68A66116E044
:10BBA0003046E8F7E5FA134B1C6810E02F2B11D054
:10BBB0002046FFF7AFFD044648B10E4B1860806980
:10BBC00028B1E8F7D5FA0B4B1B6800229A61204692
:10BBD00025B0F0BD074B1B685A69002AE8D0986968
:10BBE0000028E5D0E8F7C4FA024B1B6800229A61EE
:10BBF000DEE700BF10C40024BCB402083CB2020857
:10BC000010B50C46084B1B68834208D0FFF72AFD8D
:10BC10002046E5F7D5FB01380023235410BD034B24
:10BC20001B880B80FAE700BF0CC40024A8AB0208F5
:10BC300070B5174B1C68D4B10546636933B3A66968
:10BC4000BEB13046E5F7BCFB441C35B12B7823B1BF
:10BC50002846E5F7B5FB04440134601CE8F778FAA0
:10BC60000446314601F02EF80DB12B781BB9204661
:10BC700070BD1E46E5E72046E5F7A2FB054B1B8895
:10BC800023522946204600F0FDFFF0E71C46EEE770
:10BC900010C40024A8AB020810B40F4B1C68BCB938
:10BCA00000200DE04B400132072A05DC590813F053
:10BCB0000103F7D0094BF5E7094A42F8203001307B
:10BCC000FF2802D822460346EEE7034B01221A6002
:10BCD0005DF8044B704700BF14C400242083B8ED06
:10BCE00018C4002438B505460C46FFF7D5FF0022DE
:10BCF0004FF0FF3008E0AB5C4340DBB2044951F841
:10BD0000233083EA10200132A242F4D3C04338BD6D
:10BD100018C4002410B40B685C1C0C60C2540B687F
:10BD20005C1C0C60120AC2545DF8044B704710B4DE
:10BD30000B685C1C0C60C2540B685C1C0C60C2F38A
:10BD40000724C4540B685C1C0C60C2F30744C45441
:10BD50000B685C1C0C60120EC2545DF8044B7047FB
:10BD60000B68C25C1844407802330B6042EA002042
:10BD7000704710B40C68025D0319587842EA00223B
:10BD8000987842EA0042D87804340C6042EA0060B5
:10BD90005DF8044B70472DE9F04FCBB00893BDF828
:10BDA00058310793589EBDF86491002800F0CA806E
:10BDB0000F46144682464568DDF85C811EE0A9689E
:10BDC0000BEB040000F07EFF338803EB430348F8DD
:10BDD00023B02A69002A43D1338803EB430308EBDD
:10BDE000830300245C60338803EB430308EB830385
:10BDF0001C81338801333380099C2D6A002D47D084
:10BE000033884B4544D26B790A2BF6D1A868E5F705
:10BE1000D7FA2044431C09930230E8F799F9834686
:10BE200022463946E8F750F9002CC8D03B1913F8E0
:10BE3000013C2F2BC3D02F230BF804300134BEE775
:10BE40000134A4B27E2C02D8135D002BF8D14CB97A
:10BE5000338803EB430308EB830300225A60C2E7F5
:10BE60000024EFE7B6F800B00BEB4B0B08EB8B0BA5
:10BE70002046E8F76DF9CBF80400338803EB430361
:10BE800008EB8303224629695868E8F71DF9AAE7F9
:10BE9000DDF85481DAF8205044E004F1010A5246FA
:10BEA00039460AA8E8F710F93CB13B1913F8013CF0
:10BEB0002F2B02D02F233B5554462968381900F008
:10BEC00001FF2868E5F77CFA00EB040A0AF101009B
:10BED000E8F73EF9834652463946E8F7F5F800237D
:10BEE0000BF80A30B8F80030549A42F823B0B8F88A
:10BEF00000300133A8F80030CDF814900496579B19
:10BF00000393079B0293CDF804800092089B52464E
:10BF100039462846FFF73FFF621C0AA93846E8F772
:10BF2000D3F86D6A75B1B8F80030079A934209D218
:10BF30002868E5F745FA20440230089B9842ACD9BE
:10BF40006D6AEFE74BB0BDE8F08F00002DE9F04FD0
:10BF5000ADF56D7D4FF48060E8F7FAF883464FF455
:10BF60004060E8F7F5F881464FF48060E8F7F0F8B4
:10BF700082464FF48060E8F7EBF806904FF40070CB
:10BF8000E8F7E6F8064607904FF400752A460021C8
:10BF900000F078FC4FF00008ADF8AE83ADF8AC834C
:10BFA000A54C4FF480730593EBAA0492CDF80C9046
:10BFB00002930DF2AE330193CDF800B02B4642460A
:10BFC00031462068FFF7E7FE8DF8A88023686A9362
:10BFD000012460E00025AA95FC222946ABA800F0C8
:10BFE00051FC3B4604E00AAA42F82530DB690135E2
:10BFF0001BB1914A12689A42F5D1013D0EE0AAAEFA
:10C000003046E5F7DDF98D4B1B8833520AAB53F808
:10C0100025301968304600F035FE013D002DEEDA7E
:10C020009DF8A832DBB1AAA8E5F7CAF90130E8F714
:10C030008FF84AF82800AAA900F044FE7869E5F7CD
:10C04000BFF90130E8F784F8069B43F828007969C6
:10C0500000F038FE08F101081FFA88F82BE02F23C2
:10C06000ADF8A832DFE7AAA941F82320526A0133CC
:10C07000002AF8D1013B07E0AAAA52F823106AAAC5
:10C0800042F82410013B0134DA43D20F3F2CC8BFE1
:10C090000022002AF0D1002CD4BF00230123B8F1E4
:10C0A000FF0F88BF00234BB1013C6AAB53F82470EB
:10C0B0007B69002B8ED13A6A0023D9E74FF40050F8
:10C0C000E8F746F804464FF40052002100F0DAFB8E
:10C0D0000026EA965A4AEAA92046FFF728FEEA9B7C
:10C0E00008933246EAA92046FFF721FEBDF8AE23A9
:10C0F000EAA92046FFF70EFEBDF8AC23EAA92046C8
:10C10000FFF708FE4246EAA92046FFF703FEBDF806
:10C11000AE33B3421BD95BF82600E5F751F985B27F
:10C120000135ADB22A46EAA92046FFF7F3FD2A46BB
:10C130005BF82610EA982044E7F7C6FFEA9B1D4407
:10C14000EA95B5F5E05F02D80136B6B2DFE7002622
:10C15000CDF8248005E0EA9BB3F5E05F33D80136E3
:10C16000B6B2BDF8AC33B3422DD906EB46074FEA61
:10C17000870809EB870759F80800E5F721F985B228
:10C180000135ADB22A46EAA92046FFF7C3FD2A468B
:10C1900059F80810EA982044E7F796FFEA9B2B44E9
:10C1A000EA933A89EAA92046FFF7B4FD3A89002AC2
:10C1B000D1D07968EA982044E7F786FF3A89EA9B6C
:10C1C0001344EA93C7E7DDF824800026069F05E0C4
:10C1D000EA9BB3F5E05F35D80136B6B2B04531D948
:10C1E0005AF82600E5F7ECF885B20135ADB22A46DB
:10C1F000EAA92046FFF78EFD2A465AF82610EA984B
:10C200002044E7F761FFEA9B1D44EA9557F82600B2
:10C21000E5F7D6F8C3B26A1CEA926355002BD7D073
:10C220001D461A4657F82610EA982044E7F74CFFB7
:10C23000EA9B2B44EA93CBE70CC40024A8AB02088A
:10C2400049374653EA9B089D5B1B281D191F204454
:10C25000FFF748FD0246AA95AAA92046FFF767FD09
:10C26000514AEAA92046FFF762FD4346BDF8AC23D8
:10C27000BDF8AE134D48FBF71DFDE7F705FE78BB93
:10C280004B48FBF717FDEA9A00212046E7F700FE2E
:10C2900080BB4848FBF70EFD4FF40050E7F758FF0E
:10C2A00005464FF40052002100F0ECFAEA9A002112
:10C2B0002846E7F7F1FD28B9EA9A29462046E7F72C
:10C2C0000DFF08BB3C48FBF7F5FC3C48FBF7F2FCD4
:10C2D0003B48FBF7EFFC2846E7F74AFF002524E040
:10C2E0003548FBF7E7FC3748FBF7E4FC3448FBF73D
:10C2F000E1FCF3E73048FBF7DDFC3348FBF7DAFC01
:10C300002F48FBF7D7FCE9E73048FBF7D3FCEA9965
:10C310002F48FBF7CFFC2A48FBF7CCFCDBE75BF8A8
:10C320002500E7F725FF0135ADB2BDF8AE33AB42CE
:10C33000F5D8002501E00135ADB2BDF8AC33AB4214
:10C340000DD905EB450309EB830659F82300E7F700
:10C350000FFF70680028EED0E7F70AFFEBE7002533
:10C36000069E09E05AF82500E7F702FF56F8250077
:10C37000E7F7FEFE0135ADB2A845F3D85846E7F71A
:10C38000F7FE4846E7F7F4FE5046E7F7F1FE069859
:10C39000E7F7EEFE0798E7F7EBFE2046E7F7E8FE43
:10C3A0000DF56D7DBDE8F08F00444E45C0B4020828
:10C3B000F8B4020820B502081CA702083CB5020820
:10C3C00040A20208E8B4020810B5020814AC020842
:10C3D0002CB502082DE9F04F89B0102200210DEB99
:10C3E0000200E7F759FD10B109B0BDE8F08F002356
:10C3F000039303A904A8FFF7BCFCA94B9842F3D10F
:10C4000003A904A8FFF7B5FC814603A904A8FFF718
:10C41000A7FC064603A904A8FFF7A2FC074603A948
:10C4200004A8FFF79DFC804646EA07039BB20BB9C0
:10C430000028D9D04FF40050E7F78AFE05464FF4A4
:10C4400000542246002100F01DFA22460021284611
:10C45000E7F722FD88B90E2302930024B44210D2DC
:10C4600002A92846FFF77CFC029B03440293B3F524
:10C47000005F4BD20134A4B2F0E72846E7F778FE1C
:10C48000B2E70024BC4213D202A92846FFF768FC99
:10C49000029B0344029302A92846FFF761FC029B1A
:10C4A00018440290B0F5005F30D20134A4B2E9E73D
:10C4B0000024444514D202A92846FFF751FC029BF0
:10C4C00018440290B0F5005F20D2421C02922B5C0F
:10C4D00013440293B3F5005F18D20134A4B2E8E725
:10C4E0000299083905F10800FFF7FCFB814504D1EA
:10C4F0000E2301934FF0000A13E06A48FBF7DAFBC2
:10C500006948FBF7D7FB6948FBF7D4FB2846E7F7F8
:10C510002FFE69E75846E7F72BFE0AF1010A1FFADA
:10C520008AFAB2452AD201A92846FFF719FC8146AA
:10C5300000F1010B5846E7F70BFE04464A46019905
:10C540002944E7F7C1FD002304F809305846E7F70E
:10C55000FFFD8346214600F0B5FB019B4B44019350
:10C560002046FFF7D7F881462046E7F701FEB9F1EC
:10C57000000FCFD15846FFF709F9CBE74FF000097C
:10C580000DE00021019B134401933046FFF776F93B
:10C590003046E7F7EDFD09F101091FFA89F9B945C0
:10C5A0001CD201A92846FFF7DBFB04460130E7F760
:10C5B000CFFD0646224601992944E7F785FD002371
:10C5C0003355019B2344019301A92846FFF7C8FB7B
:10C5D00002460028D5D001992944D3E700271CE062
:10C5E000601CE7F7B5FD8246224601992944E7F72A
:10C5F0006BFD00230AF80430019B2344019329E0DA
:10C60000BAF1000F3ED050466061BAF1000F3DD044
:10C610003046E7F7ADFD0137BFB24745BFF476AF0F
:10C6200001A92846FFF79CFB04460130E7F790FD7F
:10C630000646224601992944E7F746FD0023335573
:10C64000019B1C440194631C01932C5D002CC7D1F9
:10C650004FF0000A3046E4F7B3FE0130E7F778FD0B
:10C660008146314600F02EFB4846FFF753F804465A
:10C670004846E7F77DFD64B160690028C0D0E7F760
:10C6800077FDBDE70120E7F763FDBDE700230370F9
:10C69000BEE7BAF1000FBBD05046E7F769FDB7E738
:10C6A000493746531CA7020848B5020840A20208B1
:10C6B00010B504460749084B1868FFF71DF830B15C
:10C6C000C3682BB11A461B6A002BFBD1146210BD44
:10C6D000C460FCE78CB302080CC4002410B5044607
:10C6E0000749084B1868FFF707F8034630B1C368DD
:10C6F00023B11A69A24201D01B6AF9E7184610BD9E
:10C700008CB302080CC4002410B504460749084B3A
:10C710001868FEF7F1FF034630B1C36823B11A7FF2
:10C72000A24201D01B6AF9E7184610BD8CB302087B
:10C730000CC4002470B5044606782F2E1BD01D4B68
:10C740001D681D492046E4F7CFFC70B32F2E15D08D
:10C750001949204600F0C6FB04468CB12146284604
:10C76000FEF7CAFF064658B11349002000F0BAFB95
:10C7700004463546F1E7114B1D68E2E70134E7E76F
:10C780000D49204600F0AEFB01462046E4F7ACFC24
:10C7900068B9ED6800E02D6A2DB121462868E4F7FC
:10C7A000A3FC0028F7D1284670BD0025FBE7002533
:10C7B000F9E700BF10C40024A8AB02080CC4002491
:10C7C00000B50B4C25681446EE681A4685B0034642
:10C7D0000D464CB107490095CDE901143046064994
:10C7E00000F018F806F0D2FB04490C46F3E700BF4E
:10C7F000640100245CB502086CB50208A0A7020819
:10C800000A22002100F04ABC014B1868704700BFA3
:10C81000640100240EB410B583B005AB064C53F888
:10C82000042B01930146206803F0A6FD03B0BDE888
:10C83000104003B0704700BF6401002470B50D4E76
:10C840000D4D761BB61006D0002455F8043B01347C
:10C850009847A642F9D1094E094D761B0BF090FE80
:10C86000B61006D0002455F8043B01349847A64280
:10C87000F9D170BDA4BB0208A4BB0208ACBB02087E
:10C88000A4BB0208830730B548D0541E002A3FD00D
:10C89000CAB2034601E0013C3AD303F8012B9D07DD
:10C8A000F9D1032C2DD9CDB245EA05250F2C45EA47
:10C8B000054536D9A4F1100222F00F0C03F1200E29
:10C8C000E6444FEA121C03F1100242E9045542E922
:10C8D000025510327245F8D10CF1010214F00C0F20
:10C8E00003EB021204F00F0C13D0ACF1040323F09D
:10C8F00003030433134442F8045B9342FBD10CF06E
:10C9000003042CB1CAB21C4403F8012B9C42FBD196
:10C9100030BD64461346002CF4D1F9E703461446B3
:10C92000BFE71A46A446E0E70FB400B5074983B055
:10C9300004AB086853F8042B8168019304F05CFC95
:10C9400003B05DF804EB04B0704700BF640100243D
:10C9500070B5054688B008460C46E4F731FD224E16
:10C96000AA6B059001214318CDE9066104A80221B4
:10C9700004940393AC680190029122B3636E13F0A8
:10C98000010FB4F90C309AB201D1980525D5910464
:10C9900006D4626E43F4005322F40052A38162660F
:10C9A000284601AA214607F097FE636E002814BFAF
:10C9B0004FF0FF350A25DA0702D4A3899B0506D577
:10C9C000284608B070BD284607F000FCD6E7A06DE9
:10C9D00008F03CF8284608B070BDA06D08F034F8A7
:10C9E000B4F90C309AB2D2E754AF0208024B0146B8
:10C9F0001868FFF7ADBF00BF640100242DE9F041C6
:10CA00000E680C460546BEB137688FB1D7F8008076
:10CA1000B8F1000F08D0D8F8001009B1FFF7EEFF09
:10CA20004146284607F052FD3946284607F04EFD9C
:10CA30003146284607F04AFD21462846BDE8F04128
:10CA400007F044BD224B1B68834240D0C16C70B5D7
:10CA5000054681B100268C593CB121462468284600
:10CA600007F034FD002CF8D1E96C0436802EF2D1A9
:10CA7000284607F02BFD296C11B1284607F026FD4A
:10CA8000D5F8484154B105F5A676B44206D0214602
:10CA90002468284607F01AFDA642F8D1696D11B145
:10CAA000284607F013FDAB6B83B1EB6B2846984724
:10CAB000D5F8E04254B1216811B12846FFF79EFF36
:10CAC00021462846BDE8704007F000BD70BD7047A4
:10CAD000640100240CB410B51F4B00291C689CB0E5
:10CAE00035DB4FF40273ADF81430029006901FABA3
:10CAF00018D001394FF6FF7204910791ADF8162056
:10CB000002A91E9A0193204600F0DEFA421C01DAC7
:10CB10008B232360029B00221A701CB0BDE81040DA
:10CB200002B070474FF6FF7204910791ADF81620DE
:10CB300002A91E9A0193204600F0C6FA431C01DAAE
:10CB40008B2323601CB0BDE8104002B070478B23DC
:10CB500023604FF0FF30F5E7640100240EB410B5F8
:10CB60009DB06FF000411FABCDE90601049109496A
:10CB700053F8042B0290084C0868019302A905940D
:10CB800000F0A2FA029B00221A701DB0BDE810400E
:10CB900003B07047640100240802FFFF0EB410B513
:10CBA0009FB021AC4FF4017154F8042B0192ADF801
:10CBB0001C1004900890E4F703FC059009900B48C2
:10CBC0000B490C9100234FF6FF7C10931593019AAB
:10CBD0000068ADF81EC0234604A9039401F0DAFFF3
:10CBE0001FB0BDE8104003B0704700BF64010024CF
:10CBF00019CC010810B50C46B1F90E1009F05EF819
:10CC0000002803DB236D0344236510BDA38923F4AF
:10CC10008053A38110BD00BF002070472DE9F04173
:10CC20000C46B1F90C101F46CB05054616460BD431
:10CC300021F48051A1813B46B4F90E1032462846BA
:10CC4000BDE8F04106F018B9B4F90E100223002235
:10CC500007F0FEFEB4F90C10EAE700BF10B50C4671
:10CC6000B1F90E1007F0F4FEA389421C0EBF23F4A5
:10CC7000805343F480532065A38110BDB1F90E1099
:10CC800006F092B9830710B5044610D10268A2F1EC
:10CC9000013323EA020313F0803F08D150F8042F38
:10CCA000A2F1013323EA020313F0803FF6D00378A8
:10CCB0001BB110F8013F002BFBD100F003F8204618
:10CCC00010BD00BF80EA0102844612F0030F4FD16D
:10CCD00011F0030F32D14DF8044D11F0040F51F84B
:10CCE000043B0BD0A3F101329A4312F0803F04BF02
:10CCF0004CF8043B51F8043B16D100BF51F8044BEB
:10CD0000A3F101329A4312F0803FA4F101320BD11A
:10CD10004CF8043BA24312F0803F04BF51F8043B9F
:10CD20004CF8044BEAD023460CF8013B13F0FF0FFC
:10CD30004FEA3323F8D15DF8044B704711F0010F2F
:10CD400006D011F8012B0CF8012B002A08BF704700
:10CD500011F0020FBFD031F8022B12F0FF0F16BFF7
:10CD60002CF8022B8CF8002012F47F4FB3D17047BF
:10CD700011F8012B0CF8012B002AF9D1704700BFE4
:10CD8000830730B427D10468A4F1013323EA0403F4
:10CD900013F0803F034608D153F8045FA5F1013436
:10CDA00024EA050414F0803FF6D01C781CB113F877
:10CDB000014F002CFBD1013903EB020C9C4508D03C
:10CDC00011F8012F03F8012B1AB16345F6D10022A7
:10CDD0001A7030BC70470346E7E700BFA2B330B516
:10CDE00040EA0104A40784460B462AD09CF80000C0
:10CDF0000C7884422FD1012A0DD0E64660B11EF88E
:10CE0000010F11F8014F6FEA0E03A042134422D123
:10CE10001CEB0303F2D1002030BD0468194653F81F
:10CE2000045BA4F1013EAC4284462EEA040E00F1FC
:10CE300004000BD1043A84461946ECD01EF0803F22
:10CE4000E9D1032AE9D8D1E7104670479CF80000E1
:10CE50000C78A042D1D0001B30BD00BF30B540EAF5
:10CE60000104A30701D1032A0FD8844601F1FF3E34
:10CE700007E01EF8011F03F8011B541EC1B19C46B8
:10CE800022466346002AF4D130BD0B46844619463B
:10CE900053F8045BA5F1013424EA050414F0803F43
:10CEA000E4D1043A032A4CF8045B1946EFD8DDE7D5
:10CEB0006244002CE8D003F8011B9342FBD130BD43
:10CEC00071B138B503460C46002501E0431C054608
:10CED0002146184609F0DAF90028F7D1284638BD6E
:10CEE00009F0D4B9024A126801235C3200F002B89A
:10CEF00064010024F0B4074610B33E468C4616F891
:10CF0000010B01E0A04216D01CF8014B002CF9D116
:10CF1000D8B116F8015B0C4601E0002BF9D014F8EB
:10CF2000013B9D42F9D14DB1002306F8013C16604A
:10CF30003846F0BC70475BB13746DEE72E46F6E771
:10CF40001768002FD9D13846F3E7F0BC106070475E
:10CF5000166038463B70ECE70123FFF7CBBF00BFFC
:10CF60002DE9F04F814645488E4675461EF801CBA7
:10CF700010F80C4014F00804F7D1BCF12D0FE34673
:10CF800054D0BCF12B0F08BF9EF800B06FF00048E2
:10CF900008BF05F1020E1BB1102B4FD01F4604E055
:10CFA000BBF1300F55D00A231F460025B8FBF7F61A
:10CFB000284607FB168A07E0864215D329D007FBCF
:10CFC00000C001251EF801BBABF1300CBCF1090F0C
:10CFD00006D9ABF1410CBCF1190F08D8ABF1370CF5
:10CFE00063450DDD002DE7DA4FF0FF35EAE7ABF1E1
:10CFF000610CBCF1190F03D8ABF1570C6345F1DCA0
:10D00000002D0BDB04B140420AB195BB1160BDE8B5
:10D01000F08FE245D3DA4FF0FF35D3E72223C9F88A
:10D0200000301AB30EF1FF314046EFE79EF800B032
:10D030004FF0004805F1020E0124ACE7BBF1300FC0
:10D04000ACD19EF8000000F0DF00582807D01F4642
:10D05000ABE79EF8003003F0DF03582B0BD110270D
:10D060009EF801B03B460EF1020E9EE74046BDE839
:10D07000F08F8046D6E708231F4696E771B6020870
:10D08000012B03D0242B01D8FFF76ABF10B5FFF79F
:10D09000BBFB16230360002010BD00BF012A09D08E
:10D0A000242A07D884460748134600680A46614682
:10D0B000FFF756BF10B5FFF7A7FB1623036000204C
:10D0C00010BD00BF640100242DE9F04F2DED0A8B47
:10D0D000CFB00C4691460AEE101A09930AEE900A58
:10D0E00007F0AAFC036813931846E4F769F9A389CB
:10D0F00012901A0603D52369002B00F0A0874D4635
:10D100009FEDA57B2B78002425AACDE92344CDE90A
:10D110001544CDE917448DED107B1AEE909A0E94CC
:10D120002292904614940594002B00F0EC81AB46BB
:10D1300004E01BF8013F002B00F01A81252BF8D1E9
:10D14000BBEB050640F018819BF80030002B00F087
:10D15000DA8100234FF0FF329BF801708DF86B30BD
:10D1600006930BF1010B04929A462B2420210BF11C
:10D17000010BA7F120035A2B00F23C81DFE813F0EA
:10D18000D5023A013A01D0023A013A013A016A0065
:10D190003A013A016502FE023A017002E4023A01E4
:10D1A000DF025B005B005B005B005B005B005B0021
:10D1B0005B005B003A013A013A013A013A013A0157
:10D1C0003A01D2013A0136028500D201D201D201E0
:10D1D0003A013A013A013A01CB023A013A01C6005A
:10D1E0003A013A013A0140023A0175023A013A0124
:10D1F0004F073A013A013A013A013A013A013A013C
:10D200003A01D2013A0136028700D201D201D2019D
:10D21000BE02870080003A01B1023A019902C800BB
:10D22000870280003A0140027D002A073A013A0154
:10D230002E073A017D00A7F1300300221BF8017B85
:10D2400002EB820203EB4202A7F13003092BF5D96E
:10D2500006928EE7484607F0EFFB4368179318469F
:10D26000E4F7AEF818900646484607F0E5FB8368F9
:10D2700015932021002E40F0C2859BF8007076E7C0
:10D280009BF800704AF0200A71E74AF0100A1AF081
:10D29000200F099B00F09A81073323F007031A46F9
:10D2A0005B6852F8084B09921E46002BC0F26B8552
:10D2B000049B013301F03A802AF08003039354EA7F
:10D2C000060300F0E7840A2C76F1000380F09087D3
:10D2D00030340123DDF80CA08DF8374107930DF2AF
:10D2E0003715049907989DF86B3081424FF0000282
:10D2F000B8BF0146089203910C920F920D92002B39
:10D3000000F08980039A0132039284E04AF0100A07
:10D310001AF0200600F04B81099B073323F0070326
:10D320005E6853F8084B09932AF480630393002343
:10D3300000228DF86B20049A551C00F02682039978
:10D3400021F0800A54EA060140F01D82002A41F0D3
:10D350002980002B40F0A484039B13F00103079362
:10D3600000F0428530238DF837310DF23715B8E7DC
:10D37000BBEB050600F0C780249B33442493239B1A
:10D380000133072BC8E90056239309DC08F108088C
:10D39000059B33440593D7E6000000000000000021
:10D3A0001AEE101A22AA48460AF0AEF990B90DF109
:10D3B0009408EDE71AEE101A22AA48460AF0A4F9DA
:10D3C000002800F09180089B23B108991AEE900A7A
:10D3D00007F07CF81AEE103A9B8913F0400F059B7A
:10D3E00018BF4FF0FF33059305984FB0BDEC0A8B83
:10D3F000BDE8F08F002F00F0868000238DF8D470F8
:10D400008DF86B300122CDE90723039204930C932E
:10D410000F930D9335AD1AF002020A9202D0039ACF
:10D42000023203921AF084020B9205D1069A0399F4
:10D43000561A002E00F30D83249C8BB1239B0DF113
:10D440006B0201330134C8F80020072B4FF00102B2
:10D4500024942393C8F8042000F3338308F10808C8
:10D460000A9B83B1239B1BAA01330234C8F8002016
:10D47000072B4FF0020224942393C8F8042000F3F2
:10D480002D8308F108080B9B802B00F00F82049B72
:10D49000079A9E1A002E00F350821AF4807F40F003
:10D4A000AB81079BC8F804301C44239BC8F800508C
:10D4B0000133072B2494239300F3BE8208F108085C
:10D4C0001AF0040F05D0069B039A9D1A002D00F355
:10D4D0001283DDE9053203998A42ACBF9B185B18C1
:10D4E0000593002C7FF466AF00232393089B1BB1A8
:10D4F0000899484606F0EAFF0DF194085D462B783E
:10D50000002B7FF414AE249B002B3FF463AF1AEE84
:10D51000104A1AEE101A1AEE900A22AA0AF0F4F82B
:10D52000A3895AE7099B073323F00703B3EC027B77
:10D530008DED107BDDE91012099322F000430BEE14
:10D54000101A0BEE903A4FF0FF32B0EE4B9AF0EE1D
:10D550006B9AA54B51EC190BE3F7F2FF002840F052
:10D560006784A14B51EC190B4FF0FF32E3F726FB18
:10D57000002840F05D84DDE9100100220023E3F77C
:10D5800013FB002840F0A5879DF86B30974D984A13
:10D590002AF0800A0321472FC8BF154600220892AF
:10D5A0000391079104920C920F920D92A7E61AF044
:10D5B000100340F033841AF0400200F05B87099AB0
:10D5C00052F8044B09921E46A4B2ADE653F8044B40
:10D5D00009931AF0100F40F00E841AF0400F00F07B
:10D5E000068444F3C036334624B25EE6099A00232B
:10D5F00052F8041B8DF86B308DF8D410099201E7B6
:10D60000099C54F8045B00268DF86B60002D00F037
:10D61000D986049B5A1C00F046851A463146284696
:10D62000E3F73EFF0890002801F07A80089B0496FB
:10D63000591B079121EAE1719DF86B300994039120
:10D6400008960C960F960D9659E6099B53F8042BF5
:10D650000692002A80F2C383069A099352420692E8
:10D660009BF800704AF0040A81E54AF01003039326
:10D67000039B13F0200600F07383099B073323F00C
:10D6800007035E6853F8084B0993012350E6099B92
:10D6900053F8044B099330234AF0020278278DF89F
:10D6A0006C30544B149303928DF86D700026022356
:10D6B0003EE61AF0200F40F082841AF0100F40F07E
:10D6C00078861AF0400F40F04C871AF4007F00F083
:10D6D0007086099B059953F8042B099311705D46D8
:10D6E0000DE79BF800706C2F03BF9BF801704AF0A8
:10D6F000200A0BF1010B4AF0100A38E59BF8007084
:10D70000682F03BF9BF801704AF4007A0BF1010BFC
:10D710004AF0400A2BE59BF800704AF0080A26E51B
:10D720009BF800704AF0010A21E59DF86B30002B50
:10D730007FF4A3AD9BF800708DF86B1017E59BF894
:10D7400000704AF0800A12E55A4612F8017B2A2F2F
:10D7500001F0F381A7F13003092B934698BF002213
:10D7600000F2F4871BF8017B02EB820203EB42021A
:10D77000A7F13003092BF5D90492FAE49BF8007065
:10D780008DF86B40F3E4CDF80CA0012B3FF49BAD7A
:10D79000022B4EAD12D1149A04F00F032409D35C6E
:10D7A00005F8013D44EA0674360954EA0603F3D14C
:10D7B0004EAB5B1BDDF80CA0079392E504F007036A
:10D7C000E40844EA4674F608303354EA06012A466F
:10D7D00005F8013DF2D10399C80700F14C824EAB28
:10D7E0005B1B8A4607937CE5FFFFEF7FA0B502082D
:10D7F000A4B50208B0B50208652F40F3D780DDE973
:10D80000100100220023E3F7C5F9002800F0B481DD
:10D81000239BBC4AC8F80020013301340122072BA6
:10D8200024942393C8F8042000F3848508F10808A1
:10D830001C9B0E9A934280F2CD82129B139A1C4439
:10D84000C8E90023239B24940133072B239300F37F
:10D85000E98308F108080E9B5D1E002D7FF730AEAE
:10D86000102D239B41F34781A74F0A97224610268C
:10D870001AEE104A05E008F10808103D102D40F39B
:10D88000678501331032072BC8E90076CDE92332D2
:10D89000F1DD22AA2146484609F036FF00287FF430
:10D8A00092ADDDE923320DF19408E6E7069B039A79
:10D8B0009E1A002E7FF7EBAD102E239B41F34F8075
:10D8C00091490B9522461AEE105A0A910C4604E033
:10D8D000103E102E08F1080819DD01331032102116
:10D8E000072BCDE92332C8F80040C8F80410EFDD5B
:10D8F00022AA294648460DF1940809F005FF0028A0
:10D900007FF461AD103E102EDDE92332E5DC0B9D86
:10D91000144601330A9AC8F800203444072BCDE995
:10D920002334C8F8046000F32F85049B079A9E1ADD
:10D93000002E08F108087FF7B0AD102E239B40F3AE
:10D94000C48571480A90424621461AEE108A044660
:10D9500004E0103E102E02F1080216DD01331031F2
:10D960001020072BCDE9233114605060F1DD22AA8D
:10D970004146484609F0C8FE00287FF424AD103E19
:10D98000102EDDE9233125AAE8DC90460C46013350
:10D990000A9AC8F800203444072BCDE92334C8F88C
:10D9A000046000F3CF8108F1080876E50E9B012B97
:10D9B00040F37C81239EC8F80050013601340123D6
:10D9C000072E24942396C8F8043000F3E78108F169
:10D9D0000808129B139A01361C44072EC8E900233D
:10D9E000CDE9236400F3E88108F10808DDE91001BE
:10D9F00000220023E3F7CEF8002840F076810E9B4A
:10DA00000136013B01351C44072EC8F8005023960F
:10DA1000C8F80430249400F35A8108F10808169BD2
:10DA2000C8F8043001361C44072E1EABCDE9236430
:10DA3000C8F800307FF742AD1AEE101A22AA484605
:10DA400009F062FE00287FF4BEAC249C0DF194081E
:10DA500036E5102EDDE9233222DD199510241AEE69
:10DA6000105A04E0103E102E08F1080817DD0133AB
:10DA700026491032072BC8E90014CDE92332F1DD25
:10DA800022AA294648460DF1940809F03DFE0028D7
:10DA90007FF499AC103E102EDDE92332E7DC199DAE
:10DAA000C8F804600133B418072B184AC8F80020DE
:10DAB000CDE9233400F3E1839DF86B3008F10808C9
:10DAC000BBE41AEE101A22AA484609F01DFE0028EF
:10DAD0007FF479AC249C0DF19408C1E41AEE101A7D
:10DAE00022AA484609F010FE00287FF46CAC249C62
:10DAF0000DF19408C7E4102D239B26DD1AEE107A51
:10DB000010260AE0E0B50208F4B50208E4B5020800
:10DB1000103D102D08F1080817DD0133C24A1034FA
:10DB2000072BC8E90026CDE92334F1DD22AA3946C6
:10DB300048460DF1940809F0E7FD00287FF443AC56
:10DB4000103D102DDDE92334E7DC0133B64AC8F877
:10DB500004502C44072BCDE92334C8F800207FF76C
:10DB6000B8AC1AEE101A22AA484609F0CDFD0028DA
:10DB70007FF429AC249CACE41C9A002A40F39683E1
:10DB8000DDE90D739F42A8BF1F46002F0BDD239BCD
:10DB900001333C44072BC8E900572494239300F336
:10DBA0005C8508F108080D9E002FA8BFF61B002E0B
:10DBB00000F353820D9B1AF4806F2B44079340F0BF
:10DBC00083821C9B0E9A934203DB1AF0010F00F034
:10DBD000B884129A13991444C8E90012239A249421
:10DBE0000132072A239200F3768508F108080E9A7D
:10DBF0000799AE18761AD51AAE42A8BF2E46002E47
:10DC00000DDD239BC8F8001001333444072BC8F8FE
:10DC100004602494239300F39D8508F10808002EE6
:10DC2000A8BFAD1B002D7FF74BAC102D239B40F3FD
:10DC300062877E4F0A97224610261AEE104A05E0A8
:10DC400008F10808103D102D40F382830133103293
:10DC5000072BC8E90076CDE92332F1DD22AA21465F
:10DC6000484609F051FD00287FF4ADABDDE92332D1
:10DC70000DF19408E6E7302B3FF49AAD3023023AD9
:10DC800005F8013C4EAB9B1ADDF80CA00793154636
:10DC9000FFF727BB049B002B7FF41AABDDF80CA029
:10DCA0000023049307934EADFFF71BBB1AF0010F3F
:10DCB0007FF480AE239EC8F8005001360134012362
:10DCC000072E24942396C8F804307FF7A6AE1AEEE8
:10DCD000101A22AA484609F017FD00287FF473ABFA
:10DCE000DDE923640DF1940899E60E9B5D1E002D7D
:10DCF0007FF795AE102D40F315874C4ACDF810A054
:10DD000023461AEE10AA0A921027144605E008F1DD
:10DD10000808103D102D40F39D8301361033072E67
:10DD2000C8E90047CDE92363F1DD22AA5146484600
:10DD300009F0EAFC00287FF446ABDDE923630DF12E
:10DD40009408E6E71AEE101A22AA484609F0DCFC0D
:10DD500000287FF438AB249C0DF19408FFF79DBB9D
:10DD6000039B13F0100340F02381039A12F040024A
:10DD700000F09B83099A52F8044B09921E46A4B204
:10DD80000123FFF7D5BA2D2364428DF86B3066EB83
:10DD90004606CDF80CA00123FFF7CDBA1AEE101AF3
:10DDA00022AA484609F0B0FC00287FF40CABDDE95C
:10DDB00023640DF194080CE61AEE101A22AA4846C4
:10DDC00009F0A2FC00287FF4FEAADDE923640DF12E
:10DDD00094080BE61AF0010F3FF472AB2DE59BF8A7
:10DDE00000700993FFF7C3B94EADFFF77ABA1AF482
:10DDF000007F40F0B083E6173346FFF756BA159B15
:10DE0000002B3FF43AAA159B1B78002B3FF435AA50
:10DE10009BF800704AF4806AFFF7A9B9099B53F890
:10DE2000044B0993FFF780BAE4B50208F4B5020881
:10DE3000DDE9100102460B46E3F782FB002840F0C3
:10DE4000C385612F00F08685412F00F09484049BE8
:10DE5000013327F02003039300F0B083472B00F039
:10DE60008285DDE910014AF48072002907924FF0A3
:10DE70000003C0F2248541EC180B0A930893039B1E
:10DE8000462B00F0F883452B00F04E85B0EE480A93
:10DE9000F0EE680A20AB01931DAB0093049A1CAB13
:10DEA0000221484605F028F9039B472B054640F020
:10DEB00069861AF0010F5646DDF81CA040F00B856C
:10DEC000209B5B1B0E93039B472B00F08B83039BD4
:10DED000462B00F00F841C9B0D930D9B039A013B76
:10DEE000412A1C9300F0D785FAB20021002BB8BF5D
:10DEF0000D9B8DF87820BABFC3F101032D222B2290
:10DF0000092B8DF8792040F3B7850DF18704DFF8F0
:10DF100098C3224610468CFB0321DA17C2EBA102FC
:10DF200002EB8201A3EB4101303100F8011C1946DC
:10DF30006329134600F1FF32ECDC3033D9B2831E83
:10DF40009C4202F8011C40F2048613460DF17A024D
:10DF500001E013F8011B02F8011B9C42F9D10DF1FD
:10DF600089030DF17A021B1A13441EAA9B1A1693F9
:10DF70000E9B169A012B1A44079240F3B785079B14
:10DF8000129A13440793079A002326F4806622EA24
:10DF9000E27246F4807A0C9303920F930D930A9BDE
:10DFA000002B40F0458304939DF86B30FFF7A7B931
:10DFB000099B53F8044B09930123FFF7B9B9099B57
:10DFC000059853F8041B0993C217C1E900025D4686
:10DFD000FFF795BACDF80CA0FFF74ABBAF4B1493EF
:10DFE0001AF0200600F0EF80099B073323F00703A7
:10DFF0005E6853F8084B09931AF0010F09D054EAF0
:10E00000060306D030238DF86D704AF0020A8DF8B1
:10E010006C302AF4806303930223FFF789B9A04B85
:10E020001493DDE71AEE101A22AA484609F06CFB99
:10E0300000287FF4C8A9249C0DF194080BE41AEE83
:10E04000900A402106F09AFD20602061002800F02F
:10E05000848540236361FFF752B8102E239B40F361
:10E06000698590480A90424621461AEE108A102788
:10E07000044604E00832103E102E40F32F82013394
:10E080001031072BC2E90047CDE92331F2DD22AA86
:10E090004146484609F038FB00287FF494A9DDE9A1
:10E0A000233125AAE7E7284604960994E3F788F97F
:10E0B00020EAE0719DF86B300790039108960C966A
:10E0C0000F960D96FFF71BB90E9BCDF828B0DDF823
:10E0D0003CB0079E159FCDF81CA0EB180493424658
:10E0E000DDF860A00C9B0B951AEE108AA446BBF1DC
:10E0F000000F30D093BB013F0BF1FF3B179BC2E9F0
:10E10000003A239B0133D444072BCDF890C02393CE
:10E1100062DC0832049B38789B1B8342A8BF03460D
:10E12000002B1C460CDD239801309C440728C2E9D3
:10E130000063CDF890C0239000F31981387808323D
:10E14000002CACBF051B0546002D0BDC06440C9BC8
:10E15000BBF1000FCED1002B00F033820C9B013BB2
:10E160000C93CBE7102D23981FDD1024634604E0A9
:10E17000103D102D02F1080216DD0130494910331F
:10E180000728C2E90014CDE92303F1DD22AA4146A4
:10E19000484609F0B9FA00287FF415A9103D102D62
:10E1A000DDE9230325AAE8DC9C4601303D4B5560A0
:10E1B000AC440728CDE9230C136000F34082387883
:10E1C00008320644C3E71AF0100300F0A480099B4C
:10E1D00053F8044B09930FE722AA4146484609F039
:10E1E00093FA00287FF4EFA8DDF890C025AA91E704
:10E1F000039B079703F48063002209EE109ACDF881
:10E200002080DDF854900DF59C7A174698460CE076
:10E210000023204631460A22E2F73EFD0A2C76F121
:10E2200000031CD304460E46AA4620460A220023B9
:10E230003146E2F731FD30320AF1FF3501370AF895
:10E24000012CB8F1000FE3D099F800309F42DFD1E4
:10E25000FF2FDDD00A2C76F1000380F050814EAB09
:10E260005B1BCDF854900E9719EE109ADDE90778F4
:10E27000DDF80CA00793FFF734B81AEE101A22AAA3
:10E28000484609F041FA00287FF49DA89DF86B30BC
:10E29000249C0DF19408FFF7D0B800BFB0B5020878
:10E2A000C4B50208F4B5020867666666239BC049D8
:10E2B000C8F80010013301340121072B2494239363
:10E2C000C8F8041000F32F8108F10808002A40F074
:10E2D0008A800E9A0AF0010313433FF4F1A8129BBF
:10E2E000139A1C44C8E90023239B24940133072B71
:10E2F000239300F33F8108F108080E9AC8F80050F4
:10E3000001331444072BCDE92334C8F804207FF7E8
:10E31000D5A8FFF791BB1AF0400200F0B980099A26
:10E3200052F8044B09921E46A4B265E6CDF80CA043
:10E33000FEF7C9BF1AEE101A22AA484609F0E4F9FE
:10E3400000287FF440A8249C0DF19408FFF770BAD0
:10E35000144601330A9AC8F800202C44072BC8F849
:10E360000450CDE923347FF7A9A8FFF765BB22AAA3
:10E370004146484609F0C8F900287FF424A83878B7
:10E38000DDF890C025AADBE61AEE101A22AA48464C
:10E3900009F0BAF900287FF416A8249C0DF194081E
:10E3A000FFF775B8012BCDF80CA07FF4F1A9FEF7AB
:10E3B0008FBF099B059953F8042B5D4611600993A3
:10E3C000FFF79DB8049A0895062A294628BF062219
:10E3D00004952B460392774D099407920C910F9167
:10E3E0000D91FEF78CBF129B13991C44C8E90013D2
:10E3F000239B24940133072B239300F3BB8008F164
:10E400000808002ABFF679AF5642103280F2AE8378
:10E4100069480A902146424610271AEE108A04469F
:10E4200004E00832103E102E40F3AF820133103169
:10E43000072BC2E90047CDE92331F2DD22AA41468C
:10E44000484609F061F900287EF4BDAFDDE92331CB
:10E4500025AAE7E7DDF810A01C4601360A9BC8F89C
:10E4600000302C44072ECDE92364C8F804507FF710
:10E47000D4AA2CE4099B1AF4007614BF53F8044B79
:10E4800053F8044B09931CBF1646E4B2FEF74CBF89
:10E49000099B1AF4007614BF53F8044B53F8044B4D
:10E4A00009931CBF1646E4B2A6E5039B13F400765D
:10E4B000099B14BF53F8044B53F8044B09931CBF3A
:10E4C0001646E4B20123FEF733BF3B4A0A92FFF738
:10E4D0005EBA2D238DF86B30FFF758B890460C4686
:10E4E00001330A9AC8F800203444072BCDE92334BD
:10E4F000C8F804604DDC08F10808FFF75BBB189B07
:10E500001799ED1A1A462846FEF7A8FC99F801302B
:10E510000BB109F10109204631460A2200230027E8
:10E52000E2F7BAFB7EE61AEE101A22AA484609F074
:10E53000EBF800287EF447AF1C9A249C0DF1940858
:10E54000C4E60E9A0799AE18761AD51AAE42A8BF3D
:10E550002E46FFF764BB44F3C016334664B2FEF7A1
:10E56000A4BE099B059953F8042B099311805D46BD
:10E57000FEF7C5BF1AEE101A22AA484609F0C4F8E1
:10E5800000287EF420AFDDE923341C9A0DF19408B5
:10E5900037E71AEE101A22AA484609F0B5F8002803
:10E5A0007EF411AF249C0DF19408FFF703BB00BF6C
:10E5B000E0B50208D8B50208F4B5020806230493B2
:10E5C0004FE40B9D0E9BDDF81CA0DDF828B01597DD
:10E5D000EB189E429046324628BF1A466446079280
:10E5E000FFF7EFBA1C9B0D93DA1C02DB049A9342EF
:10E5F00004DD023F27F0200303936EE4DDE90D32D2
:10E600009342C0F29980F00740F1DB81129A1344E3
:10E610000793710503D50D9B002B00F3FF81079B2A
:10E6200023EAE3730393672700230C930F93B6E465
:10E630002D2300228DF86B300492FEF763BE22AAD0
:10E640004146484609F060F800287EF4BCAE3878B0
:10E65000DDF890C025AA064479E51AEE101A22AA20
:10E66000484609F051F800287EF4ADAE249C0DF127
:10E670009408FFF798BA20AB01931DAB0093049A5E
:10E68000B0EE480AF0EE680A1CAB0321484604F0DD
:10E6900033FD0378302B054600F003821C9B049A5F
:10E6A00056461344DDF81CA0EC1851EC180B002260
:10E6B0000023E2F76FFA08B1234602E4209BA3424D
:10E6C000BFF4FFAB30215A1C20921970209B9C4252
:10E6D000F9D8FFF7F6BB1AEE101A22AA484609F03D
:10E6E00013F800287EF46FAE1C9B249C0DF1940857
:10E6F000FFF77DBA1C9A0D92002A40F3FF8104991E
:10E7000006F001030B4340F0B1810D9B0793662790
:10E71000730500F18481079B23EAE373039383E786
:10E72000049B0393079309949DF86B3004900C901D
:10E730000F900D90FEF7E3BD0E9B129A9A180D9B59
:10E740000792002B40F3BB816727E1E70023049386
:10E75000FEF70FBD1AEE101A22AA484608F0D4FFA1
:10E7600000287EF430AE1C9D0E9B249C5D1B0DF199
:10E770009408FFF754BA30238DF86C3058238DF885
:10E780006D30049B632B4AF0020400F3A780002342
:10E79000089335ADDDE910124AF481730793002A1E
:10E7A00027F02003A2460393C0F28A80002342ECA4
:10E7B000181B0A93612F00F01581412F7FF45FAB86
:10E7C000B0EE480AF0EE680A1CA807F085FC0022AB
:10E7D0004FF07F5351EC100BE1F774FF02460B46EC
:10E7E00043EC192B00220023E2F7D4F908B10123EE
:10E7F0001C93B74B0B93049B1995CDE90CB7CDE94E
:10E800000EA80CEE109ADDF82CB059EC198B5E1E98
:10E810002C4605E000220023013EE2F7BBF9E0B9F7
:10E82000AC4B002240464946E1F74CFF8946804602
:10E83000E2F79CFE0546E1F7DBFE0B460246494641
:10E840004046E1F787FD1BF80530A24604F8013B7E
:10E85000731C374680468946DCD149EC198B9E4BA8
:10E86000DDF830B0DDF83C80CDF830A051EC190B6C
:10E8700000223E46DDF838A00D9F0D951CEE109A43
:10E88000199DE2F7AFF998BB51EC190B924B00229E
:10E89000E2F780F910B10D9BD90729D4002E334639
:10E8A00006DB01332344302204F8012BA342FBD1C1
:10E8B000631B56460E93DDF81CA0FFF704BB0893BC
:10E8C000DDE9103408EE103A04F1004308EE903A06
:10E8D0002D230A936EE7049BEC18E6E6591C484684
:10E8E00006F04CF90546002800F04381089051E7F6
:10E8F0000C9B20930B9B14F8012CD97B8A42234656
:10E9000009D1302003F8010C209B5A1E209213F8E5
:10E91000012C9142F6D0392A0BBF0B9A0132927A20
:10E92000D2B203F8012CC3E7049BB0EE480AF0EE24
:10E93000680A5C1C20AB01931DAB009322461CAB04
:10E940000221484604F0D8FB054656462C44DDF823
:10E950001CA0AAE630238DF86C3078230FE75F4ABD
:10E960000A92FEF7D6BF049B002B08BF0123049335
:10E97000119B4AF48072002B0792C0F2D9809DED62
:10E98000108B08900A90FFF781BA0C46904601332D
:10E990000A9AC8F800203444072BCDE92334C8F87C
:10E9A00004607FF7A8AC1AEE101A22AA484608F0B5
:10E9B000ABFE00287EF407ADDDE923340DF19408A9
:10E9C0009BE40D9B079324E6119B454D454A002B84
:10E9D000B6BF2D239DF86B308DF86B302AF0800A7E
:10E9E000FEF7D8BD1CA8B0EE480AF0EE680A07F0A2
:10E9F00073FB00224FF07F5351EC100BE1F762FEE6
:10EA000002460B4643EC192B00220023E2F7C2F822
:10EA100008B101231C93344B0B93ECE6672715993F
:10EA20000B78FF2B00F0B08000240D9A204603E005
:10EA300001300131FF2B08D0934206DAD21A4B780D
:10EA4000002BF5D10B780134F4E715910D920F905E
:10EA50000C940C9A0F9B18991344079A01FB0323FB
:10EA6000079323EAE3730393FFF799BA129BD31832
:10EA70001944079166274BE6002956D130228DF8BC
:10EA80007A200DF17B02303302F8013B1EABD31A22
:10EA90001693FFF76DBA07F10F02D2B20121FFF70B
:10EAA00025BA51EC180B00220023E2F773F8002876
:10EAB0007FF4F4AD049BC3F101031C93EFE5C3F1B4
:10EAC00001031A4422EAE273079203936727ABE536
:10EAD000C4B50208000030400000E03FF4B5020871
:10EAE000A8B50208ACB50208B0B50208F4077FF576
:10EAF0004AAAFFF744BA264A0A922AE4049A06F080
:10EB0000010656EA020304D1012303936627079303
:10EB10008AE5129B01331A4422EAE27307920393B7
:10EB2000662781E51A4B0A9397E40DF17A02AAE76A
:10EB30000890C5E6164A0A92D2E4099B9BF8017038
:10EB4000934653F8042B099342EAE2720492FEF7CB
:10EB50000EBB02231693FFF70BBA1AEE902A0C2372
:10EB600013604FF0FF330593FEF73EBC084A0A924C
:10EB70000DE71AEE101A8B8943F0400213468A8182
:10EB8000FEF72BBC049CE0E600230C930F9360E798
:10EB9000F4B502082DE9F04F2DED028BADF5317D76
:10EBA0008A46B1F90C1002AF81468804BB6209D4D1
:10EBB000DAF8643041F4005123F40053AAF80C1041
:10EBC000CAF86430134613F8012BFB637A64002AF9
:10EBD00001F0DD80002308EE109A3B62BB63BB614D
:10EBE0007B62FB629946844B13F8028018F0080898
:10EBF00040F08380252A61D1F86B0278454644466F
:10EC0000A2F12503411C552B64D8DFE813F0560010
:10EC100063006300630063008C05630063006300AE
:10EC200063006300D600D600D600D600D600D6001A
:10EC3000D600D600D600D6006300630063006300F0
:10EC4000630063006300E10063001C052E05E10022
:10EC5000E100E1006300630063006300B10463004E
:10EC6000630024056300630063001605630063000E
:10EC700063006300BA046300630038056300630047
:10EC8000630063006300E10063001E053005E100DE
:10EC9000E100E1006D057905B104630042054E0510
:10ECA0005C0526058905630063001805AD04810530
:10ECB00063006300BA046300AD04F963DAF804305A
:10ECC000002B4BDDDAF80030FA6B197812F8012CC2
:10ECD000914238D0BB6B43B1BB6BD3F80080B8F125
:10ECE000000F02D0404605F041FFF86A07F52F7784
:10ECF000BD46BDEC028BBDE8F08FDAF8042018EEBB
:10ED0000104A0FE0DAF800303B491A788A5C1107A4
:10ED100003F101030ED5DAF80420013ACAE9003202
:10ED200009F10109002AEDDC5146204608F0A8FD52
:10ED30000028E7D0FB6B13F8012BFB637A64002AF1
:10ED40007FF451AFC6E70133CAF80030DAF8043077
:10ED5000013B09F10109CAF80430EBE718EE100A8B
:10ED6000514608F08DFD0028ACD0FB6A1BB1BAF803
:10ED70000C305A06AED5BB6B002B01F0E280BB6BAA
:10ED8000DE88002E00F09D87BB6BD3F80080002446
:10ED9000A8F10405A14655F8043F186805F0E6FE01
:10EDA00001342B68B442C3F80090F4D14FF0FF3324
:10EDB000FB62B8F1000F95D197E715F08F0F89D15D
:10EDC00004EB840402EB4404303C4278084617E725
:10EDD000F9630426DAF80430002B40F3E0836B0675
:10EDE00040F1E883731E032B01F20281DFE813F088
:10EDF0000A025C01A700060071B6020818EE100AAC
:10EE000005F01AFE0368FB60631EB3F5AE7F40F2A7
:10EE1000C4856FF4AE72A3187B6040F25D140023CA
:10EE200007F5AC72514645F4F065FA61BB603B6191
:10EE30001E467B6193469A4608680278A2F12B0C25
:10EE4000BCF14E0F50D8DFE81CF01B034F001B0332
:10EE50004F004F008003740074007400740074004D
:10EE600074007400740074004F004F004F004F0096
:10EE70004F004F004F0021037200720072007D03AB
:10EE800007034F004F00AF024F004F004F004F00ED
:10EE900065034F0047034F004F004F0040034F00F2
:10EEA0004F004F002C0314034F004F004F004F0042
:10EEB0004F004F004F0021037200720072007D036B
:10EEC00007034F004F00AF024F004F004F004F00AD
:10EED00065034F0047034F004F004F0040034F00B2
:10EEE0004F004F002C031403FB6893F800C09445B7
:10EEF00014D1AB0512D525F42075C7F814A00BF872
:10EF0000012B013C4A68013A002A09F101094A60D3
:10EF100040F3218401300860002C8DD133465646E1
:10EF20008A46002E00F0518225F480754DE22B05B3
:10EF3000F4D516EB080FF1D125F4C075DFE7631E99
:10EF4000B3F5AE7F84BF6FF4AE7204EB020B07F52E
:10EF5000AC7398BF4FF0000B4FF00008FB611E46EA
:10EF6000C7F830B05346D7F824B0CA4688BF40F23D
:10EF70005D14C14645F458659846D8F800201078CD
:10EF8000A0F12B034D2B63D8DFE813F03C036200A4
:10EF90003C0362006200D50301020102010201028A
:10EFA00001020102010242034203620062006200A8
:10EFB00062006200620062004E004E004E004E0091
:10EFC0004E004E0062006200620062006200620059
:10EFD0006200620062006200620062006200620021
:10EFE0006200620062004A03620062006200620026
:10EFF00062006200620062004E004E004E004E0051
:10F000004E004E0062006200620062006200620018
:10F0100062006200620062006200620062006200E0
:10F020006200620062004A03BBF10A0F10DD25F4A2
:10F03000386506F8010BD8F80430013B002BC8F8FE
:10F04000043040F396830132C8F80020013C94D18B
:10F050004346E905C846C7F824B0D1469A4607D5C5
:10F06000FB699E4200F2C685FB699E423FF432AEC8
:10F0700015F0100240F090837B6AF9693C6A3270A7
:10F0800018EE100AA047AA0600F17C832B0700F1B6
:10F090005D856C0740F1D386D7F828B05BF8043B58
:10F0A000C7F828B0188074E3002C08BF4FF0FF3475
:10F0B00015F0010600F0FF8315F010033B6340F0EC
:10F0C000AD85290640F14B86D7F828B05BF8046B74
:10F0D000002E3FF4FFAD802005F040FD8046002863
:10F0E0003FF449AEBA6B3060D58893889D4280F07A
:10F0F00017851068BB6B40F825600135DD80202343
:10F10000C7F828B0C7F81480FB61DAF80030A34ACA
:10F110001B78D35C13F0080359D19B4605F086FC9D
:10F1200058453FF422AEDAE9003213F8011B013AE8
:10F13000CAE90032BB6907F5AC70032B00F80B106D
:10F1400007F150050BF1010B02D12B68042B04D001
:10F15000082200212846FDF795FB07F5AC7218EE52
:10F16000100A00955B46414605F0B8FF421CB861A5
:10F170003FF4FBAD002840F0B785C8F8000005F06B
:10F1800047FC002840F0CA86D944013C3B6B002B69
:10F1900040F0858608F10408002E00F080867B6927
:10F1A000A8EB0305FB69B3EBA50F40F2CF86D7F8B8
:10F1B00030B0DAF80430002B40F37586DAF800300E
:10F1C000764A1B78D35C1D0701D4002CA6D13B6B7B
:10F1D000002B7FF4AFADC8F80030002E00F038816E
:10F1E0007B69FA69A8EB03018B1001339A4240F264
:10F1F0002F813068043106F077FD002800F0288167
:10F20000306025E1002C08BF4FF0FF34E90740F1E2
:10F21000E18215F010037B6140F03F852A06D7F8A4
:10F2200028B040F192855BF8043B3B61002B3FF432
:10F2300051AD802005F092FC054600283FF49BADBF
:10F240003B69BA6B1860B2F806809388984580F0E5
:10F25000538410683B69BA6B40F8283008F1010309
:10F26000D3802023C7F828B0FD60BB60C7F81C908E
:10F27000A146BC69002607F5AC7BA84605F0D6FB85
:10F28000B0423FF472ADDAE9003213F8011B0BF81B
:10F290000610013ACAE90032032C06F101033B6370
:10F2A00007F1480502D12B68042B04D00822002165
:10F2B0002846FDF7E7FA3B6B009518EE100A5A4610
:10F2C000414605F00BFF431C04463FF44EAD0028B9
:10F2D00040F0F883C8F80000064607F15003082202
:10F2E00000211846BB61FDF7CDFA2D49BB69D1F865
:10F2F000E010324618EE100A0E4607F14001B04702
:10F30000012800F05C84002207F158039B5C002B6D
:10F3100000F0B085FB693A6B032C1344FB6100F0ED
:10F32000528409F1FF397B695BB93B6908F1040834
:10F330003BB1FB68A8EB0305BB68B3EBA50F40F23C
:10F340004884DAF80430002B4FF0000640F3C38302
:10F35000B9F1000F92D1D7F81C90BC6145467B698A
:10F36000002B7FF4E7AC2B603B69002B70D0FB686F
:10F37000BA68E91A8B1001339A4269D93C690431A1
:10F38000206806F0B1FC002862D0206060E0054BE8
:10F3900025F4386533F91BB04BE600BF71B602089F
:10F3A000940500240CB60208B8F1000F40F000826A
:10F3B000BAF1000F40F0EC8205F4E06CBCF5E06FB0
:10F3C00000F02985334656468A46013B012B40F220
:10F3D000958508F1FF33062B40F2E382EB0514D547
:10F3E0006C0500F1C5851BF8011C65290BF1FF3385
:10F3F00009F1FF3402D0452940F01F8318EE100AAE
:10F400005246A1469B4608F0FBF915F010027FF426
:10F4100091AC05F4C063B3F5806F8BF8002000F069
:10F42000F3833B69002B40F0A28318EE100AF969C0
:10F43000002207F039FFE80787ED0C0BD7F828B05A
:10F4400040F1E2825BF8043B83ED000BC7F828B083
:10F45000FB6A0133FB626DE42B0503D516EB080F45
:10F460003FF46AADB8F1020F7FF458AD4FF00308D6
:10F4700045E5B8F1070F7FF451AD4FF008083EE5C0
:10F480002B067FF54BAD25F0800538E52B0503D520
:10F4900016EB080F3FF450AD012E7FF43FAD02266E
:10F4A0002DE505F4186CBCF5807F7FF437ADBAF11B
:10F4B000010F7FF433AD4FF0300C0BF801CB45F466
:10F4C0000065013C4FF0000A19E5B8F1060F7FF422
:10F4D00025AD4FF0070812E52B057FF51FAD05F4AC
:10F4E000A06CBCF5806F06D06B057FF517ADBAF147
:10F4F000000F3FF467AFAB0505D47B69C7F808B0D0
:10F50000AAEB03033B6125F4786545F4C0754FF021
:10F51000000AF4E4002E40F04581BAF1000F05D155
:10F5200005F4E06CBCF5E06F00F08484B8F1010FE5
:10F5300003D0B8F1040F7FF4F1AC08F101085FFAD1
:10F5400088F8DCE42B05CAD5F3E4EB057FF5F1ACD4
:10F550007B6825F080050AF1010A002B3FF4D1AC4D
:10F560007B68013B7B60CDE42A077FF4B3AB2CE4DE
:10F570002E077FF4AFAB427845F002050846FFF74F
:10F580003FBB45F400758F4B3B6210237B62DAF87A
:10F590000430F963002B4FF003063FF720AC18EE60
:10F5A000100A514608F06CF900287FF4DEAB6B06B8
:10F5B0003FF518ACDAF8002083491378CB5C1807C4
:10F5C0007FF510AC18EE10BA07E0CAF800207E49AB
:10F5D0001378CB5C19077FF505ACDAF80430013BF2
:10F5E000002B09F10109CAF8043002F10102ECDC38
:10F5F0005146584608F044F900287FF4B6ABDAF8D3
:10F600000020E4E72B067FF523AD25F0800510E50B
:10F610006E4B33F91BB0BBF1080F3FF708AD17E590
:10F6200005F4C063B3F5007F7FF412AD25F40075D7
:10F6300045F4A0654FF0100BFBE445F00105F963BC
:10F640000226FFF7C7BB45F0010545F04005F96309
:10F650000026FFF7BFBB45F001055A4B3B6208236C
:10F66000F9637B620326FFF7B5BB45F00105584BF4
:10F670003B620A23F9637B620326FFF7ABBB07F10A
:10F68000580006F071FD45F04005F8630126FFF7CC
:10F69000A1BB2A077FF41EAB42786C2A00F00B83D3
:10F6A00045F001050846FFF7ABBA15F08F037FF46C
:10F6B00011ABBA6B002A00F02D83427845F080052B
:10F6C0000846FFF79DBAEB0600F1B4812E0740F122
:10F6D0005083D7F828B0F9635BF8043BC7F828B02B
:10F6E00083F80090FFF726BB2B077FF4F3AA42783C
:10F6F000682A00F0DA8245F004050846FFF780BA70
:10F70000334B3B620023F9637B620326FFF762BB46
:10F710002C4B3B620A23F9637B620326FFF75ABB3B
:10F7200045F408752FE72C437FF4D4AA42781025BE
:10F730000846FFF765BA2B057FF57BACBBF1000FE0
:10F7400003D145F400754FF0080B690540F1518174
:10F7500025F4B0656DE418EE100A396308F090F8EE
:10F76000396B00287FF4DAAB002C7FF465ABFFF730
:10F77000D5BB18EE100A414608F082F800283FF485
:10F7800065AC65E4D7F828B05BF8043B1860C7F8AF
:10F7900028B0FB6A0133FB62FB69F61AB044C1442E
:10F7A000FFF7C8BA022E7FF4C1AE0326FFF7A7BB4E
:10F7B000B8F1030F3FF4C1AEB8F1050F3FF4BDAE91
:10F7C000FFF7ACBB6575020871B602080CB60208FB
:10F7D00081D00108E80600F12B8215F08005D7F8EA
:10F7E00028B000F0AC825BF8045B3D63002D3FF471
:10F7F00071AA202005F0B2F9064600283FF4BBAA02
:10F80000BA6B28609388D5889D4280F04581106846
:10F810003B6B40F82530BB6BC7F828B00135DD8065
:10F820002025DAF8002007F1580B13781BF8033075
:10F83000002B3FF44FAAB046C7F81C90D946AB4600
:10F8400035463E6BDAF804000138CAF80400501C53
:10F85000CAF800004146107801F8010B26B1A1EB6F
:10F860000508D84580F00B818846013C0BD0DAF8BA
:10F870000410002940F39181DAF80020117819F87A
:10F8800001100029DED1D7F81C904646A8465D46F7
:10F89000B6EB08083FF41EAA002333703B6B23B17C
:10F8A00008F101018D4200F2BC82FB6A0133C144C0
:10F8B000FB62FFF73FBAE80600F1758215F080059C
:10F8C00000F00A82D7F828B05BF8046B3E63002E84
:10F8D0003FF400AA202005F041F9054600283FF436
:10F8E0004AAABA6B30609388D6889E4280F0B18075
:10F8F00010683B6B40F82630BB6BC7F828B0013668
:10F90000DE804FF0200BDAF80030C2491A788A5CAA
:10F91000160700F18B8122462E462C4619461546C5
:10F92000DAF804204B1C013ACAF80420CAF8003067
:10F93000A0460B7808F8013B3B6B23B1A8EB06040B
:10F940005C4580F0ED81013D0CD0DAF80420002AFE
:10F95000444640F31F82DAF80010AE4B0A789A5CF6
:10F960001007DDD5A8EB0601894445460131002387
:10F970002B703B6B002B3FF46BAD8B457FF668AD76
:10F9800018681C4606F0B0F900287FF4FEAC5FE56D
:10F99000334656468A46FFF7C7BA00237B60FFF717
:10F9A0003EBAB8F1020F40F2FC82B8F1030F3FF407
:10F9B00015ADA8F104085FFA88F86FEA0804534609
:10F9C0003D6318EE105AC2465C44B0461E461BF812
:10F9D000011D3246284607F013FF5C45F7D1334638
:10F9E0004646D0469A4609F1FF333D6BA3EB080922
:10F9F000F4E43B6B25F4607513B1013B3B630134C8
:10FA000009F10109FFF717BBA90700F1A780D7E9A2
:10FA10000C0102460B465BF8044BE1F791FD002810
:10FA200040F0B682D7E90C01E1F7E6F8C7F828B054
:10FA300020600DE5F963FFF77DB918EE100A524614
:10FA400007F0DEFEA9F102041BF8021CABF1020371
:10FA5000D4E44FF6F67293423FF691A908331FFAA9
:10FA600083F8BB6B4FEA8801186806F03DF900285F
:10FA70003FF485A9BB6BA3F80480186039E74FEA0F
:10FA80004B0B2846594606F02FF9054600283FF44F
:10FA900072A980443060E8E64FF6F67293423FF672
:10FAA0006EA908331FFA83F8BB6B4FEA8801186808
:10FAB00006F01AF900283FF462A9BB6BA3F8048092
:10FAC0001860A5E6861C40F08482DAF804303E6BAC
:10FAD000002B3FF7D3AB18EE100A514607F0D0FECB
:10FAE00000283FF435ACD7F81C90BC614546002E89
:10FAF0003FF435ACFFF739B94FF6F67293423FF653
:10FB00003EA908339EB2BB6BB100186806F0ECF852
:10FB100000283FF434A9BB6B9E801860FFF79ABBA6
:10FB20004FF6F67293423FF62AA9BA6B08339BB29E
:10FB30001068BB62990006F0D7F800283FF41FA9AF
:10FB4000BA6BBB6A93801060FFF7D4BAD7F828B0BD
:10FB50005BF8043BC7F828B018701AE697ED0C7BE9
:10FB60005BF8043B83ED007BC7F828B070E4B8680D
:10FB700001460A230131834618EE100AFDF780FA88
:10FB80003B69C21A07F2AB239B4528BF07F2AA2B99
:10FB900021495846FCF7E2FF47E418EE100A5146A7
:10FBA00007F06EFE00283FF467AE4646A84646457D
:10FBB000D7F81C905D467FF46BAEFFF7D6B897F888
:10FBC0004020FFF7A1BB2B68042B7FF4AAABFFF703
:10FBD000AABBF868D9001E4606F086F8F86000282F
:10FBE0003FF4C9A83A69730000EB05081060BB60D8
:10FBF000FFF7A7BB16F8011C18EE100A5246013E8B
:10FC000007F0FEFDFFF730BA7B69B342A3EB0602B3
:10FC1000B8D10AE471B6020804B60208002607F15A
:10FC20004403FE617E619846FFF76FBA01219EE6AC
:10FC3000DAF8003007F1580B1A781BF80220002A76
:10FC40003FF448A80133CAF80030DAF80430012C38
:10FC500003F1FF3318BF18EE105ACAF8043011D15F
:10FC600018E0DAF800301A781BF8022001338AB164
:10FC7000CAF80030DAF804300136013BB442CAF861
:10FC8000043007D0002BECDC5146284607F0F8FD85
:10FC90000028E6D0B144FFF74DB80023C7E902338E
:10FCA0003B6107F14405FFF7E1BA827845F00805AA
:10FCB0000230FEF7A5BF827845F002050230FEF75C
:10FCC0009FBFD3F800804FF0FF33FB62B8F1000F05
:10FCD0007FF408A8FFF709B8BE6AAB4656F8045B84
:10FCE000BE62C7F830B00EE6BB6902333FF461AACA
:10FCF000D8F8000004F08CFE002840F00F81BB69AA
:10FD0000032BD9447FF441AA2B68042B7FF43DAA2E
:10FD1000FFF73CBA82B0CDE9023302ABBB63CCE45F
:10FD20004FEA4B0B3046594605F0DEFF06460028E9
:10FD30003FF421A83B6B00EB0408186003E65BF876
:10FD4000046BC7F828B03D636BE57B695BF8045B27
:10FD5000BB60C7E90333C7F828B0FFF787BABE6AAC
:10FD60003B6B56F8048BBE62FB617B611E46FFF75E
:10FD7000CCB96C0740F1A580D7F828B0F9635BF8DF
:10FD8000043BC7F828B0A3F80090FEF7D3BFFA628F
:10FD9000FEF7ABBF18EE100A514607F071FD0028C0
:10FDA0003FF4D9ADDEE5DAF800308E491A788A5C86
:10FDB00011073FF56FAF0133CAF80030DAF80430AD
:10FDC000012C03F1FF33CAF8043000F0FE8018EE76
:10FDD000105A012614E0DAF8003082491A788A5C59
:10FDE000120703F101033FF555AFCAF80030DAF806
:10FDF00004300136013BB442CAF804303FF44AAF44
:10FE0000002BE8DC5146284607F03AFD0028E2D0F6
:10FE1000B144FEF78FBF25F4F0654FF00108FFF7FE
:10FE20006EB818681C4605F05FFF00283FF43DAD32
:10FE300020603AE525F4F0650126FFF760B815F07B
:10FE400001027FF49FACA9077FF59CAC664B396A31
:10FE5000994218EE100A7B6AF96900F0B38007F046
:10FE6000E1FAD7F828B05BF8043BC7F828B0C3E93B
:10FE700000018EE43E6BD7F81C90BC614546002E15
:10FE80003FF46DAA18EE104A013E52461BF80610C8
:10FE9000204607F0B5FC002EF6D1FFF760BA4FF010
:10FEA000000BFFF786B918EE100A514607F0E8FC80
:10FEB00000283FF483A9BBF1000F7EF456AFFFF793
:10FEC00086B9E8070FD4AA070DD5D7F828B0F9638B
:10FED0005BF8043BC7F828B04FEAE972C3F800901A
:10FEE0005A60FEF727BFD7F828B0F9635BF8043BE8
:10FEF000C3F80090C7F828B0FEF71CBFFC69A34503
:10FF000018EE109A7EF6E6AE1BF8011D52464846E2
:10FF100007F076FCA345F7D1FEF7DCBEBBF1000F7E
:10FF20003FF455A918EE105A5C46013C07F5AC7336
:10FF30005246195D284607F063FC002CF5D1FFF707
:10FF400046B94FF0FF33FB62FEF7CFBE7869D900A8
:10FF500005F0CAFE786100283EF40DAFFB69D7F8C2
:10FF600030B030605B0000EB0508FB61FFF721B9A2
:10FF7000FC69A34518EE109A7EF6ACAE1BF8011D85
:10FF80005246484607F03CFCA345F7D1FEF7A2BE17
:10FF90001648C7F828B006F02DF984ED000AFFF7DF
:10FFA00057BAFB699B4518EE109A7EF693AE1BF884
:10FFB000011D5246484607F023FCFB699B45F6D1DC
:10FFC000FEF788BE07F09EFB4BE72646B144FEF7DE
:10FFD000B1BED8F800301E4601337FF47EA9324608
:10FFE000FFF792B971B6020865750208A0A702086A
:10FFF000012C38BF012415F0010300F0988015F0A2
:020000040802F0
:100000001003FB6140F0DB802A06D7F828B040F1EE
:10001000DD805BF8043B3B63002B3EF45BAE80204D
:1000200004F09CFD064600283EF4A5AE3B6BBA6B7F
:100030001860B2F8068093889845C0F0FA804FF6B1
:10004000F67293423EF69BAE08339DB2BB6BA9009D
:10005000186805F049FE00283EF491AEBB6B9D8008
:1000600018603B6B40F82830BB6BC7F828B008F12C
:100070000108A3F80680B3464FF02008002504F0DD
:10008000D5FCA8423EF471AEDAE9003213F8011B48
:10009000013ACAE90032BA6907F5AC70032A415542
:1000A00005F1010307F1500502D12A68042A06D0A0
:1000B000082200212846BB61FCF7E4FBBB690095E0
:1000C00018EE100A07F5AC7231467B6105F006F8B0
:1000D000431CB8613EF449AE7B69002840F0B9800A
:1000E000FA6902B932609944013CFB6943B93B6B40
:1000F0002BB1A6EB0B05B8EBA50F40F2DD80043663
:10010000DAF80430002B4FF0000540F3AB80002CF0
:10011000B5D13B6B2BB1A6EB0B01B8EBA10F00F2F5
:10012000DA80FB69002B7EF405AEFFF791B9EE068D
:1001300055D428066CD5BE6A56F8045B002D3EF4F3
:10014000C9AD204604F00AFD804600283EF413AEF7
:10015000BA6B2860B2F806B093889B4577D34FF608
:10016000F67293423EF60BAEBA6B08339BB2106840
:100170003B63990005F0B8FD00283EF400AEBA6B71
:100180003B6B93801060BB6B40F82B500BF1010B65
:10019000A3F806B0414618EE100ACDF800A0234699
:1001A000012207F08BFB8046002868D0844271D87A
:1001B000FB6A0133C7E90A63C144FEF7BBBD4FF0D8
:1001C0000008C346C7F83080464657E7FB695BF82E
:1001D000046BC7F828B098469B463B634EE71D4624
:1001E000DAF804309C4226DDDAF800201A4418EED2
:1001F000100ACAF8002051461D44E41A07F040FBDB
:100200000028EDD0002D3EF4B0ADA944FEF792BD1C
:100210002346BC6A18EE100A2168CDF800A001221E
:1002200007F04CFB804600283EF49FAD0434264680
:10023000BEE7106815E71B1BCAF80430DAF8003077
:1002400025441C44CAF80040A944FEF773BD106859
:1002500099E7BA69023225D1DAF80420002A1D464E
:100260003FF70DAF18EE100A514607F009FB0028C2
:100270003FF44DAF002D3FF44CAFFEF776BDFB6A67
:10028000002B3EF47CADBAF80C305B067EF524AD55
:10029000FEF775BD2868414605F026FD002887D089
:1002A000286085E79944BB69032B7FF41DAF2B6859
:1002B000042B7FF419AF18E758464FEAC80105F040
:1002C00013FD834600283EF456AD3B6B461918607B
:1002D0004FEA480813E73C6B206805F005FD00284D
:1002E0003FF41FAF20601CE72DE9F84F4B6E9C04D4
:1002F00090462DD59368126843B38B46064602F1AB
:10030000080959E9025A5FEA9A0715D0043D00240A
:1003100001E0A7420ED055F8041F5A46304604F0BB
:1003200051F8431C04F10104F3D10023C8E901335F
:10033000BDE8F88FD8F808302AF0030AA3EB0A03C7
:10034000C8F8083009F10809002BDAD10020ECE7E1
:1003500004F0C2F90023C8E90133BDE8F88F00BFFB
:1003600010B494681CB15DF8044BFFF7BDBF204684
:1003700054605DF8044B70472DE9F04F2DED028B72
:10038000BBB008EE101A08EE900A1C4617460393FD
:1003900018B1836B002B00F09C8218EE102A536E6C
:1003A000DE0740F19E81B2F90C108AB2900409D4A4
:1003B00041F4005218EE101A4B6E8A8123F4005358
:1003C00092B24B66110740F1F88018EE103A1B69A3
:1003D000002B00F0F28002F01A030A2B00F0FE80DE
:1003E00011AB0E930023CDE90F33CDE9083306930B
:1003F0000DF14409079302933B78002B00F05B81D9
:100400003C4604E014F8013F002B00F03481252B1A
:10041000F8D1E51B40F031812378002B00F04B81AF
:100420004FF0000300258DF83330671C6378019589
:100430004FF0FF3B2B240137A3F120025A2A00F290
:100440006181DFE812F0AB025F015F01A7025F018B
:100450005F015F016A005F015F0149027E025F0187
:100460005402B9025F01B5025B005B005B005B00F8
:100470005B005B005B005B005B005F015F015F0195
:100480005F015F015F015F015F015F013602840070
:100490005F015F015F015F015F015F015F015F015C
:1004A0005F015F01E5005F015F015F011A025F010B
:1004B0006C025F015F014C055F015F015F015F013D
:1004C0005F015F015F015F015F015F01360286002E
:1004D0005F015F015F016202860080005F015802D8
:1004E0005F019402E700820280005F011A027E0031
:1004F0006C055F015F016E055F017E00A3F13002B4
:10050000002117F8013B01EB810102EB4101A3F14E
:100510003002092AF5D901918EE718EE900A04F00D
:100520008BFA436808931846E0F74AFF099006469D
:1005300018EE900A04F080FA83680793002E40F0CA
:10054000A9843B7877E73B7845F0200573E745F0D1
:100550001005AC06039E40F18281073626F007069F
:100560003246736852F8086B03929846002BC0F22B
:100570005984BBF1FF3F00F03E8556EA080325F0A1
:10058000800A00F034840A2E78F1000380F0EB84B6
:10059000303601238DF8E760554600930DF1E704EE
:1005A000009A9DF833305A45B8BF5A469046002B02
:1005B00000F0B78002F10108B3E018EE101A18EE4F
:1005C000900A18EE105A02F06DFC002840F0AC853D
:1005D000AA8902F01A030A2B7FF402AF18EE101A50
:1005E000B1F90E30002BFFF6FBAE4B6EDE0702D4E6
:1005F000950540F1778518EE101A18EE900A2346FB
:100600003A463BB0BDEC028BBDE8F04F00F0B2BD06
:1006100045F0100515F0200800F01281039E073602
:1006200026F007063346D6F8048053F8086B039388
:1006300025F4806A00234FF000028DF83320BBF1CF
:10064000FF3F00F0D38156EA08022AF0800540F00F
:10065000CC81BBF1000F40F0D184002B40F0CC8363
:100660001AF00103009300F0FC8330238DF8E7308B
:100670000DF1E70494E7E51B1DD00F9B109A0133A1
:100680002A44072BC9E9007510920F9305DC09F184
:100690000809029B2B440293BEE6002A00F0A383C4
:1006A00018EE101A18EE900A0EAAFFF71DFE40B9B8
:1006B0000DF14409EDE7109B002B40F02485002349
:1006C0000F9318EE102A536ED90740F1AE8093892C
:1006D0005B0600F1328502983BB0BDEC028BBDE8B1
:1006E000F08FB2F90C108D0518EE103A8AB23FF572
:1006F0005DAE18EE105A986D04F0A6F9B5F90C101D
:100700008AB253E6002BD6D08DF884304FF0010822
:100710004FF000038DF83330CDF8008021AC4FF05E
:10072000000B15F00203049318BF08F1020815F03E
:100730008403059305D1019BA3EB0806002E00F36B
:100740007F82DDE90F21501C9DF833608EB10DF1E1
:1007500033020131C9F8002007284FF00102CDE92A
:100760000F01C9F8042000F34C82024609F1080980
:100770000130049BEBB10DAB0231C9F80030072802
:100780004FF00203CDE90F01C9F8043040F3538262
:10079000002900F0238318EE101A18EE900A0EAA12
:1007A000FFF7A2FD00288CD1DDE90F210DF14409EE
:1007B000501C059B802B00F05A81009BABEB03067D
:1007C000002E00F3BD81009BC9F8004019440728A2
:1007D000CDE90F01C9F8043040F34681002900F04B
:1007E000898218EE101A18EE900A0EAAFFF77CFD07
:1007F00000287FF466AF10990DF14409680705D50C
:10080000019BA3EB0804002C00F37E82DDE90123A9
:100810004245ACBF9B1843440293002940F0E0815D
:1008200000230F930DF14409E6E593899A053FF5FE
:100830004FAF18EE104AA06D04F008F9A38947E7FE
:1008400015F0100340F03E8315F0400200F0FD83E8
:10085000039A52F8046B03929846B6B2E8E656F84B
:10086000043B0396E80600F10883690640F1028321
:1008700043F3C0381EB2434678E6039E56F8044B55
:100880004FF000038DF83330002C00F0C583BBF12E
:10089000FF3F00F049835A4600212046E0F700FE62
:1008A000002800F02484031B009303964FF0000BF4
:1008B00076E6039E4FF000038DF833304FF00108C9
:1008C00056F8043B8DF884300396CDF8008021ACB7
:1008D00025E703F07BFC60E5039B53F8042B0192B2
:1008E000002A80F2BA82019A0393524201923B7825
:1008F00045F004059FE53B786C2B03BF7B7845F002
:100900002005013745F0100595E53B78682B03BFBE
:100910007B7845F40075013745F040058BE545F0DF
:10092000100A1AF0200800F06E82039E073626F0A7
:1009300007063346D6F8048053F8086B0393012367
:1009400079E63B788DF8334075E5039B53F8046BEB
:10095000039330238DF8343078238DF83530C24B33
:10096000069345F0020A4FF00008022363E6AE0644
:1009700000F19E82EC0600F14783680600F1A48333
:10098000A90540F14183039E029A56F8043B039661
:100990001A7031E53B7845F001054CE59DF83330A0
:1009A000002B7FF4CEAD20238DF833303B7842E529
:1009B0003B7845F080053EE5394611F8013B2A2B8E
:1009C00000F0C483A3F13002092A0F464FF0000B58
:1009D0003FF632AD17F8013B0BEB8B0B02EB4B0BE9
:1009E000A3F13002092AF5D926E5AA46012B3FF4E6
:1009F000CAAD022B3AAC12D1069A06F00F033609A3
:100A0000D35C04F8013D46EA08764FEA181856EA26
:100A10000803F2D13AAB1B1B55460093C0E506F024
:100A20000703F60846EA48764FEAD808303356EA14
:100A30000801224604F8013DF1D11AF0010FE9D076
:100A4000302BE7D03023023A04F8013C3AAB9B1A32
:100A5000554600931446A3E5009911940123129181
:100A600010910F930DF1440909F10809C6E6019BA5
:100A7000A3EB0806002E7FF7A0AE102E40F3628392
:100A8000DFF8E8A15346CDE90445BA4618EE904A8E
:100A900018EE105A084696461F4607E00EF1020C63
:100AA00009F108099646103E102E1FDD0EF10102D5
:100AB00010301023072ACDE90F20C9F80070C9F8BB
:100AC0000430EBDD0EAA002800F095802946204670
:100AD0000DF14409FFF708FC00287FF4F2ADDDE9D1
:100AE0000FE0103E102E0EF1010CDFDCDDE90445B5
:100AF0003B46014657469A463144BCF1070FCDE9C3
:100B00000FC1C9F800A0C9F8046040F3AD81002905
:100B100000F0CA8218EE101A18EE900A0EAAFFF71B
:100B2000E3FB00287FF4CDAD009BDDE90F21ABEBAB
:100B30000306002E02F101000DF144097FF743AED8
:100B4000102EDFF828A137DD5346CDE90445BA461B
:100B500018EE904A18EE105A4FF0100B08469446C3
:100B60001F4607E00CF1020E09F108099446103EF9
:100B7000102E1ADD0CF101021030072AC9E9007BA2
:100B8000CDE90F20EEDD0EAA20B3294620460DF157
:100B90004409FFF7A9FB00287FF493ADDDE90FC0FE
:100BA000103E102E0CF1010EE4DCDDE904453B465D
:100BB0000146574670469A4631440728CDE90F0151
:100BC000C9F800A0C9F8046000F3F28009F108092F
:100BD0000130F8E54FF0010E84460DF14409C6E7F7
:100BE00018EE101A18EE900A0EAAFFF77DFB0028E7
:100BF0003FF416AE65E54FF0010C86460DF1440951
:100C000051E7002900F0E78018EE101A18EE900A5C
:100C10000EAAFFF769FB00287FF453ADDDE90F2131
:100C20000DF14409501CA4E502210DAB1291119362
:100C300001200DF14409024609F10809501CB8E5EC
:100C4000102E40F35A82DDE90FC1DFF824A0CDF861
:100C500028B00B95A34618EE105A5446102318EEF0
:100C600090AA08460EE000BFB0B5020840B60208E0
:100C700030B602080CF1020E09F108099446103E44
:100C8000102E1CDD0CF101021030072AC9E90043C7
:100C9000CDE90F20EEDD0EAA30B3294650460DF106
:100CA0004409FFF721FB00287FF40BADDDE90FC0FD
:100CB000103E102E0CF1010E4FF01003E2DCA246A4
:100CC0000B9D5C46DDF828B0014672463144072A88
:100CD000CDE90F21C9F800A0C9F8046000F3AB808A
:100CE00009F10809501C2FE584464FF0010E0DF163
:100CF0004409C4E76C070F9152D5019BA3EB08048C
:100D0000002C4DDD0DF14409102C40F30882DFF872
:100D10005CA40F9A0B46BB464946574618EE109AFC
:100D200018EE90AA102505E0901C08313246103CC0
:100D3000102C18DD561C1033072EC1E90075CDE9C3
:100D40000F63F1DD0EAA3BB349465046FFF7CCFADC
:100D500000287FF4B6ACDDE90F23103C102C02F123
:100D6000010011A9E6DC8946BA4619465F462144CE
:100D70000728C9E900A4CDE90F017FF747AD79B194
:100D800018EE101A18EE900A0EAAFFF7ADFA002816
:100D90007FF497AC109939E501201A4611A9C6E7EE
:100DA000DDE901234245ACBF9B184344029337E57C
:100DB00000293FF451AE18EE101A18EE900A0EAA50
:100DC000FFF792FA00287FF47CAC0F98109901305D
:100DD0000DF14409F7E4049B002B79D101200A4668
:100DE0000DF14409E5E40F920DF1440951E4BBF122
:100DF000000F7FF4CDAB55464FF0000BCDF800B09F
:100E00003AACFFF7CDBB1AF010033CD11AF0400208
:100E100000F00C81039A52F8046B03929846B6B224
:100E2000012308E42D2376428DF8333068EB48081F
:100E3000AA46012303E400297FD018EE101A18EE09
:100E4000900A0EAAFFF750FA00287FF43AACDDE9C9
:100E50000F210DF14409501C76E403933B78FFF712
:100E6000EABA3AACFFF79CBB09F108090CF10100A2
:100E70006246A2E4AA0500F12F814FEAE3781E46FC
:100E80004346FFF773BB039B53F8046B03930123A3
:100E9000FFF7D1BB079B002B3FF453AB079B1B789D
:100EA000002B3FF44EAB3B7845F48065FFF7C3BAA7
:100EB000DDE9021656F8042B0396CB17C2E900139E
:100EC000FFF79ABA039B53F8046B0393FFF7B0BB89
:100ED00002210DAB129111930DF14409ACE6A04A29
:100EE000069215F0200836D0039E073626F0070636
:100EF0003246D6F8048052F8086B0392EA0709D507
:100F000056EA080206D08DF83530302345F0020548
:100F10008DF8343025F4806A0223FFF78CBBAA4693
:100F2000FFE4904A0692DCE720460396E0F748FA91
:100F30004FF0000B0090FFF733BB9DF83320002AE1
:100F400000F0B88001200DF13302129011920DF1E2
:100F50004409014609E415F0100242D0039A52F800
:100F6000046B0392CAE70AF48063CDF800B0CDF8B1
:100F70001090BB46DDF81C9000253AAC1F4609E0F6
:100F800030464146DFF788FE0A2E78F100031BD376
:100F900006468846304641460A220023DFF77CFE9B
:100FA0001146303104F8011C0A220023013C0135AE
:100FB000002FE5D099F80010A942E1D1FF2DDFD034
:100FC0000A2E78F100035BD23AAB1B1BCDF81C90C4
:100FD0005F46DDF81090DDF800B000935546FFF74E
:100FE000DFBA15F040013ED0039951F8046B03912C
:100FF0009046B6B282E7AA46FFF7C5BA012BAA46C9
:101000007FF4F7ACFFF7C4BA039E029A56F8043B8C
:101010001A600396FFF7F0B95B46062B28BF06233C
:10102000514C009303969846FFF779BB039B1AF443
:10103000007814BF53F8046B53F8046B03931CBF80
:101040009046F6B20123FFF7F6BA039B15F4007839
:1010500014BF53F8046B53F8046B03931CBF904602
:10106000F6B2FFF7E5BA039A15F4007814BF52F808
:10107000046B52F8046B03921CBF8846F6B23DE73E
:10108000099B0899E41A1A462046FBF7E7FE99F8EF
:1010900001300BB109F10109304641460A22002313
:1010A0000025DFF7F9FD73E701200A460DF1440939
:1010B000FFF783BB049B002B7FF4B6AD0A460120EB
:1010C0000DF14409FFF779BB039E029A56F8043BE1
:1010D00003961A80FFF790B943F3C0185EB24346F7
:1010E000FFF744BA886D03F0B1FCFFF784BACDF87E
:1010F00000B003968346FFF753BA0F9A1099DFF8B2
:101100006CA00132E2E518EE101A18EE900A0EAA51
:10111000FFF7EAF800283FF4D2AAFFF7D2BA0F98F7
:10112000DFF848A0013022E66B6EDB0705D4AB89FF
:101130009F0502D4A86D03F089FC4FF0FF330293A2
:10114000FFF7C9BADFF828A08446D5E4039A7B7874
:101150000F4652F8041B039241EAE17BFFF76BB99B
:10116000C4B50208B0B50208D8B5020830B6020806
:1011700040B6020870B50C468989ADF58E6D21F038
:101180000201ADF81410616E1B91E189ADF81610E3
:10119000E1690991616A0B911CA9029106914FF4D2
:1011A000806106460491079118A80021CDE900321C
:1011B000089103F045FCDDE9003202A93046FFF753
:1011C000DBF8051E07DB02A9304602F0CBFF002842
:1011D00018BF4FF0FF35BDF814305B0603D5A38967
:1011E00043F04003A381189803F02CFC28460DF52A
:1011F0008E6D70BD000000002DE9F04F2DED0A8BC3
:10120000CFB01C460AEE101A91460AEE900A054627
:1012100003F012FC0368139318460994E0F7D0F822
:1012200012901DB1AB6B002B00F048821AEE102A11
:10123000536EDB0740F14781B2F90C309AB2960445
:1012400009D41AEE101A43F400538B819AB24B6EF4
:1012500023F400534B66150740F1CC801AEE103A88
:101260001B69002B00F0C68002F01A030A2B00F065
:10127000D2804D469FED9C7B2B78002425AACDE99A
:101280002344CDE91544CDE917448DED107B1AEECA
:10129000909A0E942292904614940694002B00F09B
:1012A000B081AB4604E01BF8013F002B00F0CD807D
:1012B000252BF8D1BBEB050640F0CB809BF8003026
:1012C000002B00F09E8100234FF0FF329BF801704D
:1012D0008DF86B3005930BF1010B04929A462B2489
:1012E00020210BF1010BA7F120035A2B00F2008102
:1012F000DFE813F00A03FE00FE000503FE00FE0017
:10130000FE006A00FE00FE0076029E02FE008102E0
:10131000A802FE00A3025B005B005B005B005B00B9
:101320005B005B005B005B00FE00FE00FE00FE0059
:10133000FE00FE00FE008E01FE001602ED018E0191
:101340008E018E01FE00FE00FE00FE000003FE0086
:10135000FE004502FE00FE00FE002002FE00C2026A
:10136000FE00FE009907FE00FE00FE00FE00FE00EB
:10137000FE00FE00FE008E01FE001602EF018E014F
:101380008E018E01E602EF01E801FE00F302FE008D
:1013900086024702D402E801FE0020027D007507A4
:1013A000FE00FE007907FE007D00A7F13003002259
:1013B0001BF8017B02EB820203EB4202A7F1300330
:1013C000092BF5D905928EE7484603F035FB4368B3
:1013D00017931846DFF7F4FF18900646484603F0C7
:1013E0002BFB836815932021002E40F0E9869BF8A3
:1013F000007076E71AEE101A1AEE900A1AEE105ADA
:1014000001F050FD002841F02783AA8902F01A0359
:101410000A2B7FF42EAF1AEE101AB1F90E30002B02
:10142000FFF627AF4B6ED90702D4920541F15A81DE
:101430001AEE101A1AEE900A23464A464FB0BDEC37
:101440000A8BBDE8F04F01F09FBCBBEB050600F036
:10145000D880249B33442493239B0133072BC8E972
:101460000056239305DC08F10808069B33440693D5
:1014700024E71AEE101A22AA4846FEF771FF90B927
:101480000DF19408F1E71AEE101A22AA4846FEF769
:1014900067FF002800F0A680089B23B11AEE900A8F
:1014A000194603F013F81AEE102A536ED80740F1CC
:1014B000FA8093895A0601F1D88206984FB0BDECA4
:1014C0000A8BBDE8F08FB2F90C309F059AB23FF558
:1014D000B6AE1AEE105AA86D03F0B6FAB5F90C3094
:1014E0009AB2ACE6AFF300800000000000000000FC
:1014F000002F00F0868000238DF8D4708DF86B30BB
:101500000122CDE90723039204930C930F930D93CB
:1015100035AD1AF002020A9202D0039A0232039207
:101520001AF084020B9205D1059A0399561A002EDF
:1015300000F36883249C8BB1239B0DF16B02013374
:101540000134C8F80020072B4FF0010224942393A4
:10155000C8F8042000F39F8308F108080A9B83B1B0
:10156000239B1BAA01330234C8F80020072B4FF03D
:10157000020224942393C8F8042000F3998308F10D
:1015800008080B9B802B00F06A82049B079A9E1A26
:10159000002E00F3AB821AF4807F40F00682079B96
:1015A000C8F804301C44239BC8F800500133072BB3
:1015B0002494239300F3198308F108081AF0040F08
:1015C00005D0059B039A9D1A002D00F38583DDE964
:1015D000052303998A42ACBF9B185B180693002C25
:1015E0007FF451AF00232393089B1BB10899484611
:1015F00002F06CFF0DF194085D462B78002B7FF410
:1016000050AE249B002B41F01B82002323934AE71A
:10161000099B073323F00703B3EC027B8DED107BAE
:10162000DDE91012099322F000430BEE101A0BEEC5
:10163000903A4FF0FF32B0EE4B9AF0EE6B9AB74B08
:1016400051EC190BDFF77CFF002840F0E884B34B26
:1016500051EC190B4FF0FF32DFF7B0FA002840F0E1
:10166000DE84DDE9100100220023DFF79DFA002867
:1016700040F067879DF86B30A94DAA4A2AF0800A8E
:101680000321472FC8BF15460022089203910791F6
:1016900004920C920F920D92002B3FF43AAF039AF2
:1016A0000132039235E7938999053FF503AF1AEEAE
:1016B000104A906D03F0CAF9A389FBE6284602F0B0
:1016C00085FDB3E59BF800704AF0200A09E64AF070
:1016D000100A1AF0200F099B00F04084073323F012
:1016E00007031A465B6852F8084B09921E46002B06
:1016F000C0F24384049B013300F0BC822AF08003D3
:10170000039354EA060340F0B782049B002B40F099
:10171000B882DDF80CA00023049307934EAD1FE1BF
:10172000099A002352F8041B8DF86B308DF8D41001
:101730000992E5E6099C54F8045B00268DF86B607D
:10174000002D00F08F85049B5A1C00F051861A462C
:1017500031462846DFF7A4FE0890002801F02F81CB
:10176000089B0496591B079121EAE1719DF86B30A3
:101770000994039108960C960F960D968CE74AF003
:10178000100A1AF0200600F0C983099B073323F0E2
:1017900007035E6853F8084B09932AF480630393A8
:1017A000002300228DF86B20049A551C00F0C080A5
:1017B000039921F0800A54EA060140F0B780002A1C
:1017C00040F00786002BA6D1039B13F0010307937B
:1017D00000F0148430238DF837310DF23715BFE057
:1017E000099B53F8042B0592002A80F2D583059AB1
:1017F0000993524205929BF800704AF0040A70E582
:101800001AF0200F40F0D1841AF0100F40F0E78555
:101810001AF0400F40F0A9861AF4007F00F0DF852F
:10182000099B069953F8042B099311705D46E4E671
:101830009BF800708DF86B4053E59BF800704AF000
:10184000800A4EE55A4612F8017B2A2F01F06F827A
:10185000A7F13003092B934698BF002201F2EC80D8
:101860001BF8017B02EB820203EB4202A7F130037B
:10187000092BF5D9049236E54AF010030393039B34
:1018800013F0200600F05983099B073323F0070368
:101890005E6853F8084B0993012382E7099B53F8CC
:1018A000044B099330234AF0020278278DF86C30FC
:1018B0001D4B149303928DF86D700026022370E780
:1018C0009BF80070682F03BF9BF801704AF4007A00
:1018D0000BF1010B4AF0400A03E59BF800706C2FF6
:1018E00003BF9BF801704AF0200A0BF1010B4AF08C
:1018F000100AF6E49BF800704AF0080AF1E49BF83D
:1019000000704AF0010AECE49DF86B30002B7FF484
:101910006EAD9BF800708DF86B10E2E4FFFFEF7F77
:10192000A0B50208A4B50208B0B50208CDF80CA015
:10193000012B00F0A181022B4EAD20D1149A04F0AE
:101940000F032409D35C05F8013D44EA0674360907
:1019500054EA0603F3D14EAB5B1BDDF80CA00793F2
:10196000049907989DF86B3081424FF00002B8BF90
:101970000146089203910C920F920D928CE604F0AE
:101980000703E40844EA4674F608303354EA0601D3
:101990002A4605F8013DF2D10399CC0700F1758282
:1019A0004EAB5B1B8A460793DAE7652F40F3D7807F
:1019B000DDE9100100220023DFF7ECF8002800F039
:1019C000C681239BC14AC8F800200133013401229B
:1019D000072B24942393C8F8042000F3DE8408F135
:1019E00008081C9B0E9A934280F2D182129B139A94
:1019F0001C44C8E90023239B24940133072B239321
:101A000000F3228408F108080E9B5D1E002D7FF76D
:101A1000D5AD102D239B41F36981AD4F0A97224626
:101A200010261AEE104A05E008F10808103D102DA6
:101A300040F3C18401331032072BC8E90076CDE9A9
:101A40002332F1DD22AA21464846FEF789FC002810
:101A50007FF422ADDDE923320DF19408E6E7059B22
:101A6000039A9E1A002E7FF790AD102E239B41F310
:101A70003F8097490B9522461AEE105A0A910C4660
:101A800004E0103E102E08F1080819DD0133103271
:101A90001021072BCDE92332C8F80040C8F8041004
:101AA000EFDD22AA294648460DF19408FEF758FCBE
:101AB00000287FF4F1AC103E102EDDE92332E5DC86
:101AC0000B9D144601330A9AC8F800203444072BB2
:101AD000CDE92334C8F8046000F3A883049B079A77
:101AE0009E1A002E08F108087FF755AD102E239B93
:101AF00040F30F8576480A90424621461AEE108A36
:101B0000044604E0103E102E02F1080216DD0133F7
:101B100010311020072BCDE9233114605060F1DD26
:101B200022AA41464846FEF71BFC00287FF4B4ACCD
:101B3000103E102EDDE9233125AAE8DC90460C4644
:101B400001330A9AC8F800203444072BCDE9233426
:101B5000C8F8046000F3D48108F108081BE50E9B67
:101B6000012B40F37381239EC8F8005001360134E5
:101B70000123072E24942396C8F8043000F396839B
:101B800008F10808129B139A01361C44072EC8E975
:101B90000023CDE9236400F3978308F10808DDE909
:101BA000100100220023DEF7F5FF002840F07B81C2
:101BB0000E9B0136013B01351C44072EC8F800502E
:101BC0002396C8F80430249400F3518108F10808E2
:101BD000169BC8F8043001361C44072E1EABCDE915
:101BE0002364C8F800307FF7E7AC1AEE101A22AA77
:101BF0004846FEF7B5FB00287FF44EAC249C0DF15F
:101C00009408DBE4102EDDE9233222DD199510243F
:101C10001AEE105A04E0103E102E08F1080817DDE5
:101C200001332C491032072BC8E90014CDE92332C7
:101C3000F1DD22AA294648460DF19408FEF790FBF3
:101C400000287FF429AC103E102EDDE92332E7DCBA
:101C5000199DC8F804600133B418072B1D4AC8F851
:101C60000020CDE9233400F37D839DF86B3008F12B
:101C7000080860E4CDF80CA00A2C76F1000380F08F
:101C8000318330340123DDF80CA08DF83741079300
:101C90000DF2371564E61AEE101A22AA4846FEF72E
:101CA0005FFB00287FF4F8AB249C0DF1940855E409
:101CB0001AEE101A22AA4846FEF752FB00287FF4BB
:101CC000EBAB249C0DF194085BE400BFE0B5020887
:101CD00060B6020850B60208102D239B20DD1AEED4
:101CE000107A102604E0103D102D08F1080817DDC9
:101CF0000133AC4A1034072BC8E90026CDE9233460
:101D0000F1DD22AA394648460DF19408FEF728FB7A
:101D100000287FF4C1AB103D102DDDE92334E7DC52
:101D20000133A04AC8F804502C44072BCDE92334D2
:101D3000C8F800207FF74BAC1AEE101A22AA4846CA
:101D4000FEF70EFB00287FF4A7AB249C3FE41C9A0F
:101D5000002A40F32B81DDE90D739F42A8BF1F4687
:101D6000002F0BDD239B01333C44072BC8E90057B0
:101D70002494239300F3D58508F108080D9E002FC5
:101D8000A8BFF61B002E00F344830D9B1AF4806F4E
:101D90002B44079340F0E3841C9B0E9A934203DB91
:101DA0001AF0010F00F0D283129A13991444C8E973
:101DB0000012239A24940132072A239200F3BF854C
:101DC00008F108080E9A0799AE18761AD51AAE428D
:101DD000A8BF2E46002E0DDD239BC8F8001001334E
:101DE0003444072BC8F804602494239300F3098635
:101DF00008F10808002EA8BFAD1B002D7FF7DEAB51
:101E0000102D239B40F37287674F0A9722461026B6
:101E10001AEE104A05E008F10808103D102D40F3B5
:101E2000CA8201331032072BC8E90076CDE923328C
:101E3000F1DD22AA21464846FEF792FA00287FF4F7
:101E40002BABDDE923320DF19408E6E71AF0010F20
:101E50007FF489AE239EC8F8005001360134012377
:101E6000072E24942396C8F804307FF7AFAE1AEEFD
:101E7000101A22AA4846FEF773FA00287FF40CAB2A
:101E8000DDE923640DF19408A2E6302B3FF463AD45
:101E90003023023A05F8013C4EAB9B1ADDF80CA04A
:101EA000079315465CE50E9B5D1E002D7FF790AEF7
:101EB000102D40F321873C4ACDF810A023461AEE9E
:101EC00010AA0A921027144605E008F10808103DF0
:101ED000102D40F3E38201361033072EC8E9004786
:101EE000CDE92363F1DD22AA51464846FEF738FAD0
:101EF00000287FF4D1AADDE923630DF19408E6E719
:101F00001AEE101A22AA4846FEF72AFA00287FF491
:101F1000C3AA249C0DF19408FFF73DBB1AF01003EF
:101F200040F03D811AF0400200F0C882099A52F850
:101F3000044B09921E46A4B22FE4039B13F0100336
:101F400066D1039A12F0400200F0C682099A52F854
:101F5000044B09921E46A4B2012322E453F8044B19
:101F600009931AF0100F4FD11AF0400F48D044F3E4
:101F7000C036334624B2FFF7BABB2D2364428DF836
:101F80006B3066EB4606CDF80CA001230CE41AF08A
:101F9000010F3FF413AB29E59BF800700993FFF79D
:101FA000A0B900BF50B6020860B60208239BB6492C
:101FB000C8F80010013301340121072B2494239326
:101FC000C8F8041000F3848408F10808002A40F0DF
:101FD00046820E9A0AF0010313433FF4EFAA129BC4
:101FE000139A1C44C8E90023239B24940133072B34
:101FF000239300F3688308F1080841E24EADAFE493
:102000001AF4007F40F0AB82E6173346FFF76FBB50
:10201000099B53F8044B09930123FFF7C2BBDDE989
:10202000100102460B46DFF78BFA002840F02E869F
:10203000612F00F07F85412F00F0A082049B0133C7
:1020400027F02003039300F0C085472B00F0AB85F9
:10205000DDE910014AF48072002907924FF0000375
:10206000C0F2458441EC180B0A930893039B462B5E
:1020700000F07484452B00F02585B0EE480AF0EEA0
:10208000680A20AB01931DAB0093049A1CAB02219C
:10209000484601F031F8039B472B054640F05E8629
:1020A0001AF0010F5646DDF81CA040F0E384209B97
:1020B0005B1B0E93039B472B00F01B83039B462B5C
:1020C00000F089841C9B0D930D9B039A013B412AD0
:1020D0001C9300F0E985FAB20021002BB8BF0D9BDC
:1020E0008DF87820BABFC3F101032D222B22092BD2
:1020F0008DF8792040F36D850DF18704DFF898C1E4
:10210000224610468CFB0321DA17C2EBA10202EB38
:102110008201A3EB4101303100F8011C194663290B
:10212000134600F1FF32ECDC3033D9B2831E9C42FF
:1021300002F8011C40F20E8613460DF17A0201E00E
:1021400013F8011B02F8011B9C42F9D10DF1890320
:102150000DF17A021B1A13441EAA9B1A16930E9BAA
:10216000169A012B1A44079240F3B285079B129AE4
:1021700013440793079A002326F4806622EAE2724A
:1021800046F4807A0C9303920F930D930A9B002BD5
:1021900040F0DE8204939DF86B30FFF77DBA099B17
:1021A00053F8044B0993FFF7F8BA099B069853F8C4
:1021B000041B0993C217C1E900025D46FFF71DBA6F
:1021C000159B002B3FF413A9159B1B78002B3FF4A4
:1021D0000EA99BF800704AF4806AFFF782B8CDF828
:1021E0000CA0FFF74CBB294B14931AF0200655D0D6
:1021F000099B073323F007035E6853F8084B0993E4
:102200001AF0010F09D054EA060306D030238DF8E6
:102210006D704AF0020A8DF86C302AF480630393E3
:102220000223FFF7BEBA1A4B1493DEE71AEE101A18
:1022300022AA4846FEF794F800287FF42DA9249C92
:102240000DF19408FFF7A1B91AEE101A22AA484618
:10225000FEF786F800287FF41FA9249C0DF194084E
:10226000FFF7D2BB049A0895062A294628BF062202
:1022700004952B460392074D099407920C910F91F8
:102280000D91FFF709BA00BFE0B50208B0B502082A
:10229000C4B50208D8B50208676666661AF010036E
:1022A00070D0099B53F8044B0993A9E71AEE101A52
:1022B00022AA4846FEF754F800287FF4EDA8DDE98D
:1022C00023640DF194085DE41AEE101A22AA484620
:1022D000FEF746F800287FF4DFA8DDE923640DF15E
:1022E00094085CE4039B002203F48063CDE9077843
:1022F00009EE109A0DF59C7ADDF854901746984631
:102300000CE00023204631460A22DEF7C5FC0A2CE9
:1023100076F100031CD304460E46AA4620460A2244
:1023200000233146DEF7B8FC30320AF1FF350137C1
:102330000AF8012CB8F1000FE3D099F800309F4261
:10234000DFD1FF2FDDD00A2C76F1000380F0E5808D
:10235000CDF854900E97DDF82080079F19EE109A63
:10236000FFF7F9BA1AEE101A22AA4846FDF7F8FF4D
:1023700000287FF491A89DF86B30249C0DF19408FF
:10238000FFF7D9B81AF0400200F0B680099A52F867
:10239000044B09921E46A4B232E71AEE101A22AA82
:1023A0004846FDF7DDFF00287FF476A8249C0DF158
:1023B0009408FFF716BB144601330A9AC8F80020A8
:1023C0002C44072BC8F80450CDE923347FF7F4A838
:1023D0000BE4012BCDF80CA07FF4ADAA51E4099BCE
:1023E000069953F8042B5D4611600993FFF705B970
:1023F000284604960994DEF7E3FF20EAE0719DF891
:102400006B300790039108960C960F960D96FFF788
:1024100043B9102E239B40F39684BC480A90424651
:1024200021461AEE108A1027044604E00832103EB6
:10243000102E40F33B8201331031072BC2E90047D5
:10244000CDE92331F2DD22AA41464846FDF788FF57
:1024500000287FF421A8DDE9233125AAE7E7129BB4
:1024600013991C44C8E90013239B24940133072BC0
:10247000239300F3288108F10808002AC0F2FD82A6
:102480000E9AC8F8005001331444072BCDE92334C9
:10249000C8F804207FF790A8FFF7A7BBDDF810A0CD
:1024A0001C4601360A9BC8F800302C44072ECDE9A3
:1024B0002364C8F804507FF789ABD8E4099B1AF469
:1024C000007614BF53F8044B53F8044B09931CBF18
:1024D0001646E4B2FFF761B9039B13F40076099B3B
:1024E00014BF53F8044B53F8044B09931CBF164612
:1024F000E4B20123FFF755B9099B1AF4007614BF23
:1025000053F8044B53F8044B09931CBF1646E4B22E
:1025100076E67E4A0A92FFF713BB189B1799ED1ACD
:102520001A462846FAF79AFC99F801300BB109F1DE
:102530000109204631460A2200230027DEF7ACFBC2
:10254000E9E62D238DF86B30FFF796B80E9A0799C0
:10255000AE18761AD51AAE42A8BF2E464AE444F306
:10256000C016334664B2FFF7C2B8099B069953F808
:10257000042B099311805D46FFF73FB830238DF897
:102580006C3058238DF86D30049B632B4AF00204A5
:1025900000F3D5820023089335ADDDE910124AF42B
:1025A00081730793002A27F02003A2460393C0F209
:1025B0009F81002342EC181B0A93612F00F04A838D
:1025C000412F7FF453ADB0EE480AF0EE680A1CA824
:1025D00003F082FD00224FF07F5351EC100BDEF729
:1025E00071F802460B4643EC192B00220023DEF75C
:1025F000D1FA08B101231C93454B0B93049B199509
:10260000CDE90C7BCDE90EA80CEE109ADDF82CB0CC
:1026100059EC198B5E1E2C4605E000220023013E7A
:10262000DEF7B8FAE0B93B4B002240464946DEF7F8
:1026300049F889468046DEF799FF0546DDF7D8FF61
:102640000B46024649464046DDF784FE1BF805303E
:10265000A24604F8013B731C374680468946DCD10C
:1026600049EC198B2C4BDDF83C8051EC190B002206
:102670003E461CEE109ADDE90C7BCDF830A00D959E
:10268000DDF838A0199DDEF7ADFA002840F036825B
:1026900051EC190B204B0022DEF77CFA18B10D9B90
:1026A000D90700F12B82002E334606DB0133234489
:1026B000302204F8012BA342FBD1631B56460E9334
:1026C000DDF81CA0F6E41AEE101A22AA4846FDF71F
:1026D00047FE00287EF4E0AEDDE923341C9A0DF1BC
:1026E0009408CAE61AEE103A986D02F0AFF9FEF7B8
:1026F0009FBE1C9B0D93DA1C02DB049A93420DDDF6
:10270000023F27F020030393DEE400BF60B6020817
:10271000C4B50208000030400000E03FDDE90D32A2
:102720009342C0F27F81F00740F19182129A1344E4
:102730000793710503D50D9B002B00F35A82079B6D
:1027400023EAE3730393672700230C930F931DE59C
:102750002D2300228DF86B300492FEF7A0BF0E9B54
:10276000CDF828B0DDF83CB0079E159FCDF81CA031
:10277000EB1804934246DDF860A00C9B0B951AEE13
:10278000108AA446BBF1000F30D0002B71D1013F5D
:102790000BF1FF3B179BC2E9003A239B0133D44462
:1027A000072BCDF890C0239367DC0832049B387860
:1027B0009B1B8342A8BF0346002B1C460BDD2398BE
:1027C00001309C440728C2E90063CDF890C02390F3
:1027D0005FDC38780832002CACBF051B0546002DA5
:1027E00017DC06440C9BBBF1000FCED1002B40D16F
:1027F0000B9D0E9BDDF81CA0DDF828B01597EB189B
:102800009E429046324628BF1A4664460792FFF71A
:10281000C3BA102D23981FDD1024634604E0103D39
:10282000102D02F1080216DD0130B34910330728DC
:10283000C2E90014CDE92303F1DD22AA414648464E
:10284000FDF78EFD00287EF427AE103D102DDDE94A
:10285000230325AAE8DC9C460130A74B5560AC4415
:102860000728CDE9230C13604DDC38780832064484
:10287000B8E70C9B013B0C938CE722AA41464846E3
:10288000FDF76EFD00287EF407AEDDF890C025AAA6
:102890008CE722AA41464846FDF762FD00287EF4F7
:1028A000FBAD3878DDF890C025AA94E790460C4639
:1028B00001330A9AC8F800203444072BCDE92334A9
:1028C000C8F8046000F3618108F10808FFF75DBAF9
:1028D0001AEE101A22AA4846FDF742FD00287EF49F
:1028E000DBAD1C9A249C0DF19408FFF76FBB089395
:1028F000DDE9103408EE103A04F1004308EE903A96
:102900002D230A9359E622AA41464846FDF728FDA1
:1029100000287EF4C1AD3878DDF890C025AA0644C1
:1029200060E71AEE101A22AA4846FDF719FD0028A2
:102930007EF4B2AD249C0DF19408FFF71FBA1AEE95
:10294000101A22AA4846FDF70BFD00287EF4A4AD1C
:102950001C9B249C0DF19408FFF734BA20AB019323
:102960001DAB0093049AB0EE480AF0EE680A1CAB67
:102970000321484600F0C0FB0378302B054600F0E9
:1029800099811C9B049A56461344DDF81CA0EC1850
:1029900051EC180B00220023DEF7FCF810B123469F
:1029A000FFF786BB209BA342BFF482AB30215A1CA9
:1029B00020921970209B9C42F9D8FFF779BB049BA9
:1029C0000393079309949DF86B3004900C900F903B
:1029D0000D90FEF761BE1C9A0D92002A40F3908183
:1029E000049906F001030B4340F02B810D9B0793E4
:1029F0006627730500F1FE80079B23EAE3730393C8
:102A0000A2E61AEE101A22AA4846FDF7A9FC0028F1
:102A10007EF442AD1C9D0E9B249C5D1B0DF1940821
:102A2000FFF7E8B90E9B129A9A180D9B0792002B9C
:102A300040F353816727DCE700230493FEF753BC80
:102A40001AEE101A1AEE900A22AAFDF789FC002845
:102A50003EF4DBADFEF727BD6B6EDC0705D4AB891A
:102A6000980502D4A86D01F0F1FF4FF0FF330693F3
:102A7000FEF723BD049BEC188AE75642103280F221
:102A80006F811D480A90424621461AEE108A10278F
:102A9000044603E00832103E102E5ADD0133103197
:102AA000072BC2E90047CDE92331F3DD22AA4146D5
:102AB0004846FDF755FC00287EF4EEACDDE92331F5
:102AC00025AAE8E7049BB0EE480AF0EE680A5C1C11
:102AD00020AB01931DAB009322461CAB022148465C
:102AE00000F00AFB054656462C44DDF81CA04FE7D3
:102AF000014A0A92FEF7E6BF60B602080C9B2093DB
:102B00000B9B14F8012CD97B8A42234609D1302033
:102B100003F8010C209B5A1E209213F8012C9142BD
:102B2000F6D0392A0BBF0B9A0132927AD2B203F84F
:102B3000012CC2E530238DF86C30782322E5591C36
:102B4000484602F01BF80546002800F00C8108906A
:102B500023E590460C4601330A9AC8F80020344415
:102B6000072BCDE92334C8F804607FF744AA1AEE96
:102B7000101A22AA4846FDF7F3FB00287EF48CAC1D
:102B8000DDE923340DF194087AE41AEE101A22AA32
:102B90004846FDF7E5FB00287EF47EAC249C0DF151
:102BA0009408FFF7F2B8049B002B08BF012304939D
:102BB000119B4AF48072002B0792C0F29B809DED1E
:102BC000108B0A900890FFF758BA06230493FFF77A
:102BD0003FBA002940F0A88030228DF87A200DF10C
:102BE0007B02303302F8013B1EABD31A1693FFF77A
:102BF000B6BA672715990B78FF2B00F0A780002441
:102C00000D9A204603E001300131FF2B08D093429A
:102C100006DAD21A4B78002BF5D10B780134F4E7A1
:102C200015910D920F900C940C9A0F9B18991344C8
:102C3000079A01FB0323079323EAE3730393FFF748
:102C4000A5BA129BD318194407916627D1E60D9BAC
:102C500007936EE51CA8B0EE480AF0EE680A03F090
:102C60003BFA00224FF07F5351EC100BDDF72AFDA9
:102C700002460B4643EC192B00220023DDF78AFFA6
:102C800008B101231C933C4B0B93B7E4119B3B4DC4
:102C90003B4A002BB6BF2D239DF86B308DF86B306F
:102CA0002AF0800AFEF7ECBC07F10F02D2B2012134
:102CB000FFF713BA51EC180B00220023DDF76AFF6F
:102CC00000287FF45EAE049BC3F101031C9359E618
:102CD000F4077FF54FAAFFF749BAC3F101031A447D
:102CE00022EAE2730792039367272DE5254A0A92A9
:102CF000FFF762BB0890FBE5224B0A93FFF7D1BBBD
:102D0000049A06F0010656EA020304D10123039354
:102D10006627079318E5129B01331A4422EAE273EF
:102D20000792039366270FE50DF17A0259E7099B95
:102D30009BF80170934653F8042B099342EAE27220
:102D40000492FEF7CEBA0F4A0A92B1E500230C9323
:102D50000F9369E702231693FFF701BA049CC2E6BA
:102D6000084A0A92F7E61AEE102A938943F04003C4
:102D70009381FEF798BB00BFB0B50208A8B5020862
:102D8000ACB5020860B6020870B50C468989ADF58D
:102D90008E6D21F00201ADF81410616E1B91E18976
:102DA000ADF81610E1690991616A0B911CA90291B5
:102DB00006914FF4806106460491079118A80021FE
:102DC000CDE90032089101F03BFEDDE9003202A9B5
:102DD0003046FEF711FA051E07DB02A9304601F066
:102DE000C1F9002818BF4FF0FF35BDF814305B065D
:102DF00003D5A38943F04003A381189801F022FE74
:102E000028460DF58E6D70BD10B51A4C002924684A
:102E10009AB02ADB009004904FF40270ADF80C00D9
:102E200013D001394FF6FF7002910591ADF80E00F5
:102E300069462046FAF748F9421C01DA8B232360E1
:102E4000009B00221A701AB010BD4FF6FF7002915D
:102E50000591ADF80E0069462046FAF735F9431C96
:102E600001DA8B2323601AB010BD8B2323604FF04F
:102E7000FF30F8E76401002438B50C46084D84465D
:102E8000114620461A4600232B606446E1F7DEF81F
:102E9000431C00D038BD2B68002BFBD0236038BD0D
:102EA0001CC8002438B5334B1B6805460C460BB1D3
:102EB0009A6B12B3B4F90C3018079AB225D5216970
:102EC00000292DD012F0010007D00020A060606919
:102ED0004042A06139B1002038BD950758BF6069F4
:102EE000A0600029F7D1120658BF0846F4D543F078
:102EF0004003A3814FF0FF3038BD184601F066F95A
:102F0000B4F90C3018079AB2D9D4D1062AD5520791
:102F100014D4216943F00803A3819AB20029D1D1C6
:102F200002F42070B0F5007FCCD02146284601F095
:102F3000A5FDB4F90C3021699AB2C3E7216B51B1F8
:102F400004F14002914204D0284601F0BFFAB4F9DE
:102F50000C300022226321690022C4E9001223F010
:102F60002403D7E7092243F040032A604FF0FF30E3
:102F7000A38138BD64010024024B13B1024800F064
:102F80000DB8704700000000F142020808B50620A5
:102F900003F036F90120E1F743F800BF00230146B2
:102FA0001A46184604F0A4BD38B5074D0022044661
:102FB00008462A60E1F758F8431C00D038BD2B685A
:102FC000002BFBD0236038BD1CC800242DE9F04F36
:102FD00003690C69A34283B0C0F28780013C01F110
:102FE0001405A30000F11408009355F8243058F894
:102FF0002420013381469A4208EB840005EB8407C4
:103000000190B2FBF3F63BD30023AE4640469B460D
:103010005EF804AB02681FFA8AFC06FB0C334FEA29
:10302000134C4FEA1A4A06FB0ACA1FFA83FCABEBA1
:103030000C0C1FFA8AF31CFA82FCC3EB124202EB5F
:103040002C421FFA8CFC4CEA0243774540F8043BC3
:103050004FEA224B4FEA1A43DAD2009B58F803306A
:1030600073B9019B043B984504D307E0984504F1EC
:10307000FF3403D253F80429002AF7D0C9F81040CE
:10308000484602F0CDFB00282BDB013640460023EA
:1030900055F8041BD0F800C08AB29A1A0B0C12FA29
:1030A0008CF2C3EB1C4303EB224392B242EA03428D
:1030B000AF4240F8042B4FEA2343E9D258F82420CA
:1030C00008EB84036AB9043B984504D307E09845AC
:1030D00004F1FF3403D253F80429002AF7D0C9F8C9
:1030E0001040304603B0BDE8F08F002003B0BDE8CB
:1030F000F08F00BF000000002DE9F04F2DED068B92
:1031000095B08DED020B0191016C249D099259EC53
:10311000108B0446069341B1426C4A6001239340F0
:103120008B6002F0C1F800232364B9F1000AB4BF38
:10313000012300232B607C4BBCBF2AF0004ACDF852
:103140000CA033EA0A0300F0B2809DED027B00225E
:1031500051EC170BB0EE479AF0EE679A0023DDF7BB
:1031600019FD074680B1069A01231360259B002BA9
:1031700000F0DB826D481860431E0093009815B084
:10318000BDEC068BBDE8F08F12AA13A92046B0EE65
:10319000490AF0EE690A02F09BFCB0EE498AF0EEB3
:1031A000698A5FEA1A56054640F09980DDE9127691
:1031B0003E4406F23240202840F3AB83C0F1400089
:1031C0000AFA00FA06F2124028FA00F04AEA000071
:1031D000DDF7FEF90123013E0D93A1F1F871544B87
:1031E0000022DDF7B7F84AA3D3E90023DDF76AFA36
:1031F00049A3D3E90023DDF7AFF88046304689467E
:10320000DDF7F6F946A3D3E90023DDF75BFA0246C2
:103210000B4640464946DDF79FF880468946DEF773
:10322000A5F900228346002340464946DDF7BCFC51
:10323000002840F06D82BBF1160F00F25C823D4B1E
:1032400003EBCB03D3E9002351EC190BDDF7ACFC06
:10325000002875D00023BE1B0C93731E0BF1FF3B9F
:10326000049300F14F8200230893BBF1000F6EDA44
:10327000089BCDF814B0A3EB0B030893CBF100032C
:103280000B93019B092B4FF0000B69D8052B40F3E2
:103290003E83043B01930026019B023B032B00F27B
:1032A0009986DFE813F04E044B0443042604069A83
:1032B00042F20F73CAF3130A13605AEA08031DD1CE
:1032C000259B002B00F07D861B4B00930833259A2D
:1032D0000098136015B0BDEC068BBDE8F08F18EEBA
:1032E000903AC3F3130351EC190B43F07F510D9740
:1032F000A6F2FF36129F41F4401170E7259B002B88
:1033000040F0DB830D4B009338E700BFAFF3008044
:1033100061436F63A787D23FB3C8608B288AC63FDB
:10332000FB799F501344D33F0000F07FE1B50208C2
:103330000000F83FD0B8020878B7020874B7020856
:10334000BE1B731E049300F19A840C900890049B9A
:103350005B44CDE9043B00230B93019B092B95D9DA
:10336000002301264FF0FF3201930A96079209933A
:10337000079B0F9300216164204601F06FFF0090CE
:10338000002800F02F86009B2364079B0E2B00F281
:10339000F980002E00F0F6800599002940F3718431
:1033A000BD4B01F00F0203EBC2034FEA2118C90520
:1033B000D3E9006740F10384B84B51EC190BD3E912
:1033C0000823DDF7A9FA41EC180B08F00F084FF0BD
:1033D000030AB8F1000F13D0DFF8C09218F0010F04
:1033E00009D030463946D9E90023DDF76BF90AF1F7
:1033F000010A06460F465FEA680809F10809EDD19F
:1034000051EC180B32463B46DDF786FA41EC1A0BBD
:103410000C9B5BB157EC1A6BA14B1AEE100A002201
:103420003946DDF7C1FB002840F052855046DDF7F4
:10343000DFF853EC1A2BDDF745F99A4B0022DCF745
:103440008BFF079B8046A1F15079002B00F0F3839E
:10345000059B1093079B0E930A9B002B00F0C084E2
:103460000E9A8D4B9049DDF800A003EBC20353E99F
:1034700002230020DDF750FA42464B46DCF76AFF94
:1034800059EC1A8B41EC180B49461AEE100ADEF77C
:103490006DF80746DDF7ACF802460B461AEE100A47
:1034A0004946DCF757FF30370AF8017B53EC182BFD
:1034B00006460F46DDF778FB002840F055854FF0B3
:1034C00000080AEE105ACDF844B055465BEC18AB34
:1034D00008EE104A44462AE00E9B01349C424BDA27
:1034E000724B504659460022DDF7ECF86F4B002234
:1034F00082468B4630463946DDF7E4F889468046F9
:10350000DEF734F80746DDF773F802460B4640460F
:103510004946DCF71FFF303705F8017B52465B4612
:1035200006460F46DDF740FB002840F0188532467E
:103530003B465B490020DCF70DFF52465B46DDF75A
:1035400033FB0028C8D0109B009A0593AA4618EEBA
:10355000104A1AEE105A02E0924500F0EA84D14671
:103560001AF8013D392BF7D00133DBB28AF800306D
:10357000059B01330593ABE1DDF844B01AEE105A18
:1035800018EE104A139B002BC0F29480059A0E2A65
:1035900000F39080404B03EBC203D3E90089099B01
:1035A000002B1BDA079B002B18DC40F05D83404B9F
:1035B000002240464946DDF785F802460B4651ECAD
:1035C000190BDDF7FBFADDF81CA05646002800F0C9
:1035D000D082099BDDF80080DF43D2E242464B46B1
:1035E00051EC190BDDF798F9DDF7C0FF064683466D
:1035F000DCF7FEFF42464B46DDF764F80B46024619
:1036000051EC190BDCF7A6FEDDF800A03346303391
:103610000AF8013B079B012B00F08E834FF0010B52
:1036200008EE105A08EE904A1D465446DA461DE050
:1036300042464B4630463946DDF76EF9DDF796FFD8
:103640008346DCF7D5FF42464B46DDF73BF80AF1EF
:10365000010A0B46024639463046DCF77BFE0BF189
:103660003003AA4504F8013B00F061830F4B0022B0
:10367000DDF728F80022002306460F46DDF78AFA18
:103680000028D5D0A24618EE105A18EE904A059B95
:1036900001330593D1461BE1D0B80208A8B802084F
:1036A0000000F03F00001C400000E03F000024400C
:1036B000000014400A9A002A3FD0019A012A40F3E0
:1036C0009C82079B03F1FF380B9B4345C0F26E823F
:1036D000A3EB0808079B002BC0F26683049A1A44E8
:1036E0000492089A17461A4408920121204601F0D4
:1036F000E3FE064625E00123BE1B0C93731E0493D4
:103700007FF5B1ADC6F10103089300230493ACE546
:103710005846DCF76DFF42464B46DDF73BFA002882
:103720007FF489AD0BF1FF3B85E5874B0093009853
:1037300015B0BDEC068BBDE8F08FDDF82C80089F3E
:103740000A9E002F0CDD049A002A09DD0899BA426E
:103750001346A8BF3B46C91AFF1AD31A089104930F
:103760000B9BDBB10A9B002B00F08282B8F1000FAB
:103770000FDD31464246204601F07AFF2A460146D7
:103780000646204601F0C6FE29460546204601F0C1
:103790008BFD0B9BB3EB080240F000830121204618
:1037A00001F08AFEBBF1000F824600F3B780019B57
:1037B000012B40F386814FF000080120BBF1000F80
:1037C00040F0B880049A104410F01F0000F096807A
:1037D000C0F12003042B40F3F883089BC0F11C00C8
:1037E00003440244089307440492089B002B05DD20
:1037F00029461A46204601F09BFF0546049B002BF4
:1038000005DD51461A46204601F092FF82460C9B88
:10381000002B40F03781079B002B40F31E810A9B51
:10382000002B40F0A180059B01330593DDF800805B
:10383000DDF81C90012707E0294600230A222046D4
:1038400001F03CFD0137054651462846FFF7BEFB17
:103850004F4500F1300008F8010BEDDB079A002A14
:10386000C8BF9346009AD8BF4FF0010B034693445C
:103870000027294601222046019301F059FF5146B5
:10388000054601F0CDFF002840F3A5811BF8013C5F
:10389000009A0BF1FF3B04E05A4500F0A7811BF8AA
:1038A000013D392B0BF10109F6D001338BF80030C3
:1038B0005146204601F0F8FC56B12FB1B74203D073
:1038C0003946204601F0F0FC3146204601F0ECFC80
:1038D0002946204601F0E8FC002389F80030DDE9A4
:1038E00005231A60259B002B3FF448AC0098C3F8D1
:1038F000009015B0BDEC068BBDE8F08F1C20089B36
:1039000003440893049B0344074404936DE7012692
:10391000C2E4C0F1200008FA00F059E401465A461A
:10392000204601F0A5FE019B012B824640F3D58184
:103930004FF00008DAF810300AEB8303186901F041
:103940006BFDC0F120003DE7E0B5020831460023E1
:103950000A22204601F0B2FC0F9B002B064640F3E2
:103960002383CDF814900793002F00F31881B8F14A
:10397000000F40F0FC81B046029B009F079903F0C6
:1039800001027B1E1944019B0A921343089109937B
:1039900051462846FFF71AFB31468346284601F078
:1039A0003FFF424651468146204601F05BFFC26818
:1039B00001460BF13003002A42D1049028460793B8
:1039C00001F02EFF04990290204601F06DFC029A4E
:1039D000079B1AB90999002900F0D682B9F1000FA6
:1039E000C0F28781019949EA01090A9951EA09015E
:1039F00000F07F81002A00F3E781089A3B7007F10D
:103A000001099742CB4600F0E581294600230A22AE
:103A1000204601F053FC4645054631464FF0000371
:103A20004FF00A02204612D001F048FC41460646FB
:103A300000230A22204601F041FC4F468046A7E7BA
:103A40002046029301F030FC029B0122C6E701F000
:103A500035FC4F46064680469AE7019B022B77DCF1
:103A60000A9B002B80D1059B5146013328460593C4
:103A7000FFF7ACFADDF800B000F130030BF8013BC2
:103A80000027F6E65146284601F0CAFE0028BFF698
:103A9000C2AE294600230A22204601F00FFC059BF6
:103AA00003F1FF390A9B0546002B7FF44FAF0F9BB4
:103AB000002B40F370820793B8E6BD4B00930333AD
:103AC00005E4DDE9021200297FF475AEC2F31303A9
:103AD000002B7FF470AEB74B1340002B00F03D82FB
:103AE000089B01330893049B013304934FF00108B2
:103AF00063E601230A93099B059A13440F9301334C
:103B0000012B1F460793B8BF01270021172F6164BF
:103B10007FF732AC012204235B0003F11400B842AA
:103B2000114602F10102F7D9616425E401230A93E9
:103B3000099F002F4ADD0F970797E6E700230A93B6
:103B4000D9E700230A93F3E70F9BCDF8149007936E
:103B5000079B002B7FF43DAD51460522204601F026
:103B6000ADFB01468246284601F05AFE00287FF749
:103B700030AD0098059F3123804600F8013B0137A6
:103B800000905146204601F08FFB7B1CDDF8009031
:103B90000593CDF80080002E7FF496AE98E631466E
:103BA0003A46204601F0C4FD0646E0E60B9BCDF800
:103BB0002C80A8EB03039B444FF000088AE54FF0EC
:103BC000020AB0EE498AF0EE698A02E40123099301
:103BD0000793FFF7CDBB03D1019BDB073FF556AE43
:103BE000D9461BF8013D302BFAD061E6059B009ABF
:103BF00001330593312313705AE60D9A002A00F021
:103C0000638103F23343049ADDF82C801A44049252
:103C1000089A17461A44089267E55046DCF7E8FC14
:103C200053EC1A2BDCF74EFD634B0022DCF794FBC0
:103C30008046A1F15079614B002251EC1A0BDCF760
:103C400089FB42464B4606460F46DCF7CBFF002871
:103C500040F07F8130463946424609F10043DCF7A7
:103C6000A3FF00283FF48EAC4FF0000A5646B0E4A4
:103C700029460B9A204601F0FBFC05468EE50C9088
:103C800040E500F04E81059A4D4B564206F00F027A
:103C900003EBC203D3E9002351EC190BDCF712FD4F
:103CA000361141EC1A0B00F08881464F00234FF08B
:103CB000020AF20706D5D7E90023DCF703FD0AF173
:103CC000010A0123761007F10807F2D1002B3FF417
:103CD0009FAB41EC1A0BFFF79BBB029B002B7FF4C1
:103CE00027AEDDE90212C2F31303002B3FF4F3AE5B
:103CF0001EE6002A12DD294601222046019301F02A
:103D000017FD5146054601F08BFD0028019B40F34D
:103D10003581392B00F013810BF13103B94609F8D5
:103D2000013B059B0133374605934646C0E5A24655
:103D300018EE105A18EE904A02460B46DCF70CFBC0
:103D400042464B4606460F46DCF74CFF60B94246FA
:103D50004B4630463946DCF71DFF00283FF497AC50
:103D60005FEACB717FF593AC009AFFF7F8BB7168FF
:103D7000204601F073FA0746002800F03A813369C3
:103D800002339A0006F10C010C30DDF707F93946D1
:103D90000122204601F0CCFC8046EDE52946204674
:103DA00001F066FC0546F9E4DDE907239F1A9CE46F
:103DB00074B702080000F07F00001C4000001440AF
:103DC000D0B80208A8B80208392B00F0B880B9466C
:103DD0000133A4E7059A013237460592464648E585
:103DE0000E988D4901EBC00142464B4651E9020154
:103DF000DCF768FC5AEC1A9B41EC180B51461AEEA2
:103E0000100ADDF7B3FB0746DCF7F2FB02460B4670
:103E10001AEE100A5146DCF79DFA06460E98DDF8B8
:103E200000803037012808F8017B0F4600F0BA8087
:103E30000E9B009ACDF838B013449B46C246774B90
:103E4000002230463946DCF73DFC89468046DDF7E6
:103E50008DFB0746DCF7CCFB303702460B4640466D
:103E60004946DCF777FA0AF8017BDA4506460F4641
:103E7000E5D1DA46DDF838B0694B59EC188B0022F1
:103E800018EE100A4946DCF767FA32463B46DCF783
:103E90008BFE00286DD118EE102A4B466049002099
:103EA000DCF758FA32463B46DCF79CFE00283FF42C
:103EB00069ABD1460AF1FF3A19F8013C302BF8D032
:103EC000109B0133059303E5129BC3F136039AE679
:103ED000079B002B3FF4A1AE0F9B002B7FF752AB4B
:103EE000059A0E93013A4D4B10921AEE100A39467C
:103EF0000022DCF7E7FB024616460F460AF10100F6
:103F0000DCF776FB32463B46DCF7DCFB454B002218
:103F1000DCF722FA47EC1A6B8046A1F15079FFF7E3
:103F20009BBA4FF0020AB0EE49AAF0EE69AAFFF779
:103F30006FBA059B013305933123FFF717BB059B30
:103F4000BB4601330593392337460BF8013B464600
:103F50009EE44FF0000A56460BE698462DE4AA462A
:103F600018EE104A1AEE105A109B01330593D146F1
:103F7000AEE4109B009A0593FFF7F1BA7FF4CEAE42
:103F8000DA077FF5CBAEC4E6392BD8D0B9F1000FF4
:103F90003FF7C2AEC2E6019B022B3FF7D5ADCDF88D
:103FA000149060E5C24667E7019B022B3FF7CCAD5A
:103FB0000F9BCDF814900793D6E44FF0020AFFF759
:103FC00027BA194B0093FFF7D9B83FF40EACC0F1F4
:103FD0003C0094E4002666643146204601F03EF938
:103FE000009068B9114B124800224FF4D571F8F7D0
:103FF000E7FB0E4B0E483A4640F2EA21F8F7E0FBA9
:10400000009B236401224FF0FF3309960F930A921D
:104010000793FFF7B7BA00BFD0B8020800002440EA
:104020000000E03F00001C4078B7020884B7020897
:1040300098B70208B1F90C202DE9F0410C461107A0
:10404000804647D4636842F40062002BA2815EDDA3
:10405000A56A002D58D00023D8F80060C8F80030B9
:1040600093B212F4805256D10123E1694046A84729
:10407000431C67D0A389A56A5F0705D56368C01A8A
:10408000236B0BB1E36BC01AE16902460023404683
:10409000A847411C41D1D8F80030002B3DD01D2B42
:1040A00001D0162B56D1A3892269226023F4006324
:1040B00000216160A381216BC8F8006021B304F185
:1040C0004003994202D0404600F000FA00202063ED
:1040D000BDE8F0812669BEB193B2256826609A07D3
:1040E0000CBF63690023AD1BA3600BE02B46324677
:1040F000E169676A4046B847B0F1000CA5EB0C05D2
:10410000664417DD002DF1DC0020BDE8F081E36B93
:10411000002B9DDCF8E7206DAEE7B4F90C30226986
:10412000226023F40063A3810022DB046260C2D515
:104130002065C0E7A38943F040034FF0FF30A3811F
:10414000BDE8F081D8F80030002B93D01D2B06D0AD
:10415000162B04D0A38943F04003A381D5E7C8F808
:104160000060D1E738B50C46054608B1836BA3B1B2
:10417000B4F90C00B8B1636EDB0701D4810515D525
:1041800028462146FFF756FF636EDA07054602D43C
:10419000A3899B050ED5284638BD00F017F8B4F961
:1041A0000C000028E7D10546284638BDA06D00F078
:1041B0004BFCE5E7A06D00F049FC284638BD00BF88
:1041C000014900F001BC00BFF57B02082DE9F04772
:1041D0008246394800F038FCDAF83840002C66D1C5
:1041E000DAF80450354ACAF83C200323CAE9B84338
:1041F000DFF8DC90DFF8DC80314F324E04230AF523
:104200003B72CAF8E8222146C5E90243C5E90044E9
:10421000C5E904446C660822AC6105F15C00F8F75E
:1042200031FBC5E90759C5E90987EE6205F1580078
:1042300000F006FCDAF80850234BEB602146C5E994
:104240000044C5E904446C66AC60AC61082205F129
:104250005C00F8F717FBC5E90759C5E90987EE6265
:1042600005F1580000F0ECFBDAF80C50174BEB604E
:104270002146C5E90044C5E904446C66AC60AC6104
:10428000082205F15C00F8F7FDFA05F15800C5E9D0
:104290000759C5E90A76C5F8248000F0D1FB01234F
:1042A000CAF838300448BDE8F04700F0CFBBBDE89D
:1042B000F047014800F0CABB2CC80024C1410208E5
:1042C0005DCC01087DCC010809000100120002004C
:1042D000F5CB01081DCC0108014800F0B5BB00BFBB
:1042E00028C80024014800F0B1BB00BF28C8002442
:1042F00038B5084B084D5B1B9C1007D0043B1D4490
:10430000013C55F804399847002CF9D1BDE83840F4
:1043100004F03CB9B0BB0208ACBB02082DE9F04781
:1043200082B082468846144600F080FB012803D103
:1043300008F1FF33FE2B36D9424604F15C0301A994
:10434000504603F0A9FB421C064632D030B39DF81C
:1043500004C00DF10509002509E023685A1C2260FC
:1043600083F800C00135B54218D219F801CBA36813
:10437000013B002BA360F0DAA769BB4261462246ED
:10438000504602DBBCF10A0FE7D103F02DFB431CC2
:10439000E8D10646304602B0BDE8F08746463046D2
:1043A00002B0BDE8F0875FFA88FC8DF804C00646CD
:1043B000CFE7A389304643F04003A38102B0BDE8B4
:1043C000F08700BF30B5536E13F0010FB2F90C3017
:1043D000144683B005469AB201D198051CD59004C5
:1043E00006D4626E43F4005342F40052A381626625
:1043F00022462846FFF792FF636EDA07054602D48D
:10440000A3899B0502D5284603B030BDA06D00F0FE
:104410001DFB284603B030BDA06D019100F014FBD8
:10442000B4F90C3001999AB2D9E700BFF8B5244F1E
:104430000C46064600F006FFBA685568C4F57E6370
:104440000F3325F003052B4423F47F6323F00F0380
:10445000A3F58054B4F5805F07DB0021304601F0FE
:1044600071FEBB682B44984204D0304600F0F0FE49
:104470000020F8BD6142304601F064FE01300DD0ED
:10448000104ABB682D1B45F001055D60136830467E
:104490001B1B136000F0DCFE0120F8BD002130463C
:1044A00001F050FEBA68831A0F2BDEDD43F00103E2
:1044B0005360054B03491B68C01A0860D5E700BF6D
:1044C0000007002430C80024080B0024002961D014
:1044D000F8B50C46064600F0B5FE54F8042C7B4FA8
:1044E000A4F1080522F0010105EB010CB868DCF825
:1044F0000430604523F0030300F08B80D207CCF832
:10450000043032D454F8082CAD1A1144AA6807F1CB
:10451000080082426AD00CEB0304D4F804E0EC6893
:10452000D4601EF0010FA26000F0978041F00103FB
:104530006B60CCF80010B1F5007F35D27A68CB08FB
:1045400048090121013381401143796007EBC3021F
:1045500057F83310083AC5E9021247F83350CD60D6
:104560003046BDE8F84000F073BE0CEB0302526821
:10457000D00710D4194407F10800DCF80830834252
:1045800073D0DCF80C20DA60936041F001036B60BB
:104590006950D0E7704741F00103B1F5007F44F85E
:1045A000043CCCF80010C9D3B1F5206F4FEA512379
:1045B00048D28B0903F1390003F13802C300F8181F
:1045C000FB580838984259D05A6822F003028A42B0
:1045D00002D99B689842F7D1D868C5E90230856056
:1045E000DD603046BDE8F84000F032BE0CEB03025F
:1045F0005268D20763D40B44DCE90212CA609160AE
:1046000043F001026A603046EB50BDE8F84000F02C
:104610001FBE0B44D10707D454F8082CAD1A13441D
:10462000D5E90212CA60916043F001026A60284A2B
:10463000BD6012689A4293D8264B30461968FFF73E
:10464000F5FE8DE7142B0AD9542B1FD80B0B03F161
:104650006F0003F16E02C300B1E719448DE703F167
:104660005C0003F15B02C300A9E741F00103C7E965
:104670000455C5E902006B60695071E779689210D2
:10468000012404FA02F20A437A60A6E7B3F5AA7F8E
:1046900006D8CB0B03F1780003F17702C3008EE755
:1046A00040F25452934206D88B0C03F17D0003F183
:1046B0007C02C30083E74FF47E737E227FE741F0E4
:1046C00001036B60CCF800104AE700BF000700242C
:1046D0000C0B002460C800249368002B00F0858038
:1046E0002DE9F04FB1F90C300C461907804683B024
:1046F000174698B225D523691BB310F002033D6815
:104700002DD04FF0000ADFF8BCB25646B9465E45E0
:104710003346524628BF5B464046002E52D0E169E0
:10472000676AB847002856DDD9F808301B1A82445A
:10473000361AC9F80830002BE9D1002003B0BDE8D3
:10474000F08F21464046FEF7ADFB002840F0368151
:10475000B4F90C303D6898B210F00203D1D110F0DA
:10476000010944D14E46009746B38205D4F808B0FB
:1047700040F18380B3455A4600F2B28010F4906F46
:1047800040F0BF8020680192494600F0DFFCA3683A
:10479000019AA3EB0B012368A1601344B246236086
:1047A0000026009B9868A0EB0A00D144986000287E
:1047B000C3D0B4F90C0080B2002ED6D1D5E9009652
:1047C0000835D1E7D5E900A60835A0E721464046DF
:1047D000FFF7C8FC80B3B4F90C3043F040034FF04E
:1047E000FF30A38103B0BDE8F08F002070471E4664
:1047F000AA46994618461D46009756B388B34A46BE
:10480000D4E904132068B24228BF3246884205D951
:10481000A16803EB010B5A4500F3A680934263DCC9
:10482000E169676A2A464046B847B0F1000BD2DD1D
:10483000B9EB0B09CAD00120009A9368A3EB0B03D4
:104840005D44A6EB0B069360002B3FF476AF002E81
:10485000D4D10AF1080353E902569A460833002ED0
:10486000F9D032460A212846DCF71AFE002800F06B
:104870009C800130A0EB0509C1E7206823699842BC
:1048800016D86369B34213D86FF00042B24228BF12
:104890003246E16992FBF3F2676A02FB03F340469A
:1048A0004A46B847B0F1000A95DDA6EB0A0678E75C
:1048B000B345DA4628BFB2465246494600F046FCA8
:1048C000A3682268A3EB0A035244A3602260002B72
:1048D000EBD121464046FFF745FC0028E5D07AE7BA
:1048E0002068B34632464EE72946019200F02EFC7E
:1048F000019AA3689B1AA36023681344236093461C
:1049000096E723682169A3EB010B636903EB430A74
:104910000AEBDA7A0BF101034FEA6A0A3344534592
:10492000524684BF9A46524643052CD5114640460E
:1049300000F024F900283BD05A4621690190DCF7A9
:104940002DFBA289019B22F4906242F08002A28199
:1049500003EB0B002361AAEB0B03C4F814A0A360C4
:104960002060B34632460EE729465A4600F0EEFB79
:1049700023685B44236021464046FFF7F3FB002891
:104980003FF456AF27E7404601F0BAF90346002846
:10499000DED121694046FFF799FDB4F90C300C22B5
:1049A00023F08003C8F8002017E7721C914627E720
:1049B0000C22B4F90C30C8F800200EE74FF0FF309D
:1049C000BCE600BF00FCFF7F2DE9F84307468846A0
:1049D00000F538764FF00009D6E90154013D11D4B5
:1049E000A389012B05F1FF3508D9B4F90E30013345
:1049F000214603D03846C04749EA00096B1C04F140
:104A00006804EDD13668002EE6D14846BDE8F8834B
:104A1000002100F001B800BFFF289DBF024BC05C21
:104A200000F008000020704771B60208014B93F8AF
:104A3000280170479405002400487047840600242C
:104A4000704700BF704700BF704700BF704700BF8E
:104A500038B50C46084D8446114620461A460023B8
:104A60002B606446DFF70AFB431C00D038BD2B687F
:104A7000002BFBD0236038BD1CC800242DE9F04179
:104A80008B890C46990796B008D504F1430301229F
:104A9000C4E90432236016B0BDE8F081B4F90E1009
:104AA0000029064627DB6A4603F00AF9002821DBC5
:104AB000019D05F47045A5F50055B5FA85F54FF44F
:104AC00080686D094FF400674146304600F056F8A3
:104AD000B4F90C30F0B1204AF26343F08003C4F81B
:104AE0001480A3812060206135BB3B43A38116B0B5
:104AF000BDE8F081A38913F0800519D04FF040087C
:104B00004146304600F03AF80025B4F90C302F4603
:104B10000028E0D19A05BED423F0030304F1430238
:104B200043F002030121C4E90421A3812260B2E71A
:104B30004FF480682F46C7E7B4F90E10304603F0F3
:104B400005FD10B9B4F90C30CFE7A38923F00303B6
:104B500043F001031BB2C8E7C1410208024B014602
:104B6000186800F00BB800BF64010024024B014636
:104B70001868FFF7ABBC00BF640100242DE9F04FBB
:104B800001F10B06162E83B0044624D8102900F23A
:104B9000BA8000F057FB102618220220B54F3A4485
:104BA000A2F1080153688B4200F0BA805A68D968B4
:104BB00022F003021A449D68E9608D60516841F05B
:104BC00001012046516003F1080500F041FB284631
:104BD00003B0BDE8F08F36F0070600F19480B142D3
:104BE00000F2918000F02EFBB6F5FC7FC0F09A81B8
:104BF000730A00F08F80042B00F26F81B30903F178
:104C0000390003F1380CC3009A4F3B44A3F1080567
:104C10005B689D4206D10CE0002980F22781DB68A9
:104C20009D4206D05A6822F00302911B0F29F3DD42
:104C300060463D69DFF850C265457CD06A6822F065
:104C40000302931B0F2B00F37B81002BC7E904CCDD
:104C500080F26C81B2F5007F80F01A81D308796808
:104C600001334FEA521E012202FA0EF20A4357F8AC
:104C700033E0C5F808E007EBC3010839E9607A6062
:104C800047F83350CEF80C508310012199409142DF
:104C900057D8114206D120F003004900114200F11B
:104CA0000400FAD007EBC0094D468646D5F80C80C3
:104CB000454508D11DE1002B80F22481D8F80C80F5
:104CC000454500F01681D8F8042022F00302931B1A
:104CD0000F2BF0DD2046D8E9025408EB060146F020
:104CE0000106C8F80460EC60A56043F00104C7E960
:104CF0000411C1E902CC4C6048F8023000F0A8FA77
:104D000008F1080502E00C2323600025284603B0C3
:104D1000BDE8F08F4FF4007340204FF03F0C73E775
:104D2000D3689A4208BF02307FF440AF3D69DFF894
:104D300058C1654582D17A6883100121994091421A
:104D4000A7D9BD686B6823F003094E4503D8A9EBCA
:104D500006030F2B7ADCDFF834B1474BDBF8002079
:104D60001B680132334405EB090A00F0338103F577
:104D700080530F3323F47F6828F00F084146204604
:104D800001F0E0F9411C024600F0F380824500F298
:104D9000EE803A4B196841441960084600F04E8194
:104DA000DBF80010019301311BBFA2EB0A0A50444B
:104DB000CBF80020186012F0070B00F01781CBF140
:104DC00008010A44CBF5805190440831A1EB080159
:104DD000C1F30B0A51462046009201F0B3F9421C80
:104DE000DDE9002300F04F81801A00EB0A08196802
:104DF000BA6048F001005144BD425060196000F0B3
:104E00002981B9F10F0F40F227816868A9F10C0CD4
:104E10002CF0070C00F0010040EA0C0068604FF035
:104E2000050E05EB0C00BCF10F0FC0E901EE00F21E
:104E3000328150681546124B1A688A4238BF196091
:104E4000104B1A688A4238BF196094E0AA1943F0DF
:104E5000010346F001066E602046BA60536000F020
:104E6000F7F90835284603B0BDE8F08FD9681A4431
:104E7000A1E600BF0007002460C8002430C8002459
:104E800058C800245CC8002408070024080B00242C
:104E9000B2F5206F4FEA522363D3142B00F2B78090
:104EA00003F15C01C9005B3307EB010E7958AEF1E9
:104EB000080E8E4500F091804B6823F00303934267
:104EC00002D989688E45F7D1D1F80CE07A68C5E936
:104ED000021ECEF80850CD60D6E6142B59D9542BBB
:104EE00000F29D80330B03F16F0003F16E0CC300E1
:104EF0008AE60EF1010E1EF0030F05F108057FF49E
:104F0000D5AE51E0424445465368D8F80C1043F002
:104F10000103536055F8083F2046D9608B6000F0CC
:104F200097F9F3E6F00806F1080237E62A4420462E
:104F3000536843F001035360083500F089F9E5E652
:104F4000A919204646F0010643F001046E60C7E946
:104F50000411C1E902CC4C60AB5000F079F908357E
:104F6000D4E6930903F13901C90038339CE7BD4207
:104F70005FD0BD68686820F003084645A8EB0603CB
:104F800002D80F2B3FF762AF204600F061F90025F1
:104F9000BCE603F15C0003F15B0CC30034E659F896
:104FA00008394B4540F0968010F0030F00F1FF30B8
:104FB000F5D17B6823EA01037B60490099423FF603
:104FC000C0AE19B9BDE649000EF1040E1942FAD07F
:104FD000704667E603F11008D0E69A104FF001081A
:104FE0007B6808FA02F21A437A6070E702EB080164
:104FF0004942C1F30B0A51462046009201F0A2F843
:10500000431CDDE900237FF4EFAEDA46EFE6542BD4
:1050100025D8130B03F16F01C9006E3344E7B3F5D4
:10502000AA7F25D8F30B03F1780003F1770CC300B6
:10503000EAE5294B186840441860B1E6CAF30B0C46
:10504000BCF1000F7FF4ACAEBD68C84448F001006D
:105050006860F0E61546EEE60123536094E7B3F589
:10506000AA7F23D8D30B03F17801C90077331BE75C
:1050700040F25452934223D8B30C03F17D0003F164
:105080007C0CC300C0E5ABF1080BD844A8EB0208C8
:105090004FF0000AABE605F1080120460093FFF748
:1050A00015FABD68009B68681968C4E640F254515F
:1050B0008B420BD8930C03F17D01C9007C33F3E6DE
:1050C0004FF47E737F204FF07E0C9DE54FF47E7190
:1050D0007E23E9E67B6870E730C8002470B582B0B3
:1050E0000546069C42B10C4E0094D6F8E460B047E9
:1050F000431C0BD002B070BD074B0094D3F8E460A2
:1051000011460123054AB047431CF3D100228A23EC
:1051100022602B6002B070BD94050024A0A7020895
:1051200082B049B15AB16BB113780B601278101E7E
:1051300018BF012002B0704701A9002AF3D1104620
:1051400002B070476FF00100F4E700BF88420DD94C
:105150008B1883420AD900EB020CBAB1624613F8ED
:1051600001CD02F801CD9942F9D170470F2A0ED82E
:10517000034602F1FF3C4AB10CF1010C013B8C44A7
:1051800011F8012B03F8012F6145F9D1704740EA6E
:1051900001039B0750D1A2F1100370B501F1200C5F
:1051A00023F00F0501F1100E00F11004AC441B09AF
:1051B0005EF8105C44F8105C5EF80C5C44F80C5C23
:1051C0005EF8085C44F8085C5EF8045C44F8045C33
:1051D0000EF1100EE64504F11004E9D1013312F08E
:1051E0000C0F01EB031102F00F0400EB031327D0A7
:1051F000043C24F003064FEA940C1E441C1F8E4608
:105200005EF8045B44F8045FB442F9D10CF1010488
:1052100002F0030203EB840301EB840102F1FF3C83
:105220004AB10CF1010C013B8C4411F8012B03F83D
:10523000012F6145F9D170BD02F1FF3C03469BE7A8
:105240002246EBE70148FFF7FFBB00BF24C800245C
:105250000148FFF7FBBB00BF24C80024C36C70B536
:1052600005460C464BB153F8240080B1026843F860
:1052700024200023C0E9033370BD2122042102F061
:105280007DFC0346E8640028EDD1002070BD0121BB
:1052900001FA04F6721D9200284602F06FFC002805
:1052A000F3D0C0E90146E4E731B1C36C4A6853F872
:1052B0002200086043F82210704700BFF0B50C6967
:1052C000064683B00D4601F1140E0020DEF80010F2
:1052D0001FFA81FC02FB0C334FEA134C090C02FB52
:1052E00001CC01309BB203EB0C4384424EF8043BEB
:1052F0004FEA1C43EADC3BB1AA68A24207DD05EB9A
:105300008402013453612C61284603B0F0BD696802
:10531000019301313046FFF7A1FF019B0746B8B169
:105320002A690193023205F10C0192000C30DBF77F
:1053300035FEF26C6968019B52F82100286042F842
:1053400021503D4605EB8402013453612C61DBE7BB
:10535000024B03483A46B521F7F732FA84B7020800
:1053600028B802082DE9F8430C4628491F4616467E
:1053700003F1080281FB0231092F4FEAE27305466F
:10538000C3EB610339DD4FF0010C00214FEA4C0CF7
:10539000634501F10101F9DC2846FFF75FFF014693
:1053A00068B3089B4361092E4FF00103036112DCCF
:1053B0000A340926B7420BDDBE1B264414F8013B14
:1053C0000A22303B2846FFF779FFA6420146F5D175
:1053D0000846BDE8F88304F10909C846344418F8C2
:1053E000013B0A22303B2846FFF768FFA0450146F3
:1053F000F5D1A6F108044C44DCE70021CCE70A46CD
:10540000034B0448CE21F7F7DBF900BF398EE338B0
:1054100084B7020828B80208030C1B04D3B900049F
:10542000102310F07F4F04BF0002083310F0704FBC
:1054300004BF0001043310F0404F04BF800002336A
:10544000002805DB10F0804F03F1010308BF202383
:10545000184670470023E4E7036813F0070201468B
:1054600007D0DA071FD4980721D55B080B6001200D
:10547000704798B2A0B11046DAB20AB908301B0AD8
:105480001A0704BF1B0904309A0704BF9B080230A7
:10549000DA0703D45B0800F1010006D00B60704707
:1054A0001B0C1020E8E700207047202070479B0865
:1054B0000B600220704700BF38B5C36C04460D4630
:1054C0004BB15868B0B102685A6000220123C0E9AC
:1054D0000435C26038BD2122042102F04FFB03468F
:1054E000E0640028EDD1094B094800224FF4A07177
:1054F000F7F766F91C220121204602F03FFB002845
:10550000F1D001220223C0E90123DEE784B70208BB
:1055100028B802082DE9F04F0E691569AE4285B032
:105520008846144605DB2A46234635460C46164671
:105530009846A3686168AF19BB42B8BF0131FFF755
:105540008DFE0190002800F08780019B03F1140973
:1055500009EB870AD14505D24B46002243F8042BBC
:105560009A45FBD808F1140808EB860B04F11403E4
:10557000D8451A4603EB85055FD22B1B153B23F05C
:10558000030304331534A54238BF0423CDE902A731
:10559000AC461F46924605E0000C29D1C34509F1EF
:1055A000040948D958F8040B85B2002DF4D05646AA
:1055B0004C46002356F8040B216882B21FFA81FE84
:1055C00005FB02EE000C0A0C734405FB002202EB03
:1055D00013429BB243EA0243B44544F8043B4FEA0A
:1055E0001243E7D849F8073058F8040C000CD5D01E
:1055F000D9F80030544619464D4600222688090C39
:1056000000FB06110A449BB243EA024345F8043BFF
:1056100054F8046B2968360C8BB200FB063303EB9D
:105620001243A4454FEA1342E8D8C34549F807306E
:1056300009F10409B6D8DDE902A7002F02DC05E074
:10564000013F03D05AF8043D002BF9D0019B1846C6
:105650001F6105B0BDE8F08F034B0448019A40F28A
:105660005D11F7F7ADF800BF84B7020828B802084B
:1056700012F003032DE9F0411446064632D10D46DF
:10568000A41020D0D6F84880B8F1000F33D0E3073B
:105690004FF0000707D4641015D0D8F80000A8B167
:1056A0008046E307F7D5424629463046FFF732FFEA
:1056B000B5B16968F36C641053F821202A6043F88F
:1056C00021500546E9D12846BDE8F08142464146D1
:1056D0003046FFF71FFFC8F8000007608046E0E78C
:1056E0000546D8E7013B0F4A52F823200023FFF775
:1056F000E5FD0546C4E701213046FFF7AFFD8046D2
:1057000040B1012340F27122C0E904320023B064A9
:105710000360BCE7044B054842464FF4A071F7F71D
:105720004FF800BF98B9020884B7020828B80208E9
:105730002DE9F0470C4690462669A368496806EBB8
:105740006216751C9D4207464FEA621904DD5B0034
:105750009D4201F10101FADC3846FFF77FFD8446E6
:10576000002851D0B9F1000F00F114000EDD09F14D
:1057700005024FEA820E03460CEB8202002143F839
:10578000041B9342FBD1AEF114031844216904F1C8
:10579000140318F01F0803EB81012DD0C8F1200974
:1057A00086464FF0000A1A6802FA08F242EA0A0234
:1057B0004EF8042B53F8042B994222FA09FAF2D836
:1057C0000B1B153B23F00303043304F11502914234
:1057D00038BF0423BAF1000F18BF2E4640F803A0CB
:1057E000FB6C6268CCF8106053F8221021606046B0
:1057F00043F82240BDE8F087043853F8042B40F802
:10580000042F9942F9D8EBE7034B0448624640F273
:10581000D911F6F7D5FF00BF84B7020828B80208EF
:105820000B6984460069C01A16D10CF1140C1431AE
:105830000CEB830210B401EB830301E0944508D222
:1058400052F8044D53F8041D8C42F7D005D24FF0A6
:10585000FF305DF8044B7047704701205DF8044B42
:10586000704700BF2DE9F84F0F691369FF1A002F29
:105870000E4690467AD101F11405143202EB8302F0
:1058800005EB830301E09D4273D253F8041D52F8E7
:10589000044DA142F7D064D37168FFF7DFFC814665
:1058A000002872D03569D8F81020C76008F1140EAE
:1058B00006F1140009F1140A06F1100C0EEB820235
:1058C00000EB8507564600215EF8044B5CF804BFE8
:1058D000A3B211FA8BF1CB1A210CC1EB1B4101EBE6
:1058E00023419BB243EA0143724546F8043B4FEA29
:1058F0002141E9D8A2EB0804153C08F115084245FE
:1059000024F0030606F1040638BF0426304424F0D0
:10591000030238BF002287425244B24416D9564689
:10592000044654F8043B11FA83F10A1402EB1342C3
:1059300089B241EA0243A74246F8043B4FEA2241BA
:10594000EFD87A1E101A20F00302524423B952F8FD
:10595000043D013D002BFAD0C9F810504846BDE87F
:10596000F88F334601274646984695E7F9DB00272E
:1059700092E70021FFF772FC814668B10122002303
:10598000C9E904234846BDE8F88F074B07484A4653
:105990004FF41071F6F714FF034B04484A4640F2E7
:1059A0003221F6F70DFF00BF84B7020828B80208BD
:1059B00082B08DED000B154B019A1340A3F150738B
:1059C000002B05DD0020194641EC100B02B070479A
:1059D0005B42B3F1A07F4FEA235208DA4FF4002371
:1059E000002043FA02F141EC100B02B07047143A68
:1059F0001E2ADABF4FF0004323FA02F201220021EF
:105A0000104641EC100B02B0704700BF0000F07F61
:105A1000F8B5046900F1140606EB8404271F54F856
:105A2000045C2846FFF7F8FCC0F120030A280B604D
:105A300031DDBE421BD20B3854F8081C23D0C0F114
:105A4000200C854021FA0CF72F43A4F1080547F0FC
:105A50007F53AE4243F4401336D2814054F80C0CCD
:105A600020FA0CF00843024643EC102BF8BD0B382B
:105A700008D005FA00F040F07F53002043F44013B3
:105A80000246F1E7014645F07F5343F440130A46CE
:105A900043EC102BF8BDC0F10B0C25FA0CF1BE4203
:105AA00041F07F5338BF54F8081C00F1150034BF93
:105AB00021FA0CF1002105FA00F043F4401340EA0A
:105AC000010243EC102BF8BD01FA00F00246CBE7CF
:105AD0002DE9F043884683B0012157EC106B154641
:105AE000FFF7BCFB044600284FD0C7F30A59C7F3A1
:105AF0001303B9F1000F01D043F48013002E01937A
:105B000024D068460096FFF7A7FC002839D0DDE9CD
:105B10000013C0F1200203FA02F20A43C34062619B
:105B20000193002B14BF02220122A3612261B9F16B
:105B3000000F16D0A9F233430344C0F13500C8F872
:105B400000302860204603B0BDE8F08301A8FFF7CD
:105B500083FC019B6361012220302261B9F1000FB7
:105B6000E8D104EB8203A0F23240C8F800001869C3
:105B7000FFF752FCC0EB42102860204603B0BDE89E
:105B8000F083009B6361019BCBE7034B03482246F4
:105B900040F20A31F6F714FE84B7020828B802086A
:105BA0002DE9F04383B00E4669460746FFF730FF04
:105BB00001A9304655EC104BFFF72AFF3B693169CC
:105BC000591ADDE90023D31A03EB4113002B51ECE2
:105BD000100B0DDD05EB03594D4602460B462046E2
:105BE0002946DAF799FE41EC100B03B0BDE8F083CB
:105BF000C3EB033301EB03573946EEE70139491193
:105C000001F1010C116902F1140303EB81018B42D4
:105C100000EB8C0C16D210B5A0F1040E53F8044B17
:105C20004EF8044F9942F9D88B1A153B23F0030321
:105C300004331844844504D9002340F8043B8445C8
:105C4000FBD810BD844505D9002340F8043B8445AA
:105C5000FBD87047704700BF03694A11934200F1B7
:105C6000140009DA00EB830302E053F8042DCAB9EB
:105C70008342FAD80020704711DD11F01F010ED0C9
:105C800010B450F8224000EB820324FA01F202FA29
:105C900001F18C420CD001205DF8044B704700EB01
:105CA0008203E5E70120704753F8042D002AF2D162
:105CB0008342F9D800205DF8044B704738B50C4694
:105CC000084D8446114620461A4600232B60644640
:105CD000DEF7ACF9431C00D038BD2B68002BFBD09D
:105CE000236038BD1CC8002410B4044C03460A4687
:105CF00020685DF8044B194600F002B864010024E6
:105D00002DE9F84F1746002900F0988007F10B05A0
:105D100080460C46FFF796FA162D5DD810252A46C8
:105D2000AF425ED854F8041C21F003069642A4F159
:105D3000080962DABC4BD3F808C009EB06008445B9
:105D400000F09780D0F804C02CF0010303445B6896
:105D5000DB0768D42CF0030C06EB0C03934247DA04
:105D6000CB0710D454F8083CA9EB030ADAF8043046
:105D700023F003018C44B444944580F211817318DC
:105D8000934280F2E88039464046FEF7F7FE074628
:105D9000E0B154F8043C23F001034B44A0F10802A5
:105DA000934200F0D280321F242A00F2F580132A99
:105DB00000F2AC80034622461168196051685960B0
:105DC00092689A6021464046FEF780FB4046FFF706
:105DD0003FFA3846BDE8F88F25F00705002D2A4622
:105DE0009EDA0C23C8F8003000273846BDE8F88F4B
:105DF0001E46D0E90223D3609A60731B0F2B22D872
:105E0000D9F8043003F0010333434E44C9F8043099
:105E1000736843F00103736040462746FFF718FAA2
:105E20003846BDE8F88FC907ADD454F8083CA9EB53
:105E3000030ADAF8041021F00301A0E7BDE8F84FE7
:105E40001146FEF79BBED9F8041001F00101294369
:105E5000C9F8041009EB05014E4443F001034B60FF
:105E6000736843F00103083173604046FEF72EFB70
:105E7000D2E7DCF8040020F0030B06EB0B0C05F175
:105E8000100084454DDAC9073FF57DAF54F8081C72
:105E9000A9EB010ADAF8041021F003018B44B344A2
:105EA00058453FF76CAF5746DAF80C1057F8080F13
:105EB000321F242AC160886000F2DB80132A40F27E
:105EC000D6802168CAF808106168CAF80C101B2A2D
:105ED00000F2DF8008340AF1100221681160616865
:105EE0005160A16891600AEB0501ABEB050242F03D
:105EF000010299604A60DAF8043003F001031D439F
:105F00004046CAF80450FFF7A3F96EE72368036020
:105F1000636843601B2A68D804F1080200F1080393
:105F20004AE709EB05029A60ACEB050343F0010375
:105F3000536054F8043C03F001031D43404644F809
:105F4000045CFFF785F927464FE750F8043C23F03F
:105F500003031E4451E75746DAF80C1057F8080FB0
:105F6000321F242AC16088604CD8132A48D921687E
:105F7000CAF808106168CAF80C101B2A56D80834F1
:105F80000AF110021E462368136063685360A36819
:105F90009360D1463C4630E72146FFF7D7F811E73A
:105FA000D0E902135746CB60996057F8081FDAF81A
:105FB0000C30CB60321F242A99602DD8132A29D99E
:105FC0002368CAF808306368CAF80C301B2A42D824
:105FD00008340AF1100322681A6062685A60A268E5
:105FE0009A606646D1463C4607E7A3688360E3684B
:105FF000C360242A26D004F1100200F11003DBE66E
:106000003A46BFE7214638461E46D146FFF79EF87E
:106010003C46F2E63B46DEE7214638466646D14638
:10602000FFF794F83C46E8E600070024A168CAF8A8
:106030001010E168CAF81410242A20D010340AF194
:1060400018029FE7236903616169416104F1180245
:1060500000F11803B0E6A368CAF81030E368CAF884
:106060001430242A21D010340AF11803B3E73A4639
:1060700033E721463846FFF769F8164B33E72269C4
:10608000CAF818206269CAF81C2018340AF12002E4
:1060900078E7A168CAF81010E168CAF81410242A39
:1060A0000DD010340AF1180217E72369CAF8183026
:1060B0006369CAF81C3018340AF120038BE722699F
:1060C000CAF818206269CAF81C2018340AF12002A4
:1060D00003E700BF0007002453EC102B70B5164EE9
:1060E00023F000410025B1420446056021DC10EE9A
:1060F000106A0E431DD0114E1E40184666B919464F
:10610000002210EE100A0E4BDAF7DCFA6FF03505BC
:106110000246084621F0004120F0FF40091520F416
:10612000E000A1F2FE3140F07F53294443F4001314
:10613000216043EC102B70BDFFFFEF7F0000F07F6C
:106140000000504338B5074D0022044608462A6037
:10615000DDF796FF431C00D038BD2B68002BFBD029
:10616000236038BD1CC80024F0B50C785E2C23D009
:10617000002201F1010C9646431E00F1FF0103F8D5
:10618000012F8B42FBD19CB18EF00102C643025518
:106190000CF1010E1EF8013C2D2B714612D05D2B27
:1061A00004D013B11C46F446F1E761460846F0BD41
:1061B0000CF1FF310846F0BD01224C7801F1020CD0
:1061C0009646D9E79CF801505D2DEBD0AC42E9DC56
:1061D000671C0CF1020CC31903F8012BF1188D4256
:1061E000FADC2B1B013BAC42A8BF00230EF1020ED0
:1061F000DC19CFE79FED010A704700BF0000C07FA8
:1062000038B5154B1F281D6820D8D5F8DC22044668
:1062100062B152F820304BB1012B15D0591C0FD070
:10622000002542F820509847284638BD284600F0FF
:106230002BF8224601462846BDE8384000F00EB84B
:1062400016232B60012038BD002038BD16232B609B
:106250004FF0FF3038BD00BF6401002470B50C461C
:10626000084D03460026204611461C462E60DDF7E9
:10627000CFFE431C00D070BD2B68002BFBD02360E9
:1062800070BD00BF1CC80024DDF7C0BE11F0FF01C7
:10629000034644D0820732D110B5046841EA012E8A
:1062A0004EEA0E4E8EEA0402A2F1013323EA020303
:1062B000A4F1013222EA0402134313F0803F0FD10C
:1062C00050F8044F84EA0E0CA4F10133ACF1013212
:1062D00023EA040322EA0C02134313F0803FEFD0B9
:1062E000037823B936E010F8013F002B32D09942F1
:1062F000F9D110BD8A4211D09A071846CCD0184661
:1063000013F8012B002AF5D110467047990718465B
:1063100007D0184601330278002AF7D17047820768
:10632000F7D10268A2F1013323EA020313F0803FA0
:1063300008D150F8042FA2F1013323EA020313F02D
:10634000803FF6D00378002BE8D010F8013F002BF7
:10635000FBD17047184610BD2DE9F04F1C462DEDBE
:10636000048B9D4B1B689FB00025824618468846CB
:1063700007921A950893DBF723F800218346002043
:10638000CDE90401CDF864804246174612F8013B7E
:106390002D2B2FD8DFE813F0A4002E002E002E00A6
:1063A0002E002E002E002E002E00B400B400B400EB
:1063B000B400B4002E002E002E002E002E002E0061
:1063C0002E002E002E002E002E002E002E002E005D
:1063D0002E002E002E002E00B4002E002E002E00C7
:1063E0002E002E002E002E002E002E002E000E0459
:1063F0002E00040400220992302B00F0838000223A
:106400000C922F2B1C4640F24D854FF00009384668
:106410004E464D4612E00130082D1990C8BF09EBD9
:1064200089090478C6BF03EB4903A3F13009A2F13F
:1064300030062F2C05F10105234674DD06EB86029C
:10644000392C03EB4202E6DD08995A46F6F7C6FC02
:106450000346002835D1199A11465A44199211F869
:106460000B40002D40F0A985302C40F06185C2F131
:1064700001015318013219921478302CF9D0A4F18B
:106480003102082A00F24383A4F1300E199C03F173
:10649000010B0023012527460A9306EB86060EEB27
:1064A00046060023621C19926478A4F13001092980
:1064B00000F2F18201338E46002940F0D284199C0B
:1064C000F0E70023652C0A959B469E4601D0452C9B
:1064D00036D1002D40F085800C9A1A4340F0808020
:1064E000079B9FED3B8B13B1079BC3F80080B0EE79
:1064F000480AF0EE680A1FB0BDEC048BBDE8F08FCF
:10650000199242E77B7803F0DF03582B00F08D846B
:10651000013719973B78302BFAD0002B00F0D3804D
:1065200001220C926DE708995A46F6F757FC03468C
:10653000002800F0DB800A954FF0000B5B46DE463A
:1065400000220D92002D00F098800A9A1346002A2E
:1065500008BF2B4630460A93DAF73AF80B46024654
:10656000CDE904230D9B102DA3EB0B032C46A8BFF4
:106570001024092D0C9314DD184B03EBC40353E9CD
:106580001223DAF79FF80246484690468946DAF722
:106590001FF802460B4640464946D9F7DDFECDE9D5
:1065A00004010F2D00F3AB800C9B002B00F0348412
:1065B0000C9B40F38283162B40F3F1840C9AC5F1B7
:1065C0002503934280F204850C9B2C1B1C449CE009
:1065D000000000000000000090BB0208D0B80208D4
:1065E0000025DDF8648008F10102199298F8014055
:1065F0002B2C00F089822D2C00F01D8200220892A5
:10660000A4F13002092A00F21182302C05D1199A26
:10661000013219921478302CFAD0A4F13102082AF0
:106620008ED819990D914A1C1992A4F130004C781A
:106630002F2C09DC00F044BC013219929CF8014077
:106640002F2CA1F1300006DD00EB8001392C94469F
:1066500004EB4101F0DD0D99521A082A40F3308411
:1066600044F61F620D92089A002A3FF46BAF0D9A10
:1066700052420D92002D7FF468AF0C9A134322D141
:10668000BEF1000F7FF42CAF692C00F0318400F3D1
:106690005283492C00F02C844E2C7FF421AFB84952
:1066A00019A801F061FE00283FF41AAF199B1B786E
:1066B000282B00F07185B34801F05AFFB0EE408AF4
:1066C000F0EE608A01E09FEDAA8B079A0AB1199B50
:1066D0001360099B002B3FF40AAF18EE901A18EED6
:1066E000102A01F1004343EC182B00E7199A0A9590
:1066F00002EB0B01199112F80B409B46D5E60C9B5F
:106700002C1B1C44002C40F31B8314F00F000AD0F8
:106710009D4901EBC001DDE90423D1E90001D9F76E
:10672000D1FFCDE9040134F00F0340F07082002363
:1067300008930A9A00962B4639465046FEF712FEF9
:106740001190002800F06B830D9BABEB03000C9BBA
:10675000002BB4BF024600224FF0000823EAE37387
:106760000D921093C346119C50466168FEF776FD6A
:106770008146002800F0478122699DED048B02329A
:10678000920004F10C010C30DAF708FCB0EE480A74
:10679000F0EE680A1CAA1BA95046FFF799F91A9057
:1067A000002800F01D8101215046FEF785FE83463A
:1067B000002800F028811B9B002BC0F217810D9A46
:1067C000109D9E18089A1C9C9B1A23446F4A013BFB
:1067D0009342C4F1360480F2B080D21A1F2AA4EB8F
:1067E000020400F31C81012393400A930027089BB5
:1067F00025443444A6421D443346A8BF2346AB4239
:10680000A8BF2B46002B02DDE41AED1AF61A0D9BE9
:10681000002B00F3C580002C00F3D9800C9B002BCB
:1068200000F3E880002D00F3F080002E08DD5946CB
:1068300032465046FEF77CFF8346002800F0E38096
:106840001A994A465046FFF70DF88046002800F096
:10685000DA800023C268C36059460E92FEF7E0FF5B
:106860000028C0F2758400F0E58359464046FFF7E2
:1068700097F955EC104B10EE100A00224FF08043B0
:106880002946DAF79BF900285BD00E9B002B00F01D
:10689000DD80059B0F933E4B3D4D0022CDE90A2341
:1068A00000243C4F0F9A3C4B02EA07069E4200F040
:1068B000F880089B8BB1B6F1D46F0ED82EA3D3E924
:1068C000002320462946DAF779F9002840F087812D
:1068D0000B9B03F1D6639B1B0B93DDE90A01B0EE22
:1068E000480AF0EE680ACDE90401FFF761F8DDE936
:1068F000040153EC102BD9F7E5FE53EC182BD9F714
:106900002BFDCDE904010A91089B2BB9214B0A9A72
:1069100013409E4200F004811A995046FEF7C4FCD1
:1069200049465046FEF7C0FC59465046FEF7BCFCAF
:1069300041465046FEF7B8FC15E7012300270A93AD
:1069400055E7164B204629460022D9F7BBFE0E9B81
:1069500004460D46002B76D101F1004312901393AB
:10696000059B0F93DDE91223CDE90A2399E700BFC8
:1069700000000000000000000000C0FFFFFFDF413A
:10698000B0B90208A0A70208D0B8020802FCFFFFB5
:106990000000F03F0000F07F0000E07F0000E03FDB
:1069A00059461A465046FEF763FE834658B30146E1
:1069B0001A9A5046FEF7AEFD28B30E901A9950462B
:1069C000FEF772FC0E9B1A93002C7FF727AF1A99E3
:1069D00022465046FEF7ACFE1A9000287FF41EAF08
:1069E00022239FEDBF8BCAF80030C4E0109A0D9EA1
:1069F000D51AE7E64946109A5046FEF739FE814619
:106A000000287FF40FAF1A98EAE749462A46504615
:106A1000FEF78EFE814600287FF407AFF3E7B84FFC
:106A2000FF1A012303FA07F70A93E0E60022CDF8E4
:106A300064800D9286E50122089208F10202199203
:106A400098F80240DCE5CDE9124589E7DDE904125A
:106A5000002940F0B280C2F313030F92002B40F0E4
:106A6000B280A84B002220462946DAF79DF800287C
:106A700040F0A782A44B204629460022D9F722FEE7
:106A800001F1004304460D4616901793DDE91623E5
:106A9000CDE90A2305E7652C4FF0010E3FF4A1ADC7
:106AA00015E5A2F1547305939DED047BDDE90A0120
:106AB000B0EE470AF0EE670AB0EE479AF0EE679A3A
:106AC000CDE90401FEF774FFDDE9040153EC102B5E
:106AD000D9F7F8FD53EC192BD9F73EFC8B4B0F403F
:106AE0009F42CDE9040175D918EE902A03F1547341
:106AF0009A4203D118EE103A013384D0844A4FF001
:106B0000FF33CDE9043207E70022089295E7652CB0
:106B100000F00A81452C00F007814FF0010EACE532
:106B200020462946DAF76AFDD9F79EFD0B46024654
:106B300029462046D9F70EFC049C0E9F27430A9C49
:106B4000C4F3130657EA060304460D4600F0AC8072
:106B500065A3D3E90023DAF727F848B964A3D3E99A
:106B6000002320462946DAF73DF800283FF4D4AE4A
:106B70009DED048B1A9801465046FEF795FB494659
:106B80005046FEF791FB59465046FEF78DFB119992
:106B90005046FEF789FB41465046FEF785FB94E5DB
:106BA000012309937A1C19927B78002B3FF498AC4F
:106BB000174621E400230993F4E7DDE904120129D3
:106BC00000F086810F92534B4E4D0022CDE90A23EF
:106BD000002466E601F154730A93059394E629466E
:106BE0002046DAF7EBFC012838BF0120D9F7F0FC8A
:106BF0000E9B04460D46002B40F0778101F10043C7
:106C000014901593DDE91423CDE90A2360E6B3F56A
:106C10009A7F00F304811C11102B3F4B089340F323
:106C2000D7829846DDE904234FF0000CE14614F0CA
:106C3000010F104619464FEA640409F1010907D013
:106C4000D8E90023D9F73EFD4FF0010C02460B4670
:106C5000012C08F10808EAD1BCF1000F01D0CDE900
:106C60000423089B03EBC909059BA3F15473059307
:106C7000DDE90423D9E90001D9F724FD274BCDE94B
:106C800004010B400A4626498B4200F2C880A1F558
:106C900080118B4240F23B821D4A4FF0FF33CDE919
:106CA00004320023089344E513A3D3E90023D9F762
:106CB0007BFF00283FF430AE5AE71633FFF61FADD6
:106CC0000D9BABEB030A174B03EBCA03DDE9040191
:106CD000D3E90023D9F720FE41EC180BF5E400BFFF
:106CE000000000000000F07F9535A094FFFFDF3F1B
:106CF00035E5AF350000E03F9535A094FFFFCF3F6D
:106D0000E2FBFFFF0000F03F0000E03FFFFF9F7C41
:106D1000FFFFEF7F0000F0BFA8B802080000F07F7F
:106D20000000A07CD0B8020800220A9293464FF0DF
:106D3000010EFFF7D1BB6E2C3FF4B1ACFFF7D0BB17
:106D40003FF4F5AC644214F00F020AD0B24B03EBEF
:106D5000C203DDE90401D3E90023D9F7DDFDCDE964
:106D6000040124113FF4E3AC1F2C3EDC14F01003AB
:106D700018BF6A230893DDE90423DFF8B4824FF0DB
:106D8000000C14F0010F1046194607D0D8E9002373
:106D9000D9F798FC4FF0010C02460B46641008F13D
:106DA0000808EED1BCF1000F01D0CDE90423089B07
:106DB00093B1DDE90401C1F30A52C2F16B03002B68
:106DC0000ADD1F2B40F330820020342B049040F367
:106DD00036824FF05C730593DDE904010022002345
:106DE000D9F7D8FE00283FF4A4AC22239FED848B72
:106DF000CAF8003069E41C9B04931B9B03F23342E6
:106E00001D9B23F4801343EA02530593290742BFD5
:106E1000059B43F0004305939DED048B55E422232D
:106E20009FED798BCAF800304FE4099B01931AABB0
:106E300002940093794A1BAB19A9504600F0A8FFB1
:106E400010F0070405463FF43EAC062C73D1079BB7
:106E50009FED6B8B0137002B3FF449AB1F60FFF7B1
:106E600046BB6A1C012B199C9B44104615D02B4431
:106E700003F1FF3C03E0460094450DD001322B4660
:106E8000082B154606EB8600F5D9102ADCBF09EB66
:106E900089094FEA4909EFE7981C082D3EDC0546B1
:106EA000FFF7FBBA08995A463846F5F797FF0028CE
:106EB0006BD000231D460A9399461E46FFF73CBB44
:106EC00044F61F629042A8BF10460D90FFF7CBBB5F
:106ED000DDE904120F92002A7FF475AE22239FEDA4
:106EE000488B1A98CAF8003045E6CDE9144589E682
:106EF0004B4919A801F038FA00283FF4F1AA199B70
:106F00004849013B19A8199301F02EFA10B9199BB1
:106F1000013319939FED3C8BFFF7D7BB1028DCBFE3
:106F200009EB890901EB490905460023FFF7BABAC5
:106F30000023FFF7A4BA1A9A3AB135211CA8FEF72C
:106F40005DFE1A995046FEF7AFF9013C042C3FF65E
:106F50005DAF01A353F824F0F76D0208816F0208BA
:106F60007B6F02086D6F0208F76D02084FF0FF3368
:106F70006FF00040CDE9043048E72B4B059345E71F
:106F80001C9B04931D9B059340E7199A13465A4492
:106F9000199213F80B4006468146FFF765BA0C9824
:106FA0001D4901EBC001DDE90423D1E90001D9F756
:106FB00089FB41EC180BFFF788BB0A958346FFF766
:106FC00074BA9FED137B194D8DED167B00245DE5A2
:106FD000114CC5F10F0504EBC501DDE90423D1E92E
:106FE0000001D9F76FFB0C9B5D1B04EBC504D4E9D2
:106FF0000023D9F767FB41EC180BFFF766BB00BF16
:107000000000000000000000000000000000F07F11
:10701000000000000000E0BFD0B80208B4B90208C8
:10702000A4B90208A8B902080000F07F0000E03F00
:10703000E0B902080E9B002B70D0DDE90445954BAA
:10704000C5F3130199422A463FD0002F00F0B880C3
:10705000DDE904231F421C4623D0B0EE480AF0EEBF
:10706000680A0E9B002B00F0B680FEF7A1FC089B7F
:1070700051EC100B6BB1C4F30A54C4F16B04002C37
:1070800007DD240504F17F53002203F54013D9F7EF
:1070900019FB02460B4651EC180BD9F75DF941EC90
:1070A000180B089B7BB151EC180B7B4B0022D9F7D6
:1070B00009FB41EC180B18EE902A0346134304BF5A
:1070C0002223CAF800301A9855E5089B0499002B32
:1070D00000F0B280714B2B40B3F1D46F00F2AC8062
:1070E0001B0DC3F16B034FF0FF3000FA03F399421D
:1070F000ABD16B4B9A4200F0C780684B134003F54D
:1071000080130593002304939DED048BC9E702F1DE
:107110005473059300230893FFF70BBBDDE90412BA
:10712000C2F313030B4314468FD1089B002B40F08E
:10713000A0805A4B2340A3F580136FEA13536FEAE4
:10714000035305934FF0FF3304939DED048BA8E7A1
:10715000DDE904010E9B0343A3D1C1F313030C46E5
:10716000002B9ED121F000431B0D1B05B3F1D66F00
:1071700097D9D8F814301BB9D8F81030012B90DD0E
:10718000414601225046FEF7D3FA59468046FEF7A3
:1071900047FB002885DDC8E7424919A81CAA01F071
:1071A000FFF805287FF487AA1D9B43F0FF4343F4B3
:1071B000E00305931C9B04939DED048BFFF785BAB8
:1071C000DDE904010A9B03423FF46BAF0C4644E740
:1071D0004FF0000945E5FEF7EBFB089953EC102B47
:1071E000B9B3C4F30A54C4F16B04002C0CDD2405BC
:1071F000194604F17F530E9A03F5401310EE100A5E
:10720000D9F760FA02460B4651EC180BD9F7A2F8F1
:1072100002460B4643EC182B00220023D9F7BAFC98
:1072200000283FF440AF59E64FF0FF3202FA03F373
:10723000049A1A400492CFE54FF0FF3357E74FF01E
:10724000FF33C2F14B0203FA02F202EA0103059393
:10725000C2E551EC180BD9F77DF802460B4643EC1A
:10726000182B00220023D9F795FC00283FF42BAF00
:1072700034E60A4B2340B3F1D66F3FF75CAFB3F16E
:107280005C7F3FF710AF29E601317FF436AFFFF79F
:10729000BABB00BFFFFF0F00000050390000F07FB5
:1072A000FFFFEF7FC8B90208014BFFF755B800BFD9
:1072B000940500242DE9F04F85B01F46584B0390EC
:1072C0008A4600920D462A4615F8014B1E5D16F0BF
:1072D0000806F8D12D2C76D02B2C05BF2C780296E1
:1072E0000296951C4FF0FF366FF0004B2FB1102F18
:1072F00070D0B8464FEAE77905E0302C75D04FF0F2
:107300000A08B946474642464B4630465946D9F7E1
:10731000C3FC0023019284460A461846194611E030
:107320008A4208BF84453ED000FB09F308FB0131C7
:10733000A0FB080319441EEB000041EBEE71012392
:1073400015F8014BA4F1300EBEF1090F06D9A4F1D6
:10735000410EBEF1190F0CD8A4F1370E774511DD9F
:107360005C1CEDD0844572EB0103D9D24FF0FF33A2
:10737000E6E7A4F1610EBEF1190F03D8A4F1570E90
:107380007745EDDC5A1C14D0029A12B1404261EBF1
:107390004101009A22B1002B39D1009BC3F800A013
:1073A00005B0BDE8F08F019B7345BDDA4FF0FF33A8
:1073B000C6E7039A22231360009B1BB305F1FF3A33
:1073C00030465946E9E701232C780293951C4FF08B
:1073D000004B8BE7302C04D12B7803F0DF03582BC4
:1073E00008D0B8464FF000098DE72B7803F0DF0393
:1073F000582B0FD14FF010086C784FF00009023570
:10740000474680E73046594605B0BDE8F08F06464E
:107410008B46D3E74FF00808B946474673E700BFED
:1074200071B60208FFF746BF2DE9F04707464B4803
:107430000E46354616F801CB10F80C4014F008043F
:10744000F7D1BCF12D0FE64658D0BCF12B0F04BF8D
:1074500096F800E0AE1C5BB1102B54D04FF0FF3813
:10746000B8FBF3F803FB08FA6FEA0A0A994608E04A
:10747000BEF1300F5AD00A23DFF8E4804FF0050A3E
:1074800099460025284607E0404515D829D009FB34
:1074900000C0012516F801EBAEF1300CBCF1090F6C
:1074A00006D9AEF1410CBCF1190F08D8AEF1370C7A
:1074B00063450DDD002DE7DA4FF0FF35EAE7AEF169
:1074C000610CBCF1190F03D8AEF1570C6345F1DC28
:1074D000002D0BDB04B140420AB16DB91160BDE86B
:1074E000F087D445D3DD4FF0FF35D3E722233B604F
:1074F0004FF0FF30002AF2D0711EEFE796F800E05F
:107500000124AE1CA7E7BEF1300F21D1307800F086
:10751000DF00582816D14FF0100996F801E04FF01F
:107520000F0A02366FF070484B46AAE7337803F033
:10753000DF03582BEFD008234FF0070A6FF06048A5
:1075400099469EE799466FF070484FF00F0A98E70A
:107550004FF00F0A6FF07048994692E771B6020833
:1075600099999919FFF760BF2DE9F04F85B08A46C8
:107570000192624A03901E460D46294615F8014BBA
:10758000135D13F00803F8D12D2C00F083802B2C11
:1075900003BF2C7802938D1C0293BEB1102E7ED0B7
:1075A0004FEAE67B32465B464FF0FF304FF0FF314B
:1075B000D9F772FB3246074688465B464FF0FF30EC
:1075C0004FF0FF31B146D9F767FB0AE0302C7AD093
:1075D0004FF00A09DFF82881B34605224FF09937AA
:1075E0004E464FF0000C6046614615E0874278EB4E
:1075F000010420D3414508BFB8423AD000FB0BF448
:1076000009FB0141A0FB09042144181841EBE37177
:107610004FF0010C15F8014BA4F13003092B05D9EB
:10762000A4F14103192B09D8A4F137039E420DDDC3
:10763000BCF1000FDADA4FF0FF3CEBE7A4F1610395
:10764000192B03D8A4F157039E42F1DCBCF1000FC3
:1076500014DB029B13B1404261EB4101019B2BB152
:10766000BCF1000F13D1019BC3F800A005B0BDE829
:10767000F08F9342C2DD4FF0FF3CCBE7039A222309
:107680001360019B4FF0FF300146002BEED005F157
:10769000FF3AE8E701232C7802938D1C7DE7302C1C
:1076A00023D12B7803F0DF03582B1BD14FF01009A7
:1076B0006C780F2202354FF0FF376FF070484FF0B3
:1076C000000B4E468DE72B7803F0DF03582BEDD0EF
:1076D0004FF00809B34607224FF0FF376FF06048BC
:1076E0004E467EE74FF0000B5CE70F224FF0FF376E
:1076F0006FF07048B1464FF0000B72E771B60208A8
:1077000099999919FFF730BF2DE9F04F936883B02D
:107710009146002B6ED017688D6880460C4608682D
:10772000083744E0A38913F4906F2ED0D4E90415F0
:10773000A0EB010A05EB450505EBD5750AEB060044
:107740006D100130A8422A4684BF05462A465B05D3
:1077500037D511464046FDF711FA00283BD0524676
:1077600021690190D9F71AFCA289019B22F4906249
:1077700042F08002A281A5EB0A0203EB0A006561D8
:10778000A260236120603546B24659465246FDF755
:10779000DDFCA068D9F808102368451B8E1B03EB9D
:1077A0000A00A5602060C9F808601EB3083757E9D1
:1077B00002B6002EFAD0B542AA46B3D93546B24633
:1077C000E3E74046FEF79CFA03460028D3D121693F
:1077D0004046FCF77BFE0C23C8F80030A38900224A
:1077E00043F040034FF0FF30A381C9E9012203B009
:1077F000BDE8F08F0020C9F8040003B0BDE8F08FA9
:1078000038B54B1C1AD093891446126B23F0200311
:10781000A381CDB2AAB16268636B9A4209DA236888
:107820005A1E226003F8015C6368013363602846D6
:1078300038BD214600F09CF80028F0D04FF0FF350D
:10784000F5E7236922682BB1934203D212F8013C79
:10785000AB420FD06168E1632346A26304F14001AB
:1078600003226263216303F8425F0122C4E900320C
:10787000284638BD6368013A0133C4E90023D6E7DE
:1078800010B50C46096B69B104F14003994201D06F
:10789000FCF71CFEE36B63600020206313B1A36B55
:1078A000236010BDA3892169002243F02003C4E9AD
:1078B0000012A3814FF0FF3010BD00BF2DE9F04F43
:1078C00085B0CDE9023202FB03F30E9C0193A3B312
:1078D000D4F804A0019B53458B4646D9A046019D90
:1078E00058F8401B0746002652465846D9F756FB23
:1078F0002368226B5344A946C4E900361146384632
:10790000D344A5EB0A05E2B1424501D0FCF7DEFD08
:10791000E36B26636360A3B1A16B2160AB429A461F
:10792000E2D3029B01932A465846D9F737FBD4E9A4
:107930000032521B2B44C4E90032019805B0BDE867
:10794000F08F019B22695344A3EB090A039BBAFB06
:10795000F3F30193A389019843F02003A38100234B
:10796000C4E9002305B0BDE8F08F21681D46D8E7C3
:1079700001F140032DE9F0410C46096B994214D006
:10798000666B77003A46FEF7BBF9054640B300EB5D
:107990000608014632464046D9F700FBC4E90C57B9
:1079A000C4F800800020BDE8F0814FF48061FDF74D
:1079B000E5F8A8B194F842304FF48062C4E90C02B3
:1079C00080F8FF3394F8413080F8FE3394F840207B
:1079D00080F8FD2300F2FD3323600020BDE8F08134
:1079E0004FF0FF30DFE700BFF8B50D4614460646FE
:1079F00010B1836B002B43D0B4F90C20A369A360B2
:107A0000170790B21BD52369CBB1EDB281042F4685
:107A100022D522686169D31A994229DD0133A16810
:107A20000139A160511C2160157062699A422AD007
:107A3000A389DB0701D50A2D25D03846F8BD21469C
:107A40003046FBF72FFA20BBB4F90C20236990B223
:107A5000EDB281042F46DCD442F40052A281626E62
:107A6000616922F4005262662268D31A9942D5DC19
:107A700021463046FCF776FB58B922680123CEE751
:107A8000FCF7A4FBB8E721463046FCF76BFB002867
:107A9000D3D04FF0FF37D0E770B5054684B01C4611
:107AA00039B10B4ED6F8E060B047431C09D004B0A2
:107AB00070BD0A460649D1F8E06001A9B047431CF1
:107AC000F5D100228A2322602B6004B070BD00BF74
:107AD0009405002449B1FF2A02D80A70012070479A
:107AE0008A2303604FF0FF3070470846704700BF9D
:107AF0002DE9F047DFF880A00646DAF80000984646
:107B00000F469146FCF7A0FF1A4B1B68D3F848417B
:107B100024B365681F2D26DC5EB96B1C0235DAF8CC
:107B20000000636044F82570FCF790FF0020BDE87A
:107B3000F08704EB85010123C1F88890D4F88821EF
:107B4000AB401A43022EC4F88821C1F80881E4D161
:107B5000D4F88C211343C4F88C31DEE703F5A67406
:107B6000C3F84841D5E7DAF80000FCF76FFF4FF0A3
:107B7000FF30DCE79CB502089005002438B5A1FB76
:107B800002148CBBFCF7FAFF0546E0B150F8042C58
:107B900022F00302043A242A17D8132A1AD91B2ADE
:107BA000C0E900441DD9242A14BF00F1100200F1DD
:107BB00018024FF00003C0E9024404BF04614461AD
:107BC000C2E900339360284638BD2146F4F75AFED7
:107BD000284638BD02460023C2E900339360284698
:107BE00038BD00F10802F6E7F4F70EFE0C2300257D
:107BF0000360E8E770B500294BD006460C4610B18B
:107C0000836B002B48D0636ED80734D5B4F90C30A1
:107C1000002B3ED021463046FCF70CFAE36A0546BD
:107C200033B1E169304698470028B8BF4FF0FF35BF
:107C3000A3891A063BD4216B41B104F14003994258
:107C400002D03046FCF742FC00232363616C21B173
:107C50003046FCF73BFC00236364FCF73DFB636E9E
:107C60000022DB07A28127D5A06DFCF7EBFEFCF715
:107C700039FB284670BDA3899905CBD4A06DFCF7CC
:107C8000E3FEB4F90C30002BC4D1656E15F001058C
:107C900008D00025284670BDFCF798FA636ED80717
:107CA000B4D4E8E7A06DFCF7D1FE284670BD216989
:107CB0003046FCF70BFCBEE7A06DFCF7C7FED3E730
:107CC00070B50C46084D03460026204611461C465A
:107CD0002E60DCF7CCF9431C00D070BD2B68002B64
:107CE000FBD0236070BD00BF1CC800242DE9F0410B
:107CF0000469B4EB611F2FDD00F1140E4E1111F079
:107D00001F0C0EEB84050EEB86032BD05EF82620AD
:107D100004339D4222FA0CF1CCF1200818D97746A1
:107D20001A6802FA08F20A4347F8042B53F8041BB6
:107D30009D4221FA0CF1F3D8A41BA300053B9B083C
:107D400001330EEB83044EF82310C9B1043417E05D
:107D5000416174460029F9D1002303610023436186
:107D6000BDE8F0819D4288BF00F11002F4D953F8BC
:107D7000041B42F8041F9D42F9D8A41B0EEB840497
:107D8000A4EB0E039B1074450361E7D0BDE8F081BE
:107D90002DE9F04FAE4C2DED028B24688BB008EE30
:107DA000100A20468946039207930494D9F708FBEA
:107DB000D9F800302118024611F801BC9978302911
:107DC00040F0E5816FF00100C01A033300EB030AB5
:107DD0001C4613F8011B3029F8D0DFF8788218F818
:107DE0000130002B00F0F7802378002718F80330CB
:107DF0003D4626462BB116F8013F18F80330002BFC
:107E0000F9D1049902923046F4F7E8FF029A019002
:107E1000002800F09680002D40F096803378019580
:107E200003F0DF03502B354600F09880C9F800605E
:107E3000002F40F0B0802B1B013B072B394604DD9F
:107E40005B10072B01F10101FADC18EE100A059214
:107E5000FDF704FA059A0290002800F07182029B57
:107E6000AC4203F11406069680F0E7810027C2F1C8
:107E70000103B946059310E0202F00F097803946A2
:107E8000043715F8013C18F80330554603F00F038A
:107E90008B40A54249EA030916D915F8013C5B4518
:107EA00005F1FF3AE8D1059B5344A342E4D31846B9
:107EB000049909920893F4F791FFDDE9083200284C
:107EC000DAD11D46A542E8D846F8049B069BF61A6F
:107ED000029BB6101E614846FDF79EFA039B760191
:107EE0001C68301AA04200F3B780C0F22F8100272F
:107EF000039B019A9B689342C0F293810399019A74
:107F00004B68934240F384809D1AAC4200F3C480D6
:107F1000CA68022A00F0C681032A00F0BE81012A45
:107F200000F0A28118EE100A0299FDF7BDF9502564
:107F3000169A0023284613600BB0BDEC028BBDE8F7
:107F4000F08F002D00F01181AD1BAB000193337851
:107F500003F0DF03502B35467FF468AF6B782B2B93
:107F600000F0F2802D2B6ED06E1C002018F803104C
:107F70004B1E182B65D8737818F80330103901366A
:107F800033BB00B14942019BC9F800600B44019327
:107F9000002F3FF450AFBAF1000F14BF00250625A3
:107FA00028460BB0BDEC028BBDE8F08F002146F8EF
:107FB000049B0427894664E701EB810103EB41033D
:107FC000A3F1100116F8013F18F80330002BD8D0A8
:107FD000192BF1DDD5E7049901922046F4F7FEFE56
:107FE000019A002876D1A15C18F80130A518002B61
:107FF00072D030292C4605D114F8013F302BFBD02C
:1080000018F80330B3FA83F77F094FF0010AF0E65E
:10801000012557B1039BDB68022B65D0032B67D08A
:10802000012B00F0888045F01005169B029A1A601B
:10803000079B019A1A6028460BB0BDEC028BBDE885
:10804000F08F2E46F2E60120AB78AE1C8EE700BF23
:1080500090BB020890BA0208029D061B31462846D2
:10806000FDF7FAFD074678B1721E531106990127F4
:1080700051F8231002F01F0307FA03F30B4203D059
:10808000BA4200F3E4800227019B02983344314650
:108090000193FFF72BFE2BE76E1E002F40F0CB80E5
:1080A000002E40F0CE807311069A029852F82320D9
:1080B00006F01F06012303FA06F61642294618BFEA
:1080C00047F00207FFF712FE039B5B680193641BF6
:1080D00002259EE72178254601F0DF01502900F0B6
:1080E000BF80C9F8005056E7179BC3F101031793EF
:1080F000179B002B97D0029BDDF818901E6900217A
:108100004B464FEA860809EB860003E0984243F8A5
:10811000041C40D91F4653F8042BB2F1FF3FF5D0A1
:108120000132022D3A6000F0C28014F01F0440F0CA
:10813000E180212579E7BA077FF575AF069B1B68BB
:108140001F43FB07D7D46EE700207DE7DDE901314F
:10815000221A9B1A18EE100A0193FDF7E9FA03465A
:108160001433029006930027C2E6B35C18F803109C
:10817000B018064600293FF453AE16F8013F18F830
:1081800003100029F9D1801B8100019148E69C1C55
:108190004FF0000A21E6029B9B689E4280F28E808F
:1081A0003346029901EB830201330B61022D4FF03C
:1081B000010151617BD09E42B7DA002B40F3A780CA
:1081C000029A09EB8303516902F1180083424FEAD6
:1081D000510140F2AF804C46026841EAC27144F856
:1081E000041B50F8041B83424FEA5101F4D8029A51
:1081F0009B1A193B9B08013349F8231009EB8303B1
:10820000002940F09B800299A3EB090292104B4594
:108210000A617FD0039B019A9B68013293420192CD
:1082200087DA029918EE100AFDF73EF8169A002335
:108230001360A325B4E6012735E7069E4FF0000939
:1082400042E602983146FDF707FD07462BE7B11ECF
:108250002846FDF701FD00283FF415AF032713E77B
:1082600000230193012779E6AC427FF45BAE012C39
:1082700008D00298611EFDF7EFFC00283FF452AED3
:10828000039B5B6807990B60029B069901221A61A8
:108290000A60169A6225136082E6179A002A3FF454
:1082A00041AEEFE7179A002A7FF43CAEEAE7039B62
:1082B0001B68013BA34231D02225B6E6029B5968D8
:1082C00018EE100A0131FCF7C9FF074600283DD01F
:1082D00002990B6902339A000C310C30D8F75EFE1C
:1082E000029918EE100AFCF7DFFF07F114093B6949
:1082F000029756E7C844C4F1200458F8040CFDF76F
:108300008BF8A042BFF615AF029B1B6955E7029A96
:1083100000231361029A002353617BE7631104F089
:108320001F0459F823200123A34013420CBF222528
:1083300021257AE6C9F800104B4669B1043362E79B
:10834000074B0848029ADE21F4F73AFA044B054835
:108350003A468421F4F734FA029B1961DAE700BF48
:1083600084B7020808BA020810B4046809E014F8D7
:10837000013FA3F1410CBCF1190F98BF2033934288
:1083800009D111F8012B002AF1D101340460012038
:108390005DF8044B704700205DF8044B704700BF48
:1083A0002DE9F04F096885B04B1111F01F010290C3
:1083B00002EB8303039140F08E801D1F0193029B0B
:1083C00001991C68002341F8043C617801340029BC
:1083D00000F09780DFF87091A846AC469A461E469A
:1083E0000EE0202900F28B80B24506DAC44501D2A6
:1083F000072B5BDD624551D3082314F8011FA1B19F
:1084000019F801000028ECD00133082B06F1010611
:108410003ADCDCF80010090100F00F000843CCF84A
:10842000000014F8011F0029EAD1002E69D0E045B0
:1084300001D9072B73DD624551D2111F634653F8F2
:10844000040B41F8040F9D42F9D2A5EB0C0323F075
:108450000303691C04330CF1010C614538BF04238C
:108460001344002143F8041B9D42FBD2019B53F8A7
:10847000043C2BB9AA4248D055F8043D002BF9D052
:10848000052005B0BDE8F08F6245B6D200234CF858
:10849000043C1946ACF1040C0123BDE70023ACF108
:1084A00004084CF8043CB246C446A6E7C3F10801F0
:1084B0008900DCF80030C1F1200E60468B4641682F
:1084C00001FA0EF73B43036021FA0BF340F8043F37
:1084D0004045F4D38EE7191D01911D466FE7039BBC
:1084E000002BC3D0039B0198C3F120014FF0FF3351
:1084F000CB4050F8041C0B4040F8043CB9E7292954
:1085000009D0042005B0BDE8F08F012305202B60C1
:1085100005B0BDE8F08F029901340C6085E7C3F126
:1085200008039B00DCF80010C3F12007644666686E
:1085300006FA07F00143216026FA03F144F8041F0C
:10854000A045F4D877E700BF90BA020838B5074DC8
:108550000022044608462A60DBF78EFD431C00D04B
:1085600038BD2B68002BFBD0236038BD1CC800240D
:108570009FED010B704700BF000000000000F87F76
:10858000F8B500BFF8BC08BC9E467047F8B500BF00
:08859000F8BC08BC9E467047D0
:10859800FC980208A9810108000000000000000002
:1085A8008000000000000000000000000A00000039
:1085B80002000000000000000000000088A302087C
:1085C800898301080000000000000000000400008A
:1085D800000000000000000094A3020811820108B6
:1085E800000000000000000000040000000000007F
:1085F800000000009CA302083D840108010000005F
:108608000000000000010000000000000000000061
:10861800ACA302087D8101080000000000000000F2
:1086280000020000000000000000000060B2020824
:10863800F1AA0108FFFF0000000000000008000088
:108648000000000000000000256C75005B414443F9
:108658005D20706F6C6C2074696D656F75740A00AD
:1086680041444320696E7075740000006465762F7C
:10867800616463002F25732F257300004144433143
:10868800000000004750494F2070696E000000004C
:108698006465762F6770696F0000000050463700E8
:1086A8005048370049324320627573006465762F5D
:1086B80069326300493243310000000000000000C5
:1086C80000000000000000000000000000000000A2
:1086D8000000000000000000000000000000000092
:1086E8000000000000000000000000000000000082
:1086F8000000000060006000600060006000600032
:108708006000400020002000200000000000000061
:108718006000600060000000000000000000000031
:1087280060066006300398018800440000000000DD
:108738000000000000000000000000000000000031
:108748000000000000000000000000000000000021
:10875800000000001002100210021002FE07FE07BF
:1087680008020801080108010801FE07FE070401C4
:1087780004010401040100000000000000000000E2
:10878800000040004000F00158034C03CC034C00AB
:1087980058007000E000C001C00140034C035C03B6
:1087A8004C034801F00040004000000000000000B9
:1087B800000000000E010A01910091009100510093
:1087C80051003A00AE03A002500450044804480483
:1087D8004804840284030000000000000000000038
:1087E8000000000038006C006C006C006C006C002D
:1087F8002C0098071C011A01330133016301E300BF
:10880800C308C6093C070000000000000000000083
:108818000C001C00100010000800040000000000FC
:108828000000000000000000000000000000000040
:108838000000000000000000000000000000000030
:108848000004000200018000800040004000200079
:1088580020002000200020002000200040004000D0
:1088680080008000000100020004000000000000F9
:108878000200040008001000100020002000400042
:108888004000400040004000400040002000200020
:1088980010001000080004000200000000000000A2
:1088A80000000000000000004000C0004000460C2E
:1088B8004E0FD001F0015E0F460C40004000400012
:1088C80000000000000000000000000000000000A0
:1088D80000000000000000000000400040004000D0
:1088E80040004000FE0F40004000400040004000B3
:1088F8000000000000000000000000000000000070
:10890800000000000000000000000000000000005F
:10891800000000000000000000000000000000004F
:108928000C001C00100010000800040000000000EB
:10893800000000000000000000000000000000002F
:1089480000000000FE07000000000000000000001A
:10895800000000000000000000000000000000000F
:1089680000000000000000000000000000000000FF
:1089780000000000000000000000000000000000EF
:108988001C001C001C00000000000000000000008B
:1089980000040006000200030001000180008000BE
:1089A8004000400060002000200010001000080077
:1089B80008000C000400060002000000000000008F
:1089C800000000000000F00098010C030C030606EC
:1089D80006060606060606060606060606060C032C
:1089E8000C039801F00000000000000000000000E7
:1089F80000000000000040007C0060006000600093
:108A0800600060006000600060006000600060005E
:108A180060006000FC03000000000000000000008F
:108A2800000000000000F8008401020306030603AA
:108A3800000300018001C00060002000100008024F
:108A480004020602FE03000000000000000000000F
:108A58000000000000007800C60086018601800141
:108A68008001C000700080010001000300030603BC
:108A780006038601F8000000000000000000000066
:108A880000000000000080018001C001A001A001D9
:108A980090018801880184018201FE0F8001800114
:108AA80080018001E00700000000000000000000D5
:108AB800000000000000FC0304000400040004009F
:108AC8000400F4008C0104030003000306030603FA
:108AD80082018401F800000000000000000000008E
:108AE800000000000000E00118030C030C00040063
:108AF8000600E60116030E06060606060606040626
:108B08000C021803F0000000000000000000000044
:108B1800000000000000F8070C0604020401000130
:108B280000018000800040004000400060006000BC
:108B3800600060006000000000000000000000000D
:108B4800000000000000F8010C03060606060606F1
:108B58000C021C03F000C8010C03060606060606F4
:108B680006060C03F00100000000000000000000F1
:108B7800000000000000F0000C010C0306020606CD
:108B88000606060606078C0678060006000300039C
:108B98000C018C01780000000000000000000000BB
:108BA80000000000000000000000000000000000BD
:108BB800E000E000E000000000000000000000000D
:108BC800E000E000E00000000000000000000000FD
:108BD800000000000000000000000000000000008D
:108BE80060006000000000000000000000000000BD
:108BF800000060006000400020002000000000002D
:108C08000000000000040002000180004000200075
:108C18001000080004000800100020004000800038
:108C28000001000200040000000000000000000035
:108C3800000000000000000000000000000000002C
:108C4800FE07000000000000FE0700000000000012
:108C5800000000000000000000000000000000000C
:108C68000000000004000800100020004000800000
:108C78000001000200040002000180004000200002
:108C880010000800040000000000000000000000C0
:108C9800000000000000E0031806040C040C0C0C93
:108CA8000C0C00078001400040004000000000005C
:108CB800E000E000E000000000000000000000000C
:108CC80000000000E00018030C02CC0564056605EE
:108CD800A605B604B604B604B604B602E4010C044C
:108CE8000C021803F0000000000000000000000063
:108CF800000000000000600060005000D0009000FC
:108D08009000880088010801F801040304030402A4
:108D1800020202060F0F0000000000000000000021
:108D2800000000000000FE008C030C030C030C0381
:108D38000C038C01FC000C030C020C060C060C0640
:108D48000C060C03FE0100000000000000000000FB
:108D5800000000000000E00318030C060C040404E3
:108D680006000600060006000600060006040C04BD
:108D78000C021803F00000000000000000000000D2
:108D88000000000000007F008C010C030C030C069F
:108D98000C060C060C060C060C060C060C060C033E
:108DA8000C038C017F0000000000000000000000A0
:108DB800000000000000FF03060306040604060086
:108DC80086008600FE0086008600860006000604EF
:108DD80006040602FF030000000000000000000077
:108DE800000000000000FF03060306040604060056
:108DF80086008600FE0086008600860006000600C3
:108E0800060006001F00000000000000000000002F
:108E1800000000000000F00018010C020C0204021F
:108E28000600060006000600C60F060306030C032C
:108E38000C031803F0000000000000000000000010
:108E48000000000000000F0F0606060606060606CC
:108E580006060606FE0706060606060606060606B1
:108E6800060606060F0F00000000000000000000C4
:108E7800000000000000FC0360006000600060006B
:108E880060006000600060006000600060006000DA
:108E980060006000FC03000000000000000000000B
:108EA800000000000000F807C000C000C000C000BB
:108EB800C000C000C000C000C000C000C000C000AA
:108EC800C000C000C000C60066003C0000000000F2
:108ED800000000000000CF038601C60046002600FF
:108EE800160036002E006E004600C6008600860179
:108EF800060106038F0700000000000000000000C4
:108F08000000000000001F00060006000600060022
:108F18000600060006000600060006000600060415
:108F280006040602FF030000000000000000000025
:108F38000000000000000707860386038E038E03E7
:108F48004E034E034A035A035A033A0332033203C9
:108F58003203120387070000000000000000000031
:108F68000000000000008E0F0C021C021C023402DC
:108F78003402640264024402C40284028403840347
:108F8800040304031F0200000000000000000000AA
:108F9800000000000000F00098010C030C02060617
:108FA80006060606060606060606060606060C0257
:108FB8000C039801F0000000000000000000000011
:108FC800000000000000FF0006030606060606066D
:108FD800060606068603FE000600060006000600D2
:108FE800060006001F00000000000000000000004E
:108FF800000000000000F00098010C030C020606B7
:1090080006060606060606060606060676064C0246
:10901800CC039801F0008007000300000000000066
:10902800000000000000FF0106030606060606060B
:1090380006060603FE004600C600860086010603F3
:10904800060306060F0E00000000000000000000E6
:10905800000000000000F8020C03060206020600E9
:109068000E003C00F800E003800300070206020639
:1090780006060C03F00100000000000000000000DC
:10908800000000000000FE0762046108610860003B
:1090980060006000600060006000600060006000C8
:1090A80060006000F80100000000000000000000FF
:1090B8000000000000001E070C020C020C020C024B
:1090C8000C020C020C020C020C020C020C020C0228
:1090D8000C021801F0000000000000000000000071
:1090E8000000000000000F070602040104010C0143
:1090F8000C0188008800980098005000500070000B
:1091080030002000200000000000000000000000E7
:10911800000000000000F70E620442044604460402
:1091280064026402E402E4029C029C019801980132
:10913800880188008800000000000000000000008E
:109148000000000000009E070C01080118019000B3
:10915800B0006000200060006000D000900088012E
:10916800080104038E070000000000000000000052
:109178000000000000000F0F060404020C020801A2
:109188001801B800B0007000600060006000600066
:1091980060006000F801000000000000000000000E
:1091A800000000000000FC070C0206030201800119
:1091B8008000400040002000200010001800080433
:1091C8000C040402FE030000000000000000000080
:1091D800E0032000200020002000200020002000C4
:1091E8002000200020002000200020002000200077
:1091F8002000200020002000E00300000000000004
:10920800000000000400040008000800100010001E
:1092180010002000200040004000C00080008000B6
:10922800000100010002000200020004000000002A
:109238007C004000400040004000400040004000EA
:109248004000400040004000400040004000400016
:1092580040004000400040007C000000000060002A
:10926800900008010000000000000000000000005D
:1092780000000000000000000000000000000000E6
:1092880000000000000000000000000000000000D6
:1092980000000000000000000000000000000000C6
:1092A80000000000000000000000000000000000B6
:1092B80000000000000000000000FF0F0000000098
:1092C800180060000000000000000000000000001E
:1092D8000000000000000000000000000000000086
:1092E8000000000000000000000000000000000076
:1092F8000000000000000000000000000000000066
:10930800F0010C030C030003E0031C030E03060327
:1093180006038E0B7C0E0000000000000000000019
:109328000000000008000E000C000C000C000C00EF
:10933800CC013C031C060C060C060C060C060C069D
:109348000C021C03E4010000000000000000000003
:109358000000000000000000000000000000000005
:10936800F0008C018C01860106000600060006024A
:109378000C020C01F00000000000000000000000DA
:10938800000000000002C003000300030003000304
:1093980078038C030C03060306030603060306037F
:1093A80004038C07780100000000000000000000A2
:1093B80000000000000000000000000000000000A5
:1093C800E001180308020C060C06FC070C000C0050
:1093D80018041802E001000000000000000000006E
:1093E800000000000000C0036006300630003000B6
:1093F800FE01300030003000300030003000300016
:1094080030003000FC0100000000000000000000F7
:109418000000000000000000000000000000000044
:10942800F007D8068C018C018C019801F8000C001B
:10943800FC00CC03060306038E03F80000000000BE
:109448000000000008000E000C000C000C000C00CE
:10945800EC011C030C030C030C030C030C030C039E
:109468000C030C039E070000000000000000000031
:1094780000000000000060006000000000004000E4
:109488007C006000600060006000600060006000B8
:1094980060006000FC030000000000000000000005
:1094A800000000000000C001C00100000000000131
:1094B800F00180018001800180018001800180012C
:1094C8008001800180018001CC007C000000000048
:1094D8000000000008000E000C000C000C000C003E
:1094E8008C038C008C004C006C005C008C008C01A0
:1094F8000C010C039E0700000000000000000000A3
:109508000000000040007C00600060006000600017
:109518006000600060006000600060006000600043
:1095280060006000FC030000000000000000000074
:109538000000000000000000000000000000000023
:109548003707EE0666066606660666066606660659
:1095580066066606FF0F000000000000000000001D
:1095680000000000000000000000000000000000F3
:10957800EE011C030C030C030C030C030C030C037B
:109588000C030C039E070000000000000000000010
:1095980000000000000000000000000000000000C3
:1095A800F00098010C0306060606060606060606DF
:1095B8000C030C03F0000000000000000000000095
:1095C8000000000000000000000000000000000093
:1095D800EE011C030C060C060C060C060C060C0609
:1095E8000C031C03EC010C000C003E000000000002
:1095F8000000000000000000000000000000000063
:1096080078028C030C03060306030603060306030D
:1096180004038C03780300030003C0070000000064
:109628000000000000000000000000000000000032
:109638009F0358063806180018001800180018006C
:1096480018001800FF0000000000000000000000E3
:109658000000000000000000000000000000000002
:10966800F0031C030C020C023800F000C0030403D2
:1096780004038C03FC01000000000000000000004F
:109688000000000000000000200020003000300032
:10969800FE01300030003000300030003000300073
:1096A80030023002E001000000000000000000006D
:1096B8000000000000000000000000000000080298
:1096C8008E030C030C030C030C030C030C030C0398
:1096D8000C039C0778010000000000000000000057
:1096E8000000000000000000000000000000000072
:1096F8001E070C020801080118019000B000B00014
:109708006000600020000000000000000000000071
:109718000000000000000000000000000000000041
:10972800F70E6204460464026402EC029C0198018C
:1097380098019801080000000000000000000000E7
:109748000000000000000000000000000000000011
:10975800BC0718011001B00060006000E000900034
:10976800080108039E070000000000000000000038
:1097780000000000000000000000000000000000E1
:109788009E0708010801080190009000B0006000E1
:10979800600060002000200024001C000000000081
:1097A80000000000000000000000000000000000B1
:1097B800FC018401C400440060002000300018024D
:1097C80008020C03FC01000000000000000000007B
:1097D80000038000800080008000800080008000FE
:1097E8008000400020004000800080008000800051
:1097F80080008000800080000003000040004000DE
:109808004000400040004000400040004000400050
:109818004000400040004000400040004000400040
:1098280040004000400040004000400000000000B0
:109838000C001000100010001000100010001000A4
:109848001000200040002000100010001000100040
:1098580010001000100010000C00000000001C0098
:109868002204C20480030000000000000000000081
:1098780000000000000000000000000000000000E0
:1098880000000000000000000000000050574D20BC
:109898006F757470757400006465762F70776D004D
:1098A80050574D325F4348310000000050574D3249
:1098B8005F4348320000000053657269616C2062A2
:1098C80075732064657669636500000055534152DD
:1098D800543100006465762F73657269616C00000D
:1098E800000000000102030401020304060708093E
:1098F800303A0000784E6F6E6500000021626C6F90
:10990800636B5F69735F6C61737428626C6F636B00
:1099180029000000443A5C48374F535C447269762A
:109928006572735C4B65726E656C5C7372635C74B4
:109938006C73662E6300000030203D3D2028616C6A
:1099480069676E20262028616C69676E202D20319A
:10995800292920262620226D75737420616C696779
:109968006E20746F206120706F776572206F66209B
:1099780074776F220000000063757272656E742040
:109988002626202266726565206C697374206361DF
:109998006E6E6F7420686176652061206E756C6CE0
:1099A80020656E7472792200626C6F636B202626C4
:1099B800202263616E6E6F7420696E736572742005
:1099C80061206E756C6C20656E74727920696E7496
:1099D8006F207468652066726565206C69737422EF
:1099E80000000000626C6F636B5F746F5F7074726D
:1099F80028626C6F636B29203D3D20616C69676E3E
:109A08005F70747228626C6F636B5F746F5F7074E1
:109A18007228626C6F636B292C20414C49474E5F5A
:109A280053495A45292026262022626C6F636B20F1
:109A38006E6F7420616C69676E65642070726F70F8
:109A480065726C79220000007072657620262620E7
:109A580022707265765F66726565206669656C64FA
:109A68002063616E206E6F74206265206E756C6C69
:109A7800220000006E65787420262620226E657804
:109A8800745F66726565206669656C642063616EE3
:109A9800206E6F74206265206E756C6C2200000069
:109AA800626C6F636B5F746F5F7074722872656D40
:109AB80061696E696E6729203D3D20616C69676E3A
:109AC8005F70747228626C6F636B5F746F5F707421
:109AD800722872656D61696E696E67292C20414C28
:109AE80049474E5F53495A45292026262022726548
:109AF8006D61696E696E6720626C6F636B206E6F53
:109B08007420616C69676E65642070726F7065722D
:109B18006C792200626C6F636B5F73697A65286287
:109B28006C6F636B29203D3D2072656D61696E5FC6
:109B380073697A65202B2073697A65202B20626C03
:109B48006F636B5F6865616465725F6F7665726885
:109B580065616400626C6F636B5F73697A65287214
:109B6800656D61696E696E6729203E3D20626C6F84
:109B7800636B5F73697A655F6D696E2026262022A4
:109B8800626C6F636B2073706C697420776974689A
:109B980020696E76616C69642073697A65220000B9
:109BA80021626C6F636B5F69735F6C61737428709B
:109BB80072657629202626202270726576696F756F
:109BC8007320626C6F636B2063616E27742062651B
:109BD800206C617374212200626C6F636B5F697320
:109BE8005F6672656528626C6F636B292026262084
:109BF80022626C6F636B206D7573742062652066DA
:109C080072656522000000007072657620262620A5
:109C1800227072657620706879736963616C20625E
:109C28006C6F636B2063616E2774206265206E75AC
:109C38006C6C2200626C6F636B5F69735F66726540
:109C4800652870726576292026262022707265762E
:109C580020626C6F636B206973206E6F742066726C
:109C680065652074686F756768206D61726B6564DF
:109C78002061732073756368220000006E65787434
:109C880020262620226E65787420706879736963AF
:109C9800616C20626C6F636B2063616E2774206255
:109CA80065206E756C6C220021626C6F636B5F6956
:109CB800735F6C61737428626C6F636B292026264E
:109CC800202270726576696F757320626C6F636BA2
:109CD8002063616E2774206265206C617374212291
:109CE80000000000736C5F6D6170202626202269D9
:109CF8006E7465726E616C206572726F72202D20B1
:109D08007365636F6E64206C6576656C2062697438
:109D18006D6170206973206E756C6C220000000004
:109D2800626C6F636B5F73697A6528626C6F636BD3
:109D380029203E3D2073697A6500000021626C6F1E
:109D4800636B5F69735F6672656528626C6F636BCE
:109D5800292026262022626C6F636B20616C726555
:109D6800616479206D61726B65642061732066722D
:109D780065652200626C6F636B5F6C6F636174650D
:109D88005F66726565000000616C69676E5F75707B
:109D98000000000072656D6F76655F667265655FCD
:109DA800626C6F636B000000616C69676E5F707452
:109DB80072000000696E736572745F667265655F34
:109DC800626C6F636B000000616C69676E5F646F43
:109DD800776E0000626C6F636B5F6E65787400006D
:109DE800626C6F636B5F6D657267655F6E657874D3
:109DF80000000000626C6F636B5F6162736F726278
:109E080000000000626C6F636B5F6D657267655F71
:109E18007072657600000000746C73665F66726528
:109E280065000000626C6F636B5F73706C6974002F
:109E3800626C6F636B5F7472696D5F6672656500F3
:109E48007365617263685F7375697461626C655F7D
:109E5800626C6F636B000000000610160006101697
:109E68000002010204040304070504040001027748
:109E780000010203110405213106124151076171E5
:109E88001322328108144291A1B1C109233352F03F
:109E9800156272D10A162434E125F11718191A2609
:109EA8002728292A35363738393A4344454647481A
:109EB800494A535455565758595A636465666768F2
:109EC800696A737475767778797A828384858687E8
:109ED80088898A92939495969798999AA2A3A4A50B
:109EE800A6A7A8A9AAB2B3B4B5B6B7B8B9BAC2C337
:109EF800C4C5C6C7C8C9CAD2D3D4D5D6D7D8D9DA63
:109F0800E2E3E4E5E6E7E8E9EAF2F3F4F5F6F7F880
:109F1800F9FA000000020103030204030505040422
:109F28000000017D010203000411051221314106E0
:109F380013516107227114328191A1082342B1C1E2
:109F48001552D1F02433627282090A161718191AA9
:109F580025262728292A3435363738393A434445BF
:109F6800464748494A535455565758595A636465A1
:109F7800666768696A737475767778797A83848591
:109F8800868788898A92939495969798999AA2A396
:109F9800A4A5A6A7A8A9AAB2B3B4B5B6B7B8B9BAC2
:109FA800C2C3C4C5C6C7C8C9CAD2D3D4D5D6D7D8E0
:109FB800D9DAE1E2E3E4E5E6E7E8E9EAF1F2F3F425
:109FC800F5F6F7F8F9FA00001112182F63636363C6
:109FD80012151A4263636363181A38636363636311
:109FE8002F4263636363636363636363636363638E
:109FF8006363636363636363636363636363636329
:10A008006363636363636363000301010101010127
:10A018000101010000000000000102030405060719
:10A0280008090A0B000105010101010101000000F6
:10A0380000000000000102030405060708090A0BD6
:10A04800100B0A101828333D0C0C0E131A3A3C3723
:10A058000E0D1018283945380E11161D3357503E6D
:10A0680012162538446D674D182337405168715CC6
:10A0780031404E5767797865485C5F627064676302
:10A08800010002000400060008000A000C0010008D
:10A0980020004000800000010804020408010101BA
:10A0A80001010103070100009D0C0108110D0108C1
:10A0B800410D0108A50E010809100108EB7690452D
:10A0C8005846415420202000222A3A3C3E3F7C7FBB
:10A0D800000000002B2C3B3D5B5D0000EBFE904D2B
:10A0E80053444F53352E30004E4F204E414D45209E
:10A0F8002020204641543332202020004E4F204E4D
:10A10800414D452020202046415420202020200079
:10A11800809A45418E418F804545454949498E8FF2
:10A128009092924F994F555559999A9B9C9D9E9FF5
:10A1380041494F55A5A5A6A7A8A9AAABACADAEAFF6
:10A14800B0B1B2B3B4B5B6B7B8B9BABBBCBDBEBF8F
:10A15800C0C1C2C3C4C5C6C7C8C9CACBCCCDCECF7F
:10A16800D0D1D2D3D4D5D6D7D8D9DADBDCDDDEDF6F
:10A17800E0E1E2E3E4E5E6E7E8E9EAEBECEDEEEF5F
:10A18800F0F1F2F3F4F5F6F7F8F9FAFBFCFDFEFF4F
:10A1980001030507090E10121416181C1E000000F2
:10A1A800010004001000400000010002000000004F
:10A1B8000100020004000800100020000000000058
:10A1C80049444C450000000053544D333220566931
:10A1D800727475616C20436F6D506F72740000006B
:10A1E80053544D6963726F656C656374726F6E6901
:10A1F8006373000043444320436F6E666967000041
:10A2080043444320496E74657266616365000000CB
:10A218002F6465762F6770696F2F504837000000EC
:10A228001B5B313B33366D00726F6F7400000000AA
:10A2380025733A2F240A00001B5B306D00000000D4
:10A24800205B53443A00000025733A2573240A0022
:10A258005B785461736B496E69745D3A205344208E
:10A26800436172642043617061636974793A20259F
:10A278006C6C644D420A00005B785461736B496EE4
:10A2880069745D3A2053442043617264204E6F74B0
:10A2980020466F756E640000436865636B20573213
:10A2A80035517878204661696C6564005175616440
:10A2B800205350490000000051535049000000004D
:10A2C8006D6E74005B785461736B496E69745D3AA6
:10A2D800205153504920466C61736820537563635D
:10A2E8006565642C2049443A20256C780A000000F2
:10A2F8005B785461736B496E69745D3A204661748A
:10A30800667320466F726D6174205375636365656B
:10A31800640D00004641542066696C6520737973AA
:10A3280074656D0053446361726400000A5B78547D
:10A3380061736B496E69745D3A20534420496E69B4
:10A3480074204661696C65642C20706C6561736566
:10A35800207265706C616365205344206361726488
:10A368000D0000005B785461736B496E69745D3A47
:10A3780020466174667320537563636565640D00D8
:10A38800785461736B496E6974000000785368658E
:10A398006C6C0000785461736B4D616E6167657217
:10A3A80000000000785461736B54657374000000FA
:10A3B8005461736B4D6772005368656C6C000000E4
:10A3C80054657374000000004B65726E656C000084
:10A3D8006C73205B706174685D0000004C69737475
:10A3E8002066696C657300006C7300006364203C30
:10A3F800706174683E0000004368616E67652064A0
:10A4080069726563746F727900000000636400000C
:10A41800696E666F203C706174683E0053686F77A0
:10A42800206465766963652F7461736B20696E6655
:10A438006F000000696E666F000000006563686F5A
:10A44800203C746578743E005072696E74206120F7
:10A458006D657373616765006563686F0000000070
:10A4680068656C70205B636F6D6D616E645D000084
:10A4780053686F7720636F6D6D616E642068656CDB
:10A488007000000068656C700000000074726565FB
:10A49800205B706174685D205B64657074685D0042
:10A4A80053686F772066696C6573797374656D207E
:10A4B80074726565000000006D6B646972203C7001
:10A4C8006174683E00000000437265617465206134
:10A4D800206469726563746F727900006D6B6469DA
:10A4E800720000006D6F756E74205B73645D203CB4
:10A4F80072616D66733E00004D6F756E7420534433
:10A5080020746F2052414D46530000006D6F756EE8
:10A51800740000007265626F6F7400005265737496
:10A52800617274207468652073797374656D0000B6
:10A5380064667500456E74657220444655206669E8
:10A54800726D77617265207570677261646500006D
:10A558007361766500000000536176652066696C5A
:10A568006573797374656D20746F20666C617368A8
:10A5780000000000707764005072696E7420776F75
:10A58800726B696E67206469726563746F727900B3
:10A59800726D203C706174683E00000052656D6FFA
:10A5A80076652066696C652F6469726563746F727D
:10A5B80079000000726D0000726573657400000018
:10A5C800466163746F7279207265736574202865BB
:10A5D8007261736529000000666C61736800000091
:10A5E8004572617365205153504920666C617368E8
:10A5F8002063686970000000746F756368203C70A0
:10A608006174683E205B646174615D0043726561DA
:10A61800746520612066696C65000000746F75635D
:10A6280068000000636174203C66696C653E000048
:10A638005072696E742066696C6520636F6E74650C
:10A648006E747300636174006370203C7372633EC0
:10A65800203C6473743E0000436F70792066696C17
:10A6680065000000637000006D76203C7372633EE5
:10A67800203C6473743E00004D6F76652F72656EE2
:10A68800616D652066696C65000000006D760000EC
:10A69800757365203C6465763E203C6F703E205B98
:10A6A800617267735D0000005573652064657669A3
:10A6B800636520666F7073007573650072756E2030
:10A6C8003C7363726970743E0000000052756E201E
:10A6D80061207363726970742066696C650000009C
:10A6E80072756E006B696C6C203C6E616D657C7078
:10A6F80069643E005465726D696E617465206120FD
:10A708007363726970742F7461736B006B696C6C1E
:10A71800000000001B5B313B33316D006361743A0C
:10A728002027257327206E6F7420666F756E640A64
:10A73800000000006361743A2027257327206E6F9C
:10A748007420612066696C650A00000055736167B2
:10A75800653A20636174203C66696C653E0A0000B6
:10A7680063643A206E6F207375636820646972654C
:10A7780063746F7279200000256300000D0A0000E1
:10A7880063643A20746F6F206D616E79206172671F
:10A79800756D656E74730D0A00000000557361676E
:10A7A800653A206370203C7372633E203C64737486
:10A7B8003E0A000063703A206661696C6564202770
:10A7C800257327202D3E20272573270A0000000027
:10A7D8006466753A20746F6F206D616E79206172BE
:10A7E80067756D656E74730A0000000053617669C1
:10A7F8006E672066696C6573797374656D20616E28
:10A808006420656E746572696E6720444655206DD4
:10A818006F64652E2E2E0A0055736167653A2065B0
:10A8280063686F203C737472696E673E0A000000AB
:10A8380055736167653A20666C6173680A000000A9
:10A8480045726173696E67205153504920666C6187
:10A8580073682E2E2E0A0000466C6173682065729C
:10A86800617365642E0A0000466C61736820657226
:10A87800617365206661696C6564210A00000000E7
:10A8880055736167653A2068656C70205B636F6D0E
:10A898006D616E645D0A0000547970653A205469F0
:10A8A8006D65720A00000000547970653A204261B3
:10A8B800736963204465766963650A005479706535
:10A8C8003A2053746F7261676520446576696365E1
:10A8D8000A000000547970653A20446973706C610D
:10A8E80079204465766963650A00000054797065CB
:10A8F8003A20496E707574204465766963650A006C
:10A90800547970653A2053657269616C20446576A4
:10A918006963650A00000000547970653A20547232
:10A92800616E73706F7274204465766963650A009E
:10A93800547970653A20566F6C7461676520446578
:10A94800766963650A000000547970653A204669A3
:10A958006C652053797374656D0A000054797065CD
:10A968003A2046696C650A00547970653A20457842
:10A978006563757461626C650A00000054797065DE
:10A988003A20556E6B6E6F776E0A000053746174CF
:10A9980075733A204F66660A0000000053746174AC
:10A9A80075733A204F6E0A005374617475733A20B8
:10A9B80053757370656E640A000000005374617407
:10A9C80075733A204572726F720A0000537461748D
:10A9D80075733A20427573790A00000053746174E4
:10A9E80075733A20556E6B6E6F776E0A0000000023
:10A9F8005072696F72697479000000005049440010
:10AA08005461736B00000000252D31367320252D0D
:10AA1800357320252D31327320252D387320252DAF
:10AA28003130730A000000005374617475730000BC
:10AA38004C6F6164000000002D2D2D2D2D2D2D2D26
:10AA48002D2D2D2D2D2D2D2D2D2D2D2D2D2D2D2D2E
:10AA58002D2D2D2D2D2D2D2D2D2D2D2D2D2D2D2D1E
:10AA68002D2D2D2D2D2D2D2D2D0A0000252D313686
:10AA78007320252D357500004E6F726D616C0000D6
:10AA880020252D31327300004869676800000000F6
:10AA9800526F6F740000000053797374656D000085
:10AAA800556E6B6E6F776E0020252D372E3166251B
:10AAB80025000000526561647900000020252D31D1
:10AAC80030730A0052756E6E696E67005375737045
:10AAD800656E640053746F70000000005573616701
:10AAE800653A20696E666F203C6465766963657CAB
:10AAF8007461736B3E0A0000696E666F3A20746F6A
:10AB08006F206D616E7920617267756D656E747303
:10AB18000A0000004465766963653A2025730A00D7
:10AB28004465736372697074696F6E3A2025730A9D
:10AB38000000000056616C75653A2025730A000014
:10AB48003D2D3D2D3D2D3D2D3D2D3D2D3D2D3D2DAD
:10AB58003D2D3D2D0A000000696E666F3A202725BD
:10AB68007327206E6F7420666F756E640A0000008C
:10AB780055736167653A206B696C6C203C6E616D3A
:10AB8800657C7069647C2F70726F632F6E616D6570
:10AB98003E0A00002F70726F632F000070726F639F
:10ABA8002F0000006B696C6C656420272573270AE9
:10ABB800000000006B696C6C6564205049442025D6
:10ABC800640A00006B696C6C3A2027257327206E95
:10ABD8006F7420666F756E640A0000006C733A200B
:10ABE800746F6F206D616E7920617267756D656E27
:10ABF80074730A0055736167653A206D6B646972F6
:10AC0800203C706174683E0A000000001B5B313B09
:10AC180033326D006D6B6469723A205B53445D207A
:10AC280025730A006D6B6469723A205B53445D209A
:10AC38006661696C656420282564290A00000000A3
:10AC48006D6B6469723A2025730A00006D6B646944
:10AC5800723A206661696C656420746F206372655E
:10AC68006174652025730A0055736167653A206D24
:10AC78006F756E74203C73645F706174683E203C2D
:10AC880072616D66735F706174683E0A000000004F
:10AC9800202020202020206D6F756E74203C72616A
:10ACA8006D66735F706174683E20202028534420CD
:10ACB800726F6F74202D3E2072616D6673290A00D1
:10ACC8006D6F756E743A2053442063617264206E10
:10ACD8006F7420617661696C61626C650A000000BE
:10ACE8006D6F756E743A2053442070617468202724
:10ACF800257327206572726F723D25640A00000073
:10AD08006D6F756E743A206661696C656420746F46
:10AD1800206372656174652025730A006D6F756E16
:10AD2800746564202573202D3E2025730A000000D9
:10AD380055736167653A206D76203C7372633E20D7
:10AD48003C6473743E0A00006D763A206661696C53
:10AD580065642027257327202D3E20272573270A81
:10AD6800000000006D763A2027257327206E6F7447
:10AD780020666F756E640A007077643A20746F6F8E
:10AD8800206D616E7920617267756D656E74730AE6
:10AD9800000000007265626F6F743A20746F6F2054
:10ADA8006D616E7920617267756D656E74730000F0
:10ADB800536176696E672066696C6573797374652B
:10ADC8006D206265666F7265207265626F6F742EA2
:10ADD8002E2E0A0072657365743A20657261736578
:10ADE80020616C6C20646174613F2028792F6E2982
:10ADF8000A0000001B5B313B33336D0072657365DD
:10AE0800743A2065726173696E6720666C61736855
:10AE18002E2E2E0A0000000072657365743A2064B5
:10AE28006F6E652C207265626F6F7420746F20746A
:10AE3800616B65206566666563740A007265736593
:10AE4800743A206572617365206661696C65640A8D
:10AE5800000000001B5B303B33376D007265736583
:10AE6800743A2063616E63656C65640A00000000D3
:10AE780055736167653A20726D203C706174683E55
:10AE88000A000000726D3A2063616E6E6F74207262
:10AE9800656D6F766520272573273A20646972658A
:10AEA80063746F7279206E6F7420656D7074790A9F
:10AEB80000000000726D3A2027257327206E6F74FA
:10AEC80020666F756E640A0055736167653A207273
:10AED800756E203C7363726970745F66696C653E59
:10AEE8000A00000072756E3A2063616E6E6F7420FE
:10AEF8007265616420272573270A000072756E3A0F
:10AF08002027257327206E6F7420666F756E640A7C
:10AF18000000000072756E3A206661696C656420F5
:10AF2800746F20737461727420286D6178206A6F61
:10AF3800627320726561636865643F290A000000D6
:10AF48007374617274656420272573270A000000F2
:10AF5800736176653A20746F6F206D616E79206138
:10AF68007267756D656E74730A00000055736167CA
:10AF7800653A20746F756368203C706174683E2080
:10AF88005B636F6E74656E745D0A0000746F756341
:10AF9800683A205B53445D2025730A00746F75631B
:10AFA800683A205B53445D206661696C65642028BB
:10AFB8002564290A00000000747265653A207061F2
:10AFC8007468206E6F7420666F756E64206F6E20D3
:10AFD80053443A2025730A00747265653A207061FB
:10AFE8007468206E6F7420666F756E643A202573DE
:10AFF8000A000000646576696365206275737920CC
:10B00800286F70656E656420627920616E6F746860
:10B018006572207461736B290000000064657669AD
:10B028006365206E6F74206F70656E656400000044
:10B038007065726D697373696F6E2064656E69659A
:10B048006420286E6F7420746865206F776E65724F
:10B05800290000006E6F2073756368206465766947
:10B06800636500006572726F720000005573616756
:10B07800653A20757365203C6465766963653E2092
:10B088003C6F703E205B617267735D0A00000000D0
:10B098002020757365202F6465762F5553415254CF
:10B0A80031206F70656E0A002020757365202F644B
:10B0B80065762F55534152543120636C6F73650A7E
:10B0C800000000002020757365202F6465762F55D9
:10B0D8005341525431207772697465203C74657805
:10B0E800743E0A002020757365202F6465762F55FD
:10B0F80053415254312072656164203C6279746511
:10B10800733E0A006F70656E000000007573653A43
:10B11800206F70656E20257320E28692204F4B0ABF
:10B12800000000007573653A206F70656E20257306
:10B1380020E2869220257320282564290A00000031
:10B14800636C6F73650000007573653A20636C6FFC
:10B15800736520257320E28692204F4B0A00000079
:10B168007573653A20636C6F736520257320E286DA
:10B178009220257320282564290A000077726974B3
:10B18800650000007573653A20777269746520253B
:10B198007320256420627974657320E28692204FBB
:10B1A8004B0A00007573653A20777269746520252B
:10B1B8007320E2869220257320282564290A00003E
:10B1C80072656164000000007573653A20726561FC
:10B1D800642025732025642062797465733A0A0017
:10B1E8007573653A207265616420257320E2869242
:10B1F80020257320282564290A0000007573653A04
:10B2080020756E6B6E6F776E206F70202725732701
:10B218000A0000007C2D0000602D00002025732509
:10B22800730A00007C20202000000000202020203D
:10B238000000000025732F25730000002573257377
:10B2480000000000202D3E205B53445D00000000FC
:10B2580025732020202000007363726970745400E5
:10B26800666F7220000000007768696C6520000036
:10B27800656E64666F720000656E647768696C65F8
:10B288000000000069662000656E646966000000C1
:10B29800656C736500000000757365200000000090
:10B2A80064656C6179282564290000006F70656EFB
:10B2B8002025313237730000636C6F7365202531A8
:10B2C8003237730072656164202531323773202567
:10B2D8006400000077726974652025313237730085
:10B2E8007573652025313237732025313573000099
:10B2F80075736520252A73207265616420256400B2
:10B30800666F7220253135732025643A2564000064
:10B318006966202531357320697320256400000093
:10B328007768696C65202531357320697320256439
:10B33800000000007768696C652025640000000043
:10B348002531357320256320256400003F00000067
:10B3580020205B25735D20257320257320E28692CB
:10B368002025640A0000000020205B25735D206111
:10B37800626F7274656420282564206572726F722A
:10B3880073290A0070726F630000000052554E4E18
:10B39800494E47004B494C4C45440000286E6F20ED
:10B3A80072756E6E696E6720736372697074732943
:10B3B8000A000000252D323073202025730A000072
:10B3C80073683A2027257327206E6F7420666F757F
:10B3D8006E642E2054797065202768656C70272E5E
:10B3E8000A000000557361676500000044657363D7
:10B3F80072697074696F6E00436F6D6D616E640081
:10B40800252D38732020252D323673202025730AE8
:10B4180000000000257320E280942025730A0000B4
:10B4280055736167653A2025730A000064657600E4
:10B438007573720062696E00637075002E2E2F009E
:10B44800726D3A206E6F20737563682066696C654B
:10B45800206F72206469726563746F72790A0000E4
:10B46800746F7563683A20706172656E74206E6FD0
:10B478007420666F756E640A00000000746F75634F
:10B48800683A2027257327206578697374730A0042
:10B49800257320200000000025732F2020000000C5
:10B4A8001B5B313B33346D001B5B313B33356D0027
:10B4B800257309002E2E0000736176653A202564F5
:10B4C80020646972732C2025642066696C65732C6E
:10B4D800202564206D6F756E747320E286922000BB
:10B4E8006572617365206661696C6564210A000094
:10B4F8006572617365204F4B2C2077726974696E91
:10B50800672E2E2E20000000777269746520666110
:10B51800696C6564210A00007665726966792E2E69
:10B528002E2000004F4B2028256C75206279746509
:10B5380073290A006D69736D61746368210A0000DC
:10B548005B46535D3A20435243206D69736D6174C5
:10B5580063680A002C2066756E6374696F6E3A2002
:10B5680000000000617373657274696F6E20222594
:10B578007322206661696C65643A2066696C65208F
:10B58800222573222C206C696E652025642573257D
:10B59800730A000068010024494E4600696E66007F
:10B5A8004E414E006E616E003031323334353637DD
:10B5B80038396162636465660000000030313233F7
:10B5C8003435363738394142434445460000000097
:10B5D800286E756C6C2900003000000020202020A7
:10B5E8002020202020202020202020203030303013
:10B5F80030303030303030303030303065256C64A9
:10B60800000000000A000100020003000400050019
:10B6180006000700080009000A000B000C000D00D6
:10B628000E000F00100000002020202020202020E5
:10B638002020202020202020303030303030303082
:10B648003030303030303030202020202020202072
:10B658002020202020202020303030303030303062
:10B668003030303030303030002020202020202072
:10B67800202028282828282020202020202020209A
:10B6880020202020202020202088101010101010AA
:10B6980010101010101010101004040404040404F6
:10B6A8000404041010101010101041414141414190
:10B6B8000101010101010101010101010101010172
:10B6C8000101010110101010101042424242424282
:10B6D8000202020202020202020202020202020242
:10B6E80002020202101010102000000000000000EA
:10B6F8000000000000000000000000000000000042
:10B708000000000000000000000000000000000031
:10B718000000000000000000000000000000000021
:10B728000000000000000000000000000000000011
:10B738000000000000000000000000000000000001
:10B7480000000000000000000000000000000000F1
:10B7580000000000000000000000000000000000E1
:10B768000000000000000000000000004E614E00D4
:10B77800496E66696E6974790000000042616C6CFC
:10B788006F6320737563636565646564000000001A
:10B798002F6D6E742F776F726B73706163652F777F
:10B7A8006F726B73706163652F4743432D31302D82
:10B7B800706970656C696E652F6A656E6B696E730A
:10B7C8002D4743432D31302D706970656C696E6566
:10B7D8002D3333385F32303231313031385F3136E2
:10B7E80033343531363230332F7372632F6E6577C9
:10B7F8006C69622F6E65776C69622F6C6962632F62
:10B808007374646C69622F64746F612E6300000046
:10B8180043000000504F5349580000002E0000001C
:10B828002F6D6E742F776F726B73706163652F77EE
:10B838006F726B73706163652F4743432D31302DF1
:10B84800706970656C696E652F6A656E6B696E7379
:10B858002D4743432D31302D706970656C696E65D5
:10B868002D3333385F32303231313031385F313651
:10B8780033343531363230332F7372632F6E657738
:10B888006C69622F6E65776C69622F6C6962632FD1
:10B898007374646C69622F6D707265632E63000047
:10B8A8000080E03779C34143176E05B5B5B89346B4
:10B8B800F5F93FE9034F384D321D30F94877825A80
:10B8C8003CBF737FDD4F1575000000000000F03F9E
:10B8D8000000000000002440000000000000594063
:10B8E8000000000000408F40000000000088C340B6
:10B8F80000000000006AF8400000000080842E412B
:10B9080000000000D01263410000000084D7974176
:10B918000000000065CDCD41000000205FA002427C
:10B92800000000E876483742000000A2941A6D42F1
:10B93800000040E59C30A2420000901EC4BCD642E4
:10B9480000003426F56B0C430080E03779C341438F
:10B9580000A0D8855734764300C84E676DC1AB4305
:10B96800003D9160E458E143408CB5781DAF154423
:10B9780050EFE2D6E41A4B4492D54D06CFF08044FE
:10B98800F64AE1C7022DB544B49DD9794378EA4413
:10B9980005000000190000007D0000006E66000030
:10B9A800696E697479000000616E0000350000005E
:10B9B800CEFBFFFFCB0300000100000000000000E9
:10B9C80034000000CEFBFFFFCB03000001000000A5
:10B9D8000000000000000000BC89D897B2D29C3C4F
:10B9E80033A7A8D523F649393DA7F444FD0FA5325E
:10B9F8009D978CCF08BA5B25436FAC642806681105
:10BA08002F6D6E742F776F726B73706163652F770C
:10BA18006F726B73706163652F4743432D31302D0F
:10BA2800706970656C696E652F6A656E6B696E7397
:10BA38002D4743432D31302D706970656C696E65F3
:10BA48002D3333385F32303231313031385F31366F
:10BA580033343531363230332F7372632F6E657756
:10BA68006C69622F6E65776C69622F6C6962632FEF
:10BA78007374646C69622F6764746F612D67657491
:10BA88006865782E630000000000000000000000D8
:10BA9800000000000000000000000000000000009E
:10BAA800000000000000000000000000000000008E
:10BAB80000000000000000001011121314151617E2
:10BAC8001819000000000000001A1B1C1D1E1F0092
:10BAD800000000000000000000000000000000005E
:10BAE8000000000000000000001A1B1C1D1E1F00A3
:10BAF800000000000000000000000000000000003E
:10BB0800000000000000000000000000000000002D
:10BB1800000000000000000000000000000000001D
:10BB2800000000000000000000000000000000000D
:10BB380000000000000000000000000000000000FD
:10BB480000000000000000000000000000000000ED
:10BB580000000000000000000000000000000000DD
:10BB680000000000000000000000000000000000CD
:10BB780000000000000000000000000000000000BD
:10BB8800000000000000000024B80208A0A7020876
:04BB9800100B00246A
:08BB9C002C51FD7F01000000A7
:08BBA400792F0208E5020008F8
:04BBAC00C1020008CA
:10BBB000000000000000000071160008691600086F
:10BBC000991700089D170008D1170008A117000851
:10BBD0000000000000000000F31A0008C11A00086D
:10BBE000C48602080C0018003000000000000000AD
:10BBF00000000000891B0008991B0008F9210008BB
:10BC0000D92100085D210008B92100080090D00367
:10BC10000090D003010000001000000001000000AF
:10BC2000DF1301087B130108611201080000000006
:10BC300089100108E5110108AD110108000000009C
:10BC40000000000000000000651101081D1101083E
:10BC5000D5100108C910010809024300020100C003
:10BC60003209040000010202010005240010010550
:10BC700024010001042402020524060001070582B4
:10BC80000308001009040100020A00000007050172
:10BC90000240000007058102400000000A06000281
:10BCA0000000004001000000AAAAAAAA617C0108C5
:10BCB000397C01083D7C0108457C0108417C010874
:10BCC0006D7D0108797D01083D7E0108197E01081E
:10BCD000057E0108597E01087D7E010800000000F4
:10BCE00012010002020200408304405700020102D8
:10BCF00003010000040309041A030000000000000F
:10BD00000000000000000000000000000000000033
:10BD1000000000006801002400000000540400241A
:10BD2000BC040024240500240000000000000000E2
:10BD30000000000000000000000000000000000003
:10BD400000000000000000000000000000000000F3
:10BD500000000000000000000000000000000000E3
:10BD600000000000000000000000000000000000D3
:10BD700000000000000000000000000000000000C3
:10BD800000000000000000000000000000000000B3
:10BD900000000000000000000000000000000000A3
:10BDA0000000000000000000000000000000000093
:10BDB0000000000000000000000000000000000083
:10BDC00001000000000000000E33CDAB34126DE620
:10BDD000ECDE05000B000000000000000000000089
:10BDE0000000000000000000000000000000000053
:10BDF0000000000000000000000000000000000043
:10BE00000000000000000000000000000000000032
:10BE10000000000000000000000000000000000022
:10BE20000000000000000000000000000000000012
:10BE30000000000000000000000000000000000002
:10BE400000000000000000000000000000000000F2
:10BE500000000000000000000000000000000000E2
:10BE600000000000000000000000000000000000D2
:10BE700000000000000000000000000000000000C2
:10BE800000000000000000000000000000000000B2
:10BE900000000000000000000000000000000000A2
:10BEA0000000000000000000000000000000000092
:10BEB0000000000000000000000000000000000082
:10BEC0000000000000000000000000000000000072
:10BED0000000000000000000000000000000000062
:10BEE0000000000000000000000000000000000052
:10BEF0000000000000000000000000000000000042
:10BF00000000000000000000000000000000000031
:10BF10000000000000000000000000000000000021
:10BF20000000000000000000000000000000000011
:10BF30000000000000000000000000000000000001
:10BF400000000000000000000000000000000000F1
:10BF500000000000000000000000000000000000E1
:10BF600000000000000000000000000000000000D1
:10BF700000000000000000000000000000000000C1
:10BF800000000000000000000000000000000000B1
:10BF900000000000000000000000000000000000A1
:10BFA0000000000000000000000000000000000091
:10BFB0000000000000000000000000000000000081
:10BFC0000000000000000000000000000000000071
:10BFD0000000000000000000000000000000000061
:10BFE0000000000000000000000000000000000051
:10BFF0000000000000000000000000000000000041
:10C000000000000000000000000000000000000030
:10C010000000000000000000000000000000000020
:10C020000000000000000000000000000000000010
:10C030000000000000000000000000000000000000
:10C0400000000000000000000000000000000000F0
:10C0500000000000000000000000000000000000E0
:10C0600000000000000000000000000000000000D0
:10C0700000000000000000000000000000000000C0
:10C0800000000000000000000000000000000000B0
:10C0900000000000000000000000000000000000A0
:10C0A0000000000000000000000000000000000090
:10C0B0000000000000000000000000000000000080
:10C0C0000000000000000000000000000000000070
:10C0D0000000000000000000000000000000000060
:10C0E0000000000000000000000000000000000050
:10C0F0000000000000000000000000000000000040
:10C10000000000000000000000000000000000002F
:10C11000000000000000000000000000000000001F
:10C12000000000000000000000000000000000000F
:10C1300000000000000000000000000000000000FF
:10C1400020C80024430000000000000000000000A0
:10C1500000000000000000000000000000000000DF
:10C16000000000004300000000000000000000008C
:10C1700000000000000000000000000000000000BF
:10C18000000000004300000000000000000000006C
:10C19000000000000000000000000000000000009F
:10C1A000000000004300000000000000000000004C
:10C1B000000000000000000000000000000000007F
:10C1C000000000004300000000000000000000002C
:10C1D000000000000000000000000000000000005F
:10C1E000000000004300000000000000000000000C
:10C1F000000000000000000000000000000000003F
:10C2000000000000430000000000000000000000EB
:10C21000000000000000000000000000000000001E
:10C2200000000000D57A0208215102080000000039
:10C2300070B6020824B80208A0A70208A0A7020846
:10C24000A0A70208A0A70208A0A70208A0A70208AA
:10C25000A0A70208A0A70208A0A70208FFFFFFFFEF
:10C26000FFFFFFFFFFFFFFFFFFFF00000100415343
:10C2700043494900000000000000000000000000E9
:10C28000000000000000000000000000000041531A
:10C2900043494900000000000000000000000000C9
:10C2A000000000000000000000000000000000008E
:10C2B0000000000000000000000700240007002428
:10C2C0000807002408070024100700241007002492
:10C2D0001807002418070024200700242007002442
:10C2E00028070024280700243007002430070024F2
:10C2F00038070024380700244007002440070024A2
:10C300004807002448070024500700245007002451
:10C310005807002458070024600700246007002401
:10C3200068070024680700247007002470070024B1
:10C330007807002478070024800700248007002461
:10C340008807002488070024900700249007002411
:10C350009807002498070024A0070024A0070024C1
:10C36000A8070024A8070024B0070024B007002471
:10C37000B8070024B8070024C0070024C007002421
:10C38000C8070024C8070024D0070024D0070024D1
:10C39000D8070024D8070024E0070024E007002481
:10C3A000E8070024E8070024F0070024F007002431
:10C3B000F8070024F80700240008002400080024DF
:10C3C000080800240808002410080024100800248D
:10C3D000180800241808002420080024200800243D
:10C3E00028080024280800243008002430080024ED
:10C3F000380800243808002440080024400800249D
:10C40000480800244808002450080024500800244C
:10C4100058080024580800246008002460080024FC
:10C4200068080024680800247008002470080024AC
:10C43000780800247808002480080024800800245C
:10C44000880800248808002490080024900800240C
:10C450009808002498080024A0080024A0080024BC
:10C46000A8080024A8080024B0080024B00800246C
:10C47000B8080024B8080024C0080024C00800241C
:10C48000C8080024C8080024D0080024D0080024CC
:10C49000D8080024D8080024E0080024E00800247C
:10C4A000E8080024E8080024F0080024F00800242C
:10C4B000F8080024F80800240009002400090024DA
:10C4C0000809002408090024100900241009002488
:10C4D0001809002418090024200900242009002438
:10C4E00028090024280900243009002430090024E8
:10C4F0003809002438090024400900244009002498
:10C500004809002448090024500900245009002447
:10C5100058090024580900246009002460090024F7
:10C5200068090024680900247009002470090024A7
:10C530007809002478090024800900248009002457
:10C540008809002488090024900900249009002407
:10C550009809002498090024A0090024A0090024B7
:10C56000A8090024A8090024B0090024B009002467
:10C57000B8090024B8090024C0090024C009002417
:10C58000C8090024C8090024D0090024D0090024C7
:10C59000D8090024D8090024E0090024E009002477
:10C5A000E8090024E8090024F0090024F009002427
:10C5B000F8090024F8090024000A0024000A0024D5
:10C5C000080A0024080A0024100A0024100A002483
:10C5D000180A0024180A0024200A0024200A002433
:10C5E000280A0024280A0024300A0024300A0024E3
:10C5F000380A0024380A0024400A0024400A002493
:10C60000480A0024480A0024500A0024500A002442
:10C61000580A0024580A0024600A0024600A0024F2
:10C62000680A0024680A0024700A0024700A0024A2
:10C63000780A0024780A0024800A0024800A002452
:10C64000880A0024880A0024900A0024900A002402
:10C65000980A0024980A0024A00A0024A00A0024B2
:10C66000A80A0024A80A0024B00A0024B00A002462
:10C67000B80A0024B80A0024C00A0024C00A002412
:10C68000C80A0024C80A0024D00A0024D00A0024C2
:10C69000D80A0024D80A0024E00A0024E00A002472
:10C6A000E80A0024E80A0024F00A0024F00A002422
:10C6B000F80A0024F80A0024FFFFFFFF0000020030
:04C6C000FF00000077
:0400000508003DA50D
:00000001FF
