:020000040800F2
:1000000000000824414000086D3800086F380008DF
:1000100071380008733800087538000800000000C7
:10002000000000000000000000000000F10C0108CA
:100030007738000800000000910D0108F50D010857
:10004000914000089140000891400008914000084C
:10005000914000089140000891400008914000083C
:10006000914000089140000891400008793800084C
:10007000914000089140000891400008914000081C
:10008000914000089140000891400008914000080C
:1000900091400008914000089140000891400008FC
:1000A00091400008893800089140000891400008FC
:1000B00091400008914000089140000891400008DC
:1000C00091400008914000089140000891400008CC
:1000D00091400008914000089140000891400008BC
:1000E0009140000891400008000000009140000885
:1000F000914000089140000891400008914000089C
:10010000914000089938000891400008914000088B
:10011000914000089140000891400008914000087B
:10012000914000089140000891400008914000086B
:10013000914000089140000891400008914000085B
:1001400000000000000000000000000000000000AF
:10015000914000089140000891400008914000083B
:10016000914000089140000891400008914000082B
:1001700091400008914000089140000800000000F4
:10018000914000089140000891400008914000080B
:1001900091400008914000089140000891400008FB
:1001A00091400008914000089140000891400008EB
:1001B000A9380008914000089140000891400008CB
:1001C00091400008914000089140000891400008CB
:1001D00091400008B938000891400008914000089B
:1001E00091400008914000089140000891400008AB
:1001F000914000089140000891400008914000089B
:10020000914000089140000891400008914000088A
:10021000914000089140000891400008914000087A
:100220009140000891400008C93800080000000013
:100230009140000891400008000000009140000833
:10024000914000089140000891400008914000084A
:10025000914000089140000891400008914000083A
:10026000914000089140000891400008914000082A
:1002700091400008914000089140000800000000F3
:1002800091400008914000089140000800000000E3
:0802900000000000914000088D
:1002C00010B5054C237833B9044B13B10448AFF390
:1002D00000800123237010BDC00A0024000000002C
:1002E0009CBC010808B5034B1BB103490348AFF39D
:1002F000008008BD00000000C40A00249CBC010866
:10030000BFF34F8F09480A490860BFF34F8FBFF30F
:100310006F8FFEE772B6074801680422114301603F
:10032000054801681143016030BF00000400FA0570
:100330000CED00E010ED00E00844025881F00041AF
:1003400002E000BF83F0004330B54FEA41044FEABA
:10035000430594EA050F08BF90EA020F1FBF54EA55
:10036000000C55EA020C7FEA645C7FEA655C00F0F1
:10037000E2804FEA5454D4EB5555B8BF6D420CDDC2
:100380002C4480EA020281EA030382EA000083EA45
:10039000010180EA020281EA0303362D88BF30BDE5
:1003A00011F0004F4FEA01314FF4801C4CEA11313B
:1003B00002D0404261EB410113F0004F4FEA03339A
:1003C0004CEA133302D0524263EB430394EA050F25
:1003D00000F0A780A4F10104D5F1200E0DDB02FA94
:1003E0000EFC22FA05F2801841F1000103FA0EF228
:1003F000801843FA05F359410EE0A5F120050EF1EE
:10040000200E012A03FA0EFC28BF4CF0020C43FA1E
:1004100005F3C01851EBE37101F0004507D54FF02B
:10042000000EDCF1000C7EEB00006EEB0101B1F57B
:10043000801F1BD3B1F5001F0CD349085FEA3000C1
:100440004FEA3C0C04F101044FEA445212F5800FCC
:1004500080F09A80BCF1004F08BF5FEA500C50F169
:10046000000041EB045141EA050130BD5FEA4C0C4C
:10047000404141EB0101013C28BFB1F5801FE9D2A9
:1004800091F0000F04BF01460020B1FA81F308BFCC
:100490002033A3F10B03B3F120020CDA0C3208DD98
:1004A00002F1140CC2F10C0201FA0CF021FA02F173
:1004B0000CE002F11402D8BFC2F1200C01FA02F1E3
:1004C00020FA0CFCDCBF41EA0C019040E41AA2BF08
:1004D00001EB0451294330BD6FEA04041F3C1CDAD0
:1004E0000C340EDC04F11404C4F1200220FA04F0F0
:1004F00001FA02F340EA030021FA04F345EA03019A
:1005000030BDC4F10C04C4F1200220FA02F001FA5B
:1005100004F340EA0300294630BD21FA04F02946DD
:1005200030BD94F0000F83F4801306BF81F4801176
:100530000134013D4EE77FEA645C18BF7FEA655CE9
:1005400029D094EA050F08BF90EA020F05D054EABB
:10055000000C04BF1946104630BD91EA030F1EBFC0
:100560000021002030BD5FEA545C05D140004941C4
:1005700028BF41F0004130BD14F580043CBF01F5B7
:10058000801130BD01F0004545F0FE4141F470019D
:100590004FF0000030BD7FEA645C1ABF1946104678
:1005A0007FEA655C1CBF0B46024650EA013406BF79
:1005B00052EA033591EA030F41F4002130BD00BF38
:1005C00090F0000F04BF0021704730B54FF48064F5
:1005D00004F132044FF000054FF0000150E700BF76
:1005E00090F0000F04BF0021704730B54FF48064D5
:1005F00004F1320410F0004548BF40424FF00001C2
:100600003EE700BF42004FEAE2014FEA31014FEA04
:1006100002701FBF12F07F4393F07F4F81F0605153
:10062000704732F07F4208BF704793F07F4F04BF9E
:1006300041F40021704730B54FF4607401F000457B
:1006400021F000411CE700BF50EA010208BF7047DB
:1006500030B54FF000050AE050EA010208BF7047CC
:1006600030B511F0004502D5404261EB41014FF435
:10067000806404F132045FEA915C3FF4D8AE4FF03D
:1006800003025FEADC0C18BF03325FEADC0C18BF20
:10069000033202EBDC02C2F1200300FA03FC20FA71
:1006A00002F001FA03FE40EA0E0021FA02F11444BE
:1006B000BDE600BF70B54FF0FF0C4CF4E06C1CEAD7
:1006C00011541DBF1CEA135594EA0C0F95EA0C0F48
:1006D00000F0DEF82C4481EA030621EA4C5123EABB
:1006E0004C5350EA013518BF52EA033541F48011EA
:1006F00043F4801338D0A0FB02CE4FF00005E1FB9D
:1007000002E506F00042E0FB03E54FF00006E1FBE6
:1007100003569CF0000F18BF4EF0010EA4F1FF0429
:10072000B6F5007F64F5407404D25FEA4E0E6D4169
:1007300046EB060642EAC62141EA55514FEAC5207A
:1007400040EA5E504FEACE2EB4F1FD0C88BFBCF5F6
:10075000E06F1ED8BEF1004F08BF5FEA500E50F1A7
:10076000000041EB045170BD06F0004646EA01016D
:1007700040EA020081EA0301B4EB5C04C2BFD4EB9F
:100780000C0541EA045170BD41F480114FF0000E98
:10079000013C00F3AB8014F1360FDEBF002001F006
:1007A000004170BDC4F10004203C35DA0C341BDC80
:1007B00004F11404C4F1200500FA05F320FA04F052
:1007C00001FA05F240EA020001F0004221F0004186
:1007D00010EBD37021FA04F642EB06015EEA430EF9
:1007E00008BF20EAD37070BDC4F10C04C4F1200529
:1007F00000FA04F320FA05F001FA04F240EA0200DC
:1008000001F0004110EBD37041F100015EEA430EAC
:1008100008BF20EAD37070BDC4F1200500FA05F2CC
:100820004EEA020E20FA04F301FA05F243EA02034B
:1008300021FA04F001F0004121FA04F220EA02005A
:1008400000EBD3705EEA430E08BF20EAD37070BDA0
:1008500094F0000F0FD101F00046400041EB010180
:1008600011F4801F08BF013CF7D041EA060195F062
:10087000000F18BF704703F00046520043EB03031C
:1008800013F4801F08BF013DF7D043EA0603704709
:1008900094EA0C0F0CEA135518BF95EA0C0F0CD014
:1008A00050EA410618BF52EA4306D1D181EA03015A
:1008B00001F000414FF0000070BD50EA410606BF54
:1008C0001046194652EA430619D094EA0C0F02D199
:1008D00050EA013613D195EA0C0F05D152EA0336DE
:1008E0001CBF104619460AD181EA030101F00041FC
:1008F00041F0FE4141F470014FF0000070BD41F045
:10090000FE4141F4780170BD70B54FF0FF0C4CF41E
:10091000E06C1CEA11541DBF1CEA135594EA0C0F3D
:1009200095EA0C0F00F0A7F8A4EB050481EA030E8A
:1009300052EA03354FEA013100F088804FEA033371
:100940004FF0805545EA131343EA12634FEA02223F
:1009500045EA111545EA10654FEA00260EF0004100
:100960009D4208BF964244F1FD0404F5407402D252
:100970005B084FEA3202B61A65EB03055B084FEAE3
:1009800032024FF480104FF4002CB6EB020E75EBE0
:10099000030E22BFB61A754640EA0C005B084FEA08
:1009A0003202B6EB020E75EB030E22BFB61A754685
:1009B00040EA5C005B084FEA3202B6EB020E75EBD0
:1009C000030E22BFB61A754640EA9C005B084FEA48
:1009D0003202B6EB020E75EB030E22BFB61A754655
:1009E00040EADC0055EA060E18D04FEA051545EA44
:1009F00016754FEA06164FEAC30343EA52734FEAED
:100A0000C2025FEA1C1CC0D111F4801F0BD141EA65
:100A100000014FF000004FF0004CB6E711F4801FCA
:100A200004BF01430020B4F1FD0C88BFBCF5E06FAA
:100A30003FF6AFAEB5EB030C04BFB6EB020C5FEABA
:100A4000500C50F1000041EB045170BD0EF0004E0F
:100A50004EEA113114EB5C04C2BFD4EB0C0541EA41
:100A6000045170BD41F480114FF0000E013C90E63E
:100A700045EA060E8DE60CEA135594EA0C0F08BF02
:100A800095EA0C0F3FF43BAF94EA0C0F0AD150EA01
:100A900001347FF434AF95EA0C0F7FF425AF104694
:100AA00019462CE795EA0C0F06D152EA03353FF4BC
:100AB000FDAE1046194622E750EA410618BF52EA39
:100AC00043067FF4C5AE50EA41047FF40DAF52EA0D
:100AD00043057FF4EBAE12E74FEA4102B2F1E04387
:100AE00024BFB3F5001CDCF1FE5C0DD901F0004C15
:100AF0004FEAC0024CEA5070B2F1004F40EB830065
:100B000008BF20F00100704711F0804F21D113F190
:100B10003872BCBF01F00040704741F480114FEAC9
:100B20005252C2F11802C2F1200C10FA0CF320FA52
:100B300002F018BF40F001004FEAC1234FEAD3236F
:100B400003FA0CFC40EA0C0023FA02F34FEA4303D9
:100B5000CCE77FEA625307D150EA01331EBF4FF062
:100B6000FE4040F44000704701F0004040F0FE407D
:100B700040F40000704700BF53B94AB9002908BFCC
:100B800000281CBF4FF0FF314FF0FF3000F074B968
:100B9000ADF1080C6DE904CE00F006F8DDF804E0D4
:100BA000DDE9022304B070472DE9F047089D0446B3
:100BB0008E46002B4DD18A42944669D9B2FA82F210
:100BC00052B101FA02F3C2F1200120FA01F10CFA4C
:100BD00002FC41EA030E94404FEA1C48210CBEFB84
:100BE000F8F61FFA8CF708FB16E341EA034306FB0D
:100BF00007F199420AD91CEB030306F1FF3080F09C
:100C00001F81994240F21C81023E63445B1AA4B2E8
:100C1000B3FBF8F008FB103344EA034400FB07F78A
:100C2000A7420AD91CEB040400F1FF3380F00A81CB
:100C3000A74240F207816444023840EA0640E41BC0
:100C400000261DB1D4400023C5E900433146BDE86C
:100C5000F0878B4209D9002D00F0EF800026C5E90E
:100C6000000130463146BDE8F087B3FA83F6002E26
:100C70004AD18B4202D3824200F2F980841A61EB9E
:100C8000030301209E46002DE0D0C5E9004EDDE7BC
:100C900002B9FFDEB2FA82F2002A40F09280A1EBA4
:100CA0000C014FEA1C471FFA8CFE0126200CB1FBF9
:100CB000F7F307FB131140EA01410EFB03F08842F2
:100CC00008D91CEB010103F1FF3802D2884200F27F
:100CD000CB804346091AA4B2B1FBF7F007FB101111
:100CE00044EA01440EFB00FEA64508D91CEB0404AF
:100CF00000F1FF3102D2A64500F2BB800846A4EB0A
:100D00000E0440EA03409CE7C6F12007B34022FAF4
:100D100007FC4CEA030C20FA07F401FA06F31C4323
:100D2000F9404FEA1C4900FA06F3B1FBF9F8200C30
:100D30001FFA8CFE09FB181140EA014108FB0EF076
:100D4000884202FA06F20BD91CEB010108F1FF3AC6
:100D500080F08880884240F28580A8F102086144D2
:100D6000091AA4B2B1FBF9F009FB101144EA0141E0
:100D700000FB0EFE8E4508D91CEB010100F1FF348B
:100D80006CD28E456AD90238614440EA0840A0FB23
:100D90000294A1EB0E01A142C846A64656D353D0F9
:100DA0005DB1B3EB080261EB0E0101FA07F722FA1D
:100DB00006F3F1401F43C5E9007100263146BDE846
:100DC000F087C2F12003D8400CFA02FC21FA03F3A9
:100DD000914001434FEA1C471FFA8CFEB3FBF7F02A
:100DE00007FB10360B0C43EA064300FB0EF69E424F
:100DF00004FA02F408D91CEB030300F1FF382FD2E8
:100E00009E422DD9023863449B1B89B2B3FBF7F68F
:100E100007FB163341EA034106FB0EF38B4208D968
:100E20001CEB010106F1FF3816D28B4214D9023EA9
:100E30006144C91A46EA004638E72E46284605E7C7
:100E40000646E3E61846F8E64B45A9D2B9EB020898
:100E500064EB0C0E0138A3E74646EAE7204694E728
:100E60004046D1E7D0467BE7023B614432E730465B
:100E700009E76444023842E7704700BF844641EA0C
:100E8000000313F003036DD1403A41D351F8043B02
:100E900040F8043B51F8043B40F8043B51F8043B54
:100EA00040F8043B51F8043B40F8043B51F8043B44
:100EB00040F8043B51F8043B40F8043B51F8043B34
:100EC00040F8043B51F8043B40F8043B51F8043B24
:100ED00040F8043B51F8043B40F8043B51F8043B14
:100EE00040F8043B51F8043B40F8043B51F8043B04
:100EF00040F8043B51F8043B40F8043B51F8043BF4
:100F000040F8043B51F8043B40F8043B403ABDD262
:100F1000303211D351F8043B40F8043B51F8043B04
:100F200040F8043B51F8043B40F8043B51F8043BC3
:100F300040F8043B103AEDD20C3205D351F8043B93
:100F400040F8043B043AF9D2043208D0D2071CBF5F
:100F500011F8013B00F8013B01D30B880380604688
:100F6000704700BF082A13D38B078DD010F00303FE
:100F70008AD0C3F10403D21ADB071CBF11F8013B6E
:100F800000F8013B80D331F8023B20F8023B7BE7BD
:100F9000043AD9D3013A11F8013B00F8013BF9D2E8
:100FA0000B7803704B7843708B7883706046704782
:100FB0000000000000000000000000000000000031
:100FC000A2EB0300704700BF02780B78012A28BF0C
:100FD0009A42F5D16DE9044540EA0104CDE9026782
:100FE0006FF0000C4FEA447212B380EA010414F06F
:100FF000070F6AD100F0070420F0070004F0030592
:1010000021F007014FEAC505F0E8042314F0040FAE
:10101000F1E804670CFA05F462EA040266EA0406E1
:101020000AD063EA0403624667EA0407664603E0FF
:10103000F0E80423F1E8046782FA4CF582EA06043A
:10104000A4FA8CF46CBB83FA4CF583EA0705A5FA85
:101050008CF595B950E9022351E9026782FA4CF503
:1010600082EA0604A4FA8CF483FA4CF583EA0705B5
:10107000A5FA8CF52543DBD09CB92DBAB5FA85F4D9
:1010800024F0070427FA04F1DDE9026723FA04F3E8
:1010900003F0FF0001F0FF01FDE80445A0EB0100B3
:1010A000704724BAB4FA84F424F0070426FA04F151
:1010B000DDE9026722FA04F202F0FF0001F0FF010D
:1010C000FDE80445A0EB0100704714F0030F3CD18C
:1010D00010F0030428D150F8082B51F8083B82FA8D
:1010E0004CF582EA0305A5FA8CF55DB950F8042C9D
:1010F00051F8043C82FA4CF582EA0305A5FA8CF516
:10110000002DE8D02DBAB5FA85F424F0070423FAAF
:1011100004F122FA04F202F0FF0001F0FF01FDE801
:101120000445A0EB010070474FEAC40420F003001F
:1011300050F8082B21F0030151F8083B0CFA04F495
:1011400062EA040263EA0403C9E710F003041AD058
:10115000A1EB040120F00300E40750F8042B06D0B3
:101160000FD28B785FFAA2F4E41A06D12BB1CB78B8
:101170005FFAB2F4E41A00D11BB920465DF8104BB7
:10118000704701F1040150F8042BCC0721F0030152
:1011900051F8043B48D824D222F07F4482FA4CF51F
:1011A00094EA1325A5FA8CF50AD165B951F8043BE8
:1011B00084EA0204B4EB036F0ED150F8042BEBE782
:1011C0004FEA132355E035F07F454DD10878FDE80F
:1011D0000445C0F1000070474FEA126203F0FF03BC
:1011E00047E002EA1C4482FA4CF594EA1345A5FA5A
:1011F0008CF50AD165B951F8043B84EA0204B4EBDA
:10120000034F0CD150F8042BEBE74FEA134330E0C7
:1012100015EA1C4528D10B884FEA124229E04FEA13
:10122000124203EA1C4324E002F0FF0482FA4CF568
:1012300094EA1365A5FA8CF50AD165B951F8043B17
:1012400084EA0204B4EB032F09D150F8042BEBE736
:101250004FEA13630DE015F0FF0F05D10B684FEA5D
:10126000122223F07F4304E04FF00000FDE8044524
:10127000704712BA1BBA82FA4CF482EA0304A4FA49
:101280008CF5B5FA85F402FA04F203FA04F34FEA96
:101290001260FDE80445A0EB1360704700000000F9
:1012A000000000000000000000000000000000003E
:1012B000000000000000000000000000000000002E
:1012C00090F800F06DE9024520F007016FF0000C86
:1012D00010F0070491F820F040F049804FF000042E
:1012E0006FF00700D1E9002391F840F000F1080009
:1012F00082FA4CF2A4FA8CF283FA4CF3A2FA8CF341
:101300004BBBD1E9022382FA4CF200F10800A4FAA7
:101310008CF283FA4CF3A2FA8CF3E3B9D1E90423FB
:1013200082FA4CF200F10800A4FA8CF283FA4CF332
:10133000A2FA8CF37BB9D1E9062301F1200182FAEC
:101340004CF200F10800A4FA8CF283FA4CF3A2FAF2
:101350008CF3002BC6D0002A04BF04301A4612BA00
:10136000B2FA82F2FDE8024500EBD2007047D1E903
:10137000002304F00305C4F100004FEAC50514F092
:10138000040F91F840F00CFA05F562EA05021CBF63
:1013900063EA050362464FF00004A9E7000000007D
:1013A00001F0FF01102A2BDB10F0070F08D010F816
:1013B000013B013A8B422DD010F0070F42B3F6D11A
:1013C000F0B441EA012141EA014122F007047FF033
:1013D00000070023F0E80256083C85EA010586EA8A
:1013E000010685FA47F5A3FA87F586FA47F6A5FAC6
:1013F00087F68EB9EED1F0BC01F0FF0102F00702D2
:1014000032B110F8013B013A83EA010313B1F8D17C
:101410000020704701387047002D06BF354603385D
:10142000073815F0010F07D1013015F4807F02BF96
:10143000013015F4C03F0130F0BC0138704700BFE7
:101440004FF0FF3C06E000BF4FF0010C02E000BF90
:101450004FF0010C4DF804CD4FEA410C7FEA6C5C73
:101460004FEA430C18BF7FEA6C5C1BD001B050EA16
:10147000410C0CBF52EA430C91EA030F02BF90EA01
:10148000020F0020704710F1000F91EA030F58BFC0
:10149000994208BF90422CBFD8176FEAE37040F022
:1014A000010070474FEA410C7FEA6C5C02D150EAC0
:1014B000013C07D14FEA430C7FEA6C5CD6D152EA7B
:1014C000033CD3D05DF8040B704700BF8446104640
:1014D00062468C461946634600E000BF01B5FFF73F
:1014E000B7FF002848BF10F1000F01BD4DF808ED0F
:1014F000FFF7F4FF0CBF012000205DF808FB00BFE0
:101500004DF808EDFFF7EAFF34BF012000205DF839
:1015100008FB00BF4DF808EDFFF7E0FF94BF012086
:1015200000205DF808FB00BF4DF808EDFFF7CEFF87
:1015300094BF012000205DF808FB00BF4DF808EDC6
:10154000FFF7C4FF34BF012000205DF808FB00BF97
:101550004FEA410C7FEA6C5C02D150EA013C0AD1AF
:101560004FEA430C7FEA6C5C02D152EA033C02D1A1
:101570004FF0000070474FF0010070474FEA410202
:1015800012F5001215D211D56FF47873B3EB6252D5
:1015900012D94FEAC12343F0004343EA505311F0FC
:1015A000004F23FA02F018BF404270474FF000008E
:1015B000704750EA013005D111F0004008BF6FF0CC
:1015C000004070474FF00000704700BF08B5084C5E
:1015D000256810F09DFD68614FF47A700FF0C9F92D
:1015E00010F096FD23685A69801A9861EFE700BFF2
:1015F000FC0A002408B5094C256810F089FD6861D3
:101600008021074805F06FF964200FF0B2F910F05F
:101610007FFD23685A69801A9861ECE7E00A00248C
:10162000001C025870B54FF4807002F061FD044652
:101630004FF4807002F05CFD05464FF4807200218B
:10164000204612F0D7FA1E4812F016F81D491E481F
:1016500012F012F81D4812F00FF822E0204611F0A7
:1016600017FF4FF480720021204612F0C3FA29467A
:10167000174B186811F0BAFE114811F0FDFF2A4609
:101680001049144811F0F8FF104811F0F5FF6420DC
:101690000FF06FF910F03CFD0F4B1B685A69801A70
:1016A00098610D4B1E6810F033FD7061204612F0FA
:1016B00013F82378002BD1D1204612F00DF8F8E76B
:1016C00054BD01085CBD010864BD01086CBD010882
:1016D0004C95002474BD0108E40A002430B595B08F
:1016E00011F0F2FB254C05A920460AF0D6F80BA90B
:1016F00020460AF023FB119A129CA2FB04452049C4
:1017000020480FF0B5F854EA05031DD0220D42EA37
:1017100005322B0D1C4812F0BFFA1C4B01221A7027
:101720001B4C40F2FF720021204603F05FFF204671
:1017300003F0A6FC01F000FE68B1164812F00EFBA3
:1017400011F094FA15B030BD134812F007FB0F4B9F
:1017500000221A70E4E7002302930123019302237D
:1017600000930E4B0E4A0F490F4811F035FB01F064
:10177000A9FD01460D4812F08FFAE1E70C1500248F
:10178000281B0024A8DF01087CBD0108DC0A002416
:10179000000B0024C4BD0108A4BD0108D8BD010888
:1017A000E4BD010888140024ECBD0108F0BD010867
:1017B00010B5ADF5826D11F0DFF9204B1B78012BD0
:1017C00004D04FF47A700FF0D4F8FAE701221C49E4
:1017D0001C480EF09BFC08B34FF48063009304ABED
:1017E0000022022116480EF0D3FC98B9164812F0D8
:1017F000B5FA002102910124019409230093134BAF
:10180000134A144811F0E8FA22460D490D480EF02B
:101810007DFCD6E7104812F0A1FAD2E7002302932C
:101820000123019309230093084B094A05490948FC
:1018300011F0D2FA044812F091FAC2E7DC0A00244F
:10184000281B0024F01600241CBE010838BE010825
:1018500048BE0108ECBD010850BE010870B5294B17
:10186000186811F00BFB284B186811F007FB274B89
:10187000186811F003FB264B186811F0FFFA11F0FD
:1018800013FB064610F044FC04462EE01B6ABBB175
:10189000D3ED067AB8EE677AF8EE466AC7EE267A96
:1018A000B2EE047A67EE877AC3ED027A9FED197A79
:1018B000F4EEC77AF1EE10FAE8DD83ED027AE5E79F
:1018C000154B1C68124B1B689868FEF79BFEC4E919
:1018D00006014FF47A700FF04CF810F019FC0A4B27
:1018E0001B685A69801A98612C46074B1D6810F0D6
:1018F0000FFC686110F00CFC0546031B06EE103A65
:101900003346C4E7E40A0024F00A0024FC0A002459
:10191000E00A00240000C842409500242DE9F0416F
:101920000546884617461E46242002F0E1FB044681
:101930002846FFF7C5FC013002F0DAFB206029469B
:1019400012F0C0FA84F80480064A1378591C11700A
:1019500023770023A3602773266100232362204698
:10196000BDE8F081DD0A002470B59CB0344C0DF167
:10197000540CA646BEE80F00ACE80F009EE8070036
:101980008CE80700002115A80EF0BEFF2D4B186053
:101990000DF1380C04F11C0EBEE80F00ACE80F008E
:1019A0009EE807008CE8070000210EA80EF0ACFFAF
:1019B000254D28600DF11C0C04F1380EBEE80F0017
:1019C000ACE80F009EE807008CE80700002107A89C
:1019D0000EF09AFF1D4E3060EE4604F1540CBCE848
:1019E0000F00AEE80F009CE807008EE8070000211A
:1019F00068460EF089FF164C2060336803220021F0
:101A00001448FFF78BFF144B18602B68032200214A
:101A10001248FFF783FF124B18602368002211461B
:101A20001048FFF77BFF104B186000231A46194639
:101A30000E48FFF773FF0E4B18601CB070BD00BF5F
:101A4000B8BC0108EC0A0024E80A0024F40A0024C7
:101A5000F80A00249CBE0108F00A002494BE010884
:101A6000E40A0024ACBE0108FC0A0024B8BE010848
:101A7000E00A002408B5244B244A2549254811F0E2
:101A8000CDFC254B254A2649264811F0C7FC264B9C
:101A9000264A2749274811F0C1FC274B274A2849E5
:101AA000284811F0BBFC284B284A2949294811F045
:101AB000B5FC294B294A2A492A4811F0AFFC2A4B88
:101AC0002A4A2B492B4811F0A9FC2B482B4B0246E4
:101AD0002B4911F0A3FC2B482B4B02462B4911F04C
:101AE0009DFC2B482B4B02462B4911F097FC2B48B1
:101AF0002B4B02462B4911F091FC2B482B4B0246F5
:101B00002B4911F08BFC08BD091F0008C4BE010859
:101B1000D4BE0108D0BE0108B51B0008E0BE010814
:101B2000ECBE010800BF0108791C000804BF0108D1
:101B300014BF010830BF01080D1C000838BF0108A0
:101B400054BF010864BF0108511C00086CBF0108A4
:101B50007CBF010890BF01082D22000898BF010832
:101B6000A4BF0108BCBF0108491F0008C4BF010889
:101B7000D0BF0108E8BF0108F0BF0108D51F000869
:101B8000F8BF010814C00108D92100081CC00108D1
:101B900040C001089D1F000844C001085CC0010846
:101BA0007D21000860C0010888C0010805200008E8
:101BB0007CC0010838B5012802D0012818DC38BDE6
:101BC0000C46086811F0E4FB10B10B4A1060F6E710
:101BD0000A4811F051FD00252368595D21B10848DC
:101BE00011F04AFD0135F7E7064811F045FDE6E73B
:101BF000054811F041FDE2E74C95002490C0010832
:101C0000A8C00108ACC00108B0C0010870B5051E2D
:101C100002DD0E46002404E00A4811F02DFD10E01C
:101C20000134AC420ADA56F8240011F025FD6B1E8F
:101C3000A342F5DD044811F01FFDF1E7034811F060
:101C40001BFD70BDCCC00108E4C0010884C30108BD
:101C500008B528B1012807D0054811F00DFD08BDD1
:101C6000044811F057FCFAE7086811F053FCF6E756
:101C7000E8C00108C8C0010870B530B10C460128A1
:101C800007D07A4811F0F8FC70BD794811F0F4FCE7
:101C9000FAE70868FFF714FB013002F029FA06465C
:101CA000216812F00FF9304611F0B4F905463046BC
:101CB00002F028FAE5B1AC686E4B1B681968204643
:101CC000FFF782F900287CD021466B4811F0D4FC44
:101CD000E9686A4811F0D0FC6B790B2B00F2A78001
:101CE000DFE803F0727D8185898D9195A5999DA18D
:101CF0002068FFF7E5FA013002F0FAF9054621689D
:101D000012F0E0F8284611F0D3F90446284602F014
:101D1000F9F974B15A4811F0AFFC227F2168594893
:101D200011F0AAFC237B032B2FD8DFE803F0062257
:101D3000262A554811F0A0FCA6E7544811F09CFC57
:101D4000D4ED027AB7EE007AF4EEC77AF1EE10FA2B
:101D50001FD417EE900AFEF755FC02460B464C487E
:101D600011F08AFC2379032B27D8DFE803F0161A39
:101D70001E22484811F080FCE2E7474811F07CFC45
:101D8000DEE7464811F078FCDAE7454811F074FCCC
:101D9000D6E7444811F070FCE4E7434811F06CFCCE
:101DA00072E7424811F068FC6EE7414811F064FCAC
:101DB0006AE7404811F060FC66E73F4811F05CFCC0
:101DC00062E710F06DFF5FE73C4811F055FC2B799E
:101DD000042B47D8DFE803F02F363A3E420038485C
:101DE00011F04AFCF3E7374811F046FCEFE73648BC
:101DF00011F042FCEBE7354811F03EFCE7E73448D0
:101E000011F03AFCE3E7334811F036FCDFE73248E3
:101E100011F032FCDBE7314811F02EFCD7E73048F7
:101E200011F02AFCD3E72F4811F026FCCFE72E480B
:101E300011F022FCCBE72D4811F01EFC2C4811F0CC
:101E40001BFC21E72B4811F017FCF7E72A4811F09B
:101E500013FCF3E7294811F00FFCEFE7284811F0D5
:101E60000BFCEBE7274811F007FCE7E788C3010804
:101E700000C1010840950024F4C1010800C2010816
:101E800040C1010868C1010818C1010870C10108FA
:101E9000B0C101087CC1010884C101088CC10108DE
:101EA00098C10108A4C10108B8C10108C4C1010852
:101EB000D0C10108DCC10108E8C1010814C2010851
:101EC00024C2010838C2010850C2010868C20108D2
:101ED0007CC2010894C20108ACC20108C4C2010856
:101EE000D8C20108E4C20108FCC201080CC3010801
:101EF00070C301081CC3010828C301083CC30108C2
:101F00004CC301085CC3010810B501280FDC01288F
:101F100011D04FF4806002F0EBF804460146084B04
:101F2000186811F063FA204611F0E8F902E005485C
:101F300011F0A2FB10BD086811F0E0F9FAE700BF4C
:101F40004C9500249CC3010838B5012803D01148E2
:101F500011F092FB38BD086811F0F0F8054630200A
:101F600002F0C6F804460146284611F03FFA602008
:101F700002F0BEF805462246074911F063FF2046ED
:101F800002F0C0F8284610F073FD284602F0BAF8B7
:101F9000E0E700BFC4C30108B8C3010810B50028BA
:101FA00003DD094811F068FB10BD802002F0A0F8A5
:101FB00004460146054B186811F018FA21460448FA
:101FC00011F05AFBF0E700BFD8C301084C9500247C
:101FD000CCE1010808B500280BDC084811F04CFBE7
:101FE00010F0A0FD4FF47A700EF0C3FCFEF788F9F4
:101FF00008BD034811F040FBFAE700BF0CC401081C
:10200000F0C3010870B5802002F072F80446802207
:10201000002111F0EFFD294811F02EFB284811F0A6
:102020002BFB284811F028FB204611F055FB02E05D
:10203000204611F051FB2378002BF9D0224920468D
:10204000FEF7C2FF78BB214811F016FB204811F0C3
:1020500013FB1C4811F010FB01F0BAF9F8B91B4E44
:10206000304611F009FB1B4811F006FB154D2846C0
:1020700011F002FB10F040FD304611F0FDFA164859
:1020800011F0FAFA284611F0F7FA144811F0F4FAB0
:102090000C4811F0F1FA204602F034F870BD074800
:1020A00011F0EAFAF1E70E4811F0E6FA0D4811F0E6
:1020B000E3FA044811F0E0FAEDE700BF20C401089C
:1020C00028C401086CBD010858C401085CC401089B
:1020D00064C4010884C40108A0C40108CCC4010878
:1020E000F0C40108F8C4010870B505460E4680200A
:1020F00001F0FEFF044601461A4B186811F076F90C
:102100002B782F2B04D018492046FEF75DFFE0B94D
:102110002B4622461549204611F094FE31462046B2
:1021200011F0B8F8602001F0E3FF0546A6B9224699
:102130000F4911F087FE284610F09AFC204601F066
:10214000E1FF284601F0DEFF70BD2B46224609491B
:10215000204611F077FEE1E72246074911F072FEB2
:10216000E9E700BF4C95002418C501081CC501080B
:102170002CC5010824C5010838C5010870B50446FE
:102180000D460E6812493046FEF71EFF011E18BFAD
:10219000012144B1012C0AD0022C15D180B9686804
:1021A000FFF7A2FF02E00B4811F066FA70BD18B904
:1021B000084811F061FAF9E73046FFF795FFF5E7B7
:1021C000044811F059FAF1E7024811F055FAEDE729
:1021D00040C5010844C5010810B5002815DC0D48AC
:1021E00011F04AFA0C4811F047FA0C4C204611F055
:1021F00043FA10F097FC0A4811F03EFA094811F032
:102200003BFA204611F038FA10BD074811F034FAB5
:10221000FAE700BF20C401088CC501086CBD0108A5
:10222000C8C50108D0C5010870C5010838B5044605
:102230000D460D4811F020FA2CB1012C09D00B48A5
:1022400011F01AFA38BD0121094B186810F086FB0D
:10225000F8E7074B1C68286811F08AFC0146204605
:1022600010F07CFBEEE700BF84C30108DCC5010869
:102270004C95002400B589B0002301930293039389
:10228000049305930693079319481A4A02608360E2
:10229000C3600422026103754375012282610377E2
:1022A00043628362C3620363436380F8383003F0A0
:1022B0006BF8B0B9104B01930623029307230393E5
:1022C00040F2FF73049304230593002306938DF8D3
:1022D0001D3001A9064802F0F3FB28B909B05DF8EA
:1022E00004FB00F051FDE5E700F04EFDF6E700BF0E
:1022F000000B002400600258000084CB10B5B2B07F
:102300000446C022002102A811F074FC2268154B7B
:102310009A4201D032B010BD4FF400220023CDE923
:10232000022305230493C02305930C230693022361
:10233000079308938023099302A807F011FB68B95B
:10234000094BD3F8E02042F08072C3F8E020D3F8C4
:10235000E03003F080730193019BDBE700F014FD94
:10236000EEE700BF006002580044025800B583B099
:102370000B4BD3F8D82042F00102C3F8D820D3F891
:10238000D83003F001030193019B002205210B20AB
:1023900003F092F90B2003F0C5F903B05DF804FBDC
:1023A0000044025808B50F480F4B036000234360F8
:1023B00002228260C36043648264C3640365436530
:1023C0008365C36504F0AEF828B90121054804F01F
:1023D000EBF818B908BD00F0D7FCF6E700F0D4FC24
:1023E000F8E700BF640B00240010005202680A4B9B
:1023F0009A4200D0704782B0084BD3F8D42042F004
:102400001002C3F8D420D3F8D43003F010030193A2
:10241000019B02B0704700BF0010005200440258F8
:10242000F0B5B9B000233393349335933693379393
:10243000304B1B680BB139B0F0BD2E4B01221A6036
:10244000C022002102A811F0D5FB4FF080720023BA
:10245000CDE9022302A807F083FA002847D1264BD2
:10246000D3F8D42042F48052C3F8D420D3F8D43027
:1024700003F480530193019B4FF63F0333930227EC
:10248000349700263596032536950C24379433A9C6
:102490001A4804F00BF92C2333933497359636956C
:1024A000379433A9164804F001F948F237133393EF
:1024B000349735963695379433A9124804F0F6F8D8
:1024C0004FF683733393349735963695379433A903
:1024D0000D4804F0EBF84CF20373339334973596C0
:1024E0003695379433A9094804F0E0F8A3E700F0E3
:1024F0004BFCB4E7CC0B00240044025800140258F3
:10250000001C02580018025800100258000C025813
:10251000F0B587B0044600230593012201921021F3
:102520000291039204934FF4805201A909F074FEC2
:10253000204609F0ABFE0128FAD1022301931025B1
:10254000029501260396002704974FF4805201A9B3
:10255000204609F061FE03230193029508230393AB
:1025600004974FF4805201A9204609F055FE40F22D
:10257000312305930423019302950396059B04934D
:102580004FF4805201A9204609F046FE40F29631F0
:10259000204609F062FE07B0F0BD000000B589B02A
:1025A00000230193029303930493059306930793E7
:1025B0001848194A02604360012282600822C26002
:1025C00010220261402242614FF4C0728261C361F5
:1025D0004FF4006303624FF4805343624FF400539F
:1025E0008362022301930722029204210391049241
:1025F0000322059206930793694409F0E5FD28B983
:102600000448FFF785FF09B05DF804FB00F0BCFB50
:10261000F6E700BFD00B00244041005208B5FFF799
:10262000FFFE08BD7047002070477047034B0360F2
:10263000034B0B6080231360704700BF080E00241B
:10264000040C002410B588B00DF1040C0A4C0FCC1A
:10265000ACE80F0094E807008CE80700002101A80F
:102660000EF052F9054B186001F028FDFFF736F81F
:10267000FFF77AF908B010BD28BD010890120024B8
:10268000F0B58FB0002409940A940B940C940D9427
:10269000564BD3F8E02042F01002C3F8E020D3F804
:1026A000E02002F010020092009AD3F8E02042F4F9
:1026B0008072C3F8E020D3F8E02002F48072019227
:1026C000019AD3F8E02042F00402C3F8E020D3F8E6
:1026D000E02002F004020292029AD3F8E02042F0D5
:1026E0002002C3F8E020D3F8E02002F02002039299
:1026F000039AD3F8E02042F08002C3F8E020D3F838
:10270000E02002F080020492049AD3F8E02042F024
:102710000102C3F8E020D3F8E02002F001020592A4
:10272000059AD3F8E02042F00202C3F8E020D3F883
:10273000E02002F002020692069AD3F8E02042F06E
:102740004002C3F8E020D3F8E02002F040020792F4
:10275000079AD3F8E02042F00802C3F8E020D3F84B
:10276000E03003F008030893089B214F22464FF402
:102770001061384604F0B1F81E4D012210212846A0
:1027800004F0ABF82246C021284604F0A6F81A4E01
:1027900001220821304604F0A0F84FF41063099399
:1027A00011230A930B940C9409A9384603F07EFF79
:1027B000D023099301270A970B940C9409A9284662
:1027C00003F074FF4FF4805309930A940B9409A902
:1027D0000A4803F06BFF082309930A970B940C94A3
:1027E00009A9304603F062FF0FB0F0BD0044025863
:1027F00000200258001C0258001802580004025819
:1028000008B50548054B036004F02CFB00B908BD72
:1028100000F0BAFAFBE700BF941200240030005227
:1028200002680A4B9A4200D0704782B0084BD3F836
:10283000D42042F02002C3F8D420D3F8D43003F0DF
:1028400020030193019B02B0704700BF003000528B
:10285000004402582DE9F041BEB0044600213991F0
:102860003A913B913C913D91C02208A811F0C2F9E8
:102870002268714B9A4202D03EB0BDE8F0814FF021
:1028800000520023CDE9082319231293C823139380
:102890000223149315931423169308A807F060F8E5
:1028A000002840F0C580654BD3F8E42042F00802D0
:1028B000C3F8E420D3F8E42002F008020092009A62
:1028C000D3F8E02042F01002C3F8E020D3F8E02073
:1028D00002F010020192019AD3F8E02042F48072D3
:1028E000C3F8E020D3F8E02002F480720292029A4A
:1028F000D3F8E02042F02002C3F8E020D3F8E02033
:1029000002F020020392039AD3F8E02042F0010281
:10291000C3F8E020D3F8E02002F001020492049A08
:10292000D3F8E02042F08002C3F8E020D3F8E020A2
:1029300002F080020592059AD3F8E02042F04002AE
:10294000C3F8E020D3F8E02002F040020692069A95
:10295000D3F8E02042F00802C3F8E020D3F8E030DA
:1029600003F008030793079B6023399302253A95E8
:1029700000243B943C940E263D9639A9304803F040
:1029800095FE40F2F76339933A953B943C943D961B
:1029900039A92C4803F08AFE4FF4806339933A95A5
:1029A0003B943C943D9639A9274803F07FFE0423CD
:1029B00039933A953B943C943D96DFF89C8039A935
:1029C000404603F073FE4FF47F4339933A953B94AE
:1029D0003C943D961D4F39A9384603F067FE47F2F7
:1029E000C00339933A953B943C943D9639A91848D5
:1029F00003F05CFE4FF4807339933A953B943C941A
:102A00000D233D9339A9404603F050FE4FF0400896
:102A1000CDF8E4803A953B943C943D9639A90D4815
:102A200003F044FE22464146384603F056FF23E7B2
:102A300000F0AAF937E700BF001000500044025828
:102A4000001002580020025800140258001C0258BE
:102A500000180258000C025800000258044B4FF0B6
:102A60004042DA6002229A609A7400221A74704717
:102A7000EC120024214B9B68022B06D0032B13D0B1
:102A8000042B28D01D4B18607047C0F30F2303F4AC
:102A90007843C0F34F1202F4FC62C0F3C400134346
:102AA0000343164A1360704710F07F4F10D1002285
:102AB000C0F34F2101F4F841C0F38F1303F478738E
:102AC000C0F3C4000A43134303430C4A1360704726
:102AD0004FF40042ECE70A4A02EA1042C0F30F3119
:102AE00001F47061C0F30F2303F0F003C0F303108F
:102AF0000A4313430343014A13607047EC12002456
:102B000000F0FFFF214B9B68022B06D0032B13D054
:102B1000042B28D01D4B58607047C0F30F2303F4DB
:102B20007843C0F34F1202F4FC62C0F3C4001343B5
:102B30000343164A5360704710F07F4F10D10022B4
:102B4000C0F34F2101F4F841C0F38F1303F47873FD
:102B5000C0F3C4000A43134303430C4A5360704755
:102B60004FF40042ECE70A4A02EA1042C0F30F3188
:102B700001F47061C0F30F2303F0F003C0F30310FE
:102B80000A4313430343014A53607047EC12002485
:102B900000F0FFFF014B1860704700BF00130024D6
:102BA000014B5874704700BFEC120024104B1A6898
:102BB00022F001021A604FF440321A600D4A916807
:102BC000596300211964D168D9630B49596452686B
:102BD0009A630A4B9B6C012BFBD1054A136843F0A7
:102BE00001031360024B1B6813F0010FFAD1704709
:102BF00000100052EC1200241001E00100100050FF
:102C0000014BD874704700BFEC12002400B58FB0A0
:102C10003422002101A810F0EDFF3548354B036048
:102C2000002343608360C3600361436183612B229F
:102C3000C2610C22026240F20B2242624FF48E7299
:102C4000826240F21322C2624FF49272026380F8F1
:102C5000343080F8353080F8363004F02FFA002810
:102C600040D1002201924FF4F073029303924FF48B
:102C70008873049302230593FF23069307924FF46E
:102C800080630893052309934FF040430A930B9206
:102C90000C928DF834208DF835208DF8362001A95E
:102CA000134804F085FA00BB0020FFF779FF1248B3
:102CB000FFF770FF0120FFF7A3FF0020FFF7CEFE14
:102CC0004FF07F40FFF71EFF4FF0FF30FFF7D2FEBF
:102CD000FFF76CFF01224021084803F0FEFD0FB012
:102CE0005DF804FB00F050F8BBE700F04DF8DBE7BF
:102CF000041300240010005000000024001C02589F
:102D000030B585B00024009401940294039402F03D
:102D100017FD01258DF800508DF801404FF040431C
:102D2000019318238DF808308DF809408DF80A407A
:102D300003238DF80B308DF80C408DF80D408DF885
:102D40000E508DF80F40684602F018FD8DF80150C6
:102D50004FF01053019312238DF808308DF80F5067
:102D6000684602F00BFD042002F0F8FC05B030BD0F
:102D700008B50268034B9A4200D008BD01F070FE0E
:102D8000FBE700BF0000014072B6FEE700B59FB050
:102D90004C2200210BA810F02DFF2022002103A8B7
:102DA00010F028FF022005F05DFA002300933F4B4E
:102DB000DA6A22F00102DA62DB6A03F001030093AF
:102DC0003B4B9A6942F440429A619B6903F4404349
:102DD0000093009B364B9B6913F4005FFAD0354B90
:102DE000D3F8F42042F00202C3F8F420D3F8F43010
:102DF00003F002030193019B002302932C4B9A6979
:102E000042F440429A619B6903F440430293274B8A
:102E1000DA6A42F00102DA62DB6A03F0010302932C
:102E2000029B234B9B6913F4005FFAD005F012FA62
:102E300001F03CFE1F4A136F23F01803136725238C
:102E40000B934FF480330C9301230D9311930223C2
:102E50001493159305221692C022179218930422F8
:102E600019921A9308231B9300231C931D930BA8FC
:102E700005F05CFEB0B93F230393032304930023C2
:102E80000593082306934023079308934FF4806229
:102E900009920A93042103A806F09CFA20B91FB0F6
:102EA0005DF804FBFFF770FFFFF76EFF00040058AA
:102EB000004802580044025808B5394B5B6913F4C6
:102EC000003F13D1BFF34F8FBFF36F8F344B0022FE
:102ED000C3F85022BFF34F8FBFF36F8F5A6942F48C
:102EE00000325A61BFF34F8FBFF36F8F2C4B5B697A
:102EF00013F4803F27D12A4B0022C3F88420BFF36C
:102F00004F8FD3F88040C4F34E3000E01846C4F32E
:102F1000C90243F6E07303EA401343EA827320498F
:102F2000C1F860321346013A002BF2D1431E00284B
:102F3000ECD1BFF34F8F4B6943F480334B61BFF348
:102F40004F8FBFF36F8F01F05DFDFFF7D9FEFFF7E5
:102F50001DFFFFF795FBFFF709FA00F023F8FFF7D5
:102F60001DFBFFF71FFA00F065F8FFF749FC00F0C2
:102F700097FB00F0C7FF00F00FFB00F04FFB0BF0DA
:102F8000FDFAFFF777F9FFF741FE10F0F9FA0BF0C1
:102F90003FFB00F06DFFFFF755FB0DF09DFCFEE7DA
:102FA00000ED00E000B583B01F4BD3F8D42042F011
:102FB0000102C3F8D420D3F8D43003F00103019305
:102FC000019B1A481A4B03601D2343600023836052
:102FD000C36003610222426108228261C36103620D
:102FE0004FF00072426201228262C3620363436354
:102FF000836304F06DF980B9002211460B4804F098
:1030000097F968B9002205217A2002F055FB7A2051
:1030100002F088FB03B05DF804FBFFF7B5FEEBE7B9
:10302000FFF7B2FEEEE700BF00440258AC130024E5
:10303000C000005208B50B480B4B036001224260F0
:10304000202383601023C3601623036100234361A0
:103050008261C361036205F015FD00B908BDFFF789
:1030600093FEFBE788140024005000522DE9F04342
:10307000BBB0044600213591369137913891399192
:10308000C02204A810F0B6FD2268564B9A4202D026
:103090003BB0BDE8F0834FF000720023CDE904237C
:1030A00004A806F05DFC002840F092804E4BD3F857
:1030B000D42042F48042C3F8D420D3F8D42002F4C0
:1030C00080420092009AD3F8E02042F01002C3F848
:1030D000E020D3F8E02002F010020192019AD3F828
:1030E000E02042F00202C3F8E020D3F8E02002F032
:1030F00002020292029AD3F8E02042F00802C3F8DA
:10310000E020D3F8E03003F008030393039B4FF073
:103110000409CDF8D490022636960025379503276A
:1031200038974FF00908CDF8E48035A92F4803F00F
:10313000BDFACDF8D490369637953897CDF8E4801F
:10314000DFF8B89035A9484603F0B0FA4FF4605361
:103150003593369637953897CDF8E48035A92448CD
:1031600003F0A4FA402335933696379538970A230F
:10317000399335A9484603F099FA1E481E4B03605F
:10318000162343608560C023C36005614661856185
:10319000C56105624FF00073436280238362C5629C
:1031A00005634563856304F093F8A0B900221146D6
:1031B000104804F0BDF888B90E4BE3631C6400228C
:1031C0000E215C2002F078FA5C2002F0ABFA5FE797
:1031D000FFF7DAFD6AE7FFF7D7FDE7E7FFF7D4FD72
:1031E000EAE700BF005000520044025800100258A5
:1031F000000C02581C1400248000005200040258E5
:1032000000B595B04FF480730C9300230D930E938B
:103210001193129313934FF080720F920B93052228
:10322000069200930493102302934FF480030593B6
:1032300001230393019341F288336A4606A90548A6
:1032400005F07EFA10B915B05DF804FB6FF00200CE
:10325000F9E700BF8814002400B58FB04FF48073E5
:1032600006930023079308930B930C930D930993F4
:1032700005936623009341F288326946104805F0B1
:1032800038F988B9FFF7BCFF88B99923009341F258
:10329000883269460A4805F02CF958B9FFF7B0FFA3
:1032A00058B90FB05DF804FB4FF0FF30F9E76FF04D
:1032B0000200F6E74FF0FF30F3E76FF00200F0E7AF
:1032C0008814002400B591B04FF4807308934FF434
:1032D0000053059300230A930D930E930F930993C4
:1032E0004FF080720B92079303230C939F2302935A
:1032F00041F2883202A90F4805F0FBF898B941F273
:10330000883201A90B4805F0ACF978B99DF8043072
:103310009DF80500000240EA03409DF8063018437E
:1033200011B05DF804FB4FF0FF30F9E76FF00400D7
:10333000F6E700BF8814002408B5FFF78DFFFFF7FC
:10334000C1FF044B984201D1002008BD4FF0FF306F
:10335000FBE700BF1740EF0000B595B04FF4807356
:103360000C9300230D930E931193129313930F93C9
:103370000B930623069341F2883206A9134805F001
:10338000B8F8E0B9022300930193002304930123CA
:103390000393102202924FF48002059205220692B6
:1033A0004FF080720F92109341F288336A4606A95B
:1033B000064805F0C5F928B915B05DF804FB6FF0B3
:1033C0000100F9E76FF00200F6E700BF881400245F
:1033D00010B594B04FF480730C934FF400530993DD
:1033E00000230E931193129313930D930F930B934A
:1033F000C7230693FFF7B0FF10BB044641F28832A3
:1034000006A9144805F075F8E8B900230093049361
:10341000102302934FF48003059301230393019338
:10342000052206924FF080720F9210930A4B6A4663
:1034300006A9084805F084F940B9204614B010BD2B
:103440006FF00104F9E76FF00304F6E76FF0020490
:10345000F3E700BF88140024A086010010B58EB0E9
:1034600004464FF4807306934FF4005303930023F4
:1034700008930B930C930D934FF4806007904FF0DB
:103480004070099005930A92019132230093FFF74F
:1034900063FF90B941F2883269460E4805F029F879
:1034A00070B941F2883221460A4805F071F850B9E6
:1034B000FFF7A6FE50B90EB010BD6FF00100FAE79D
:1034C0006FF00400F7E76FF00400F4E76FF002001C
:1034D000F1E700BF88140024F8B506460C4601F059
:1034E0007F05C5F18005954200D91546A71802E071
:1034F0008025A74210D9AAB221463046FFF7AEFF79
:10350000024638B92C442E4404F18003BB42EFD963
:103510003D1BEEE76FF004021046F8BD10B58EB00B
:1035200004464FF4807306934FF400530393002333
:1035300008930B930C930D934FF4406307934FF054
:1035400040730993062305930A920191EB2300939C
:1035500041F2883269460C4804F0CBFF58B941F279
:1035600088322146084805F07CF838B9FFF748FE54
:1035700038B90EB010BD6FF00400FAE76FF0040028
:10358000F7E76FF00200F4E788140024014B0122F2
:103590001A7070471814002408B50648064B0360DB
:1035A0000023436007F090FD00B908BDFFF7ECFB76
:1035B000FBE700BFD41400240018024810B5B2B0D5
:1035C0000446C022002102A810F014FB2268114B0F
:1035D0009A4201D032B010BD4FF400320023CDE941
:1035E00002234FF48073229302A806F0B9F968B958
:1035F000094BD3F8DC2042F04002C3F8DC20D3F8BA
:10360000DC3003F040030193019BE3E7FFF7BCFBD1
:10361000EEE700BF001802480044025808B50A4807
:103620000A4B0360002343607F228260FF22C26056
:1036300003618361C361436107F0EAFD00B908BD1E
:10364000FFF7A2FBFBE700BFE8140024004000588E
:1036500010B5B0B00446C0220021684610F0CAFA86
:1036600022680D4B9A4201D030B010BD4FF4800259
:103670000023CDE900234FF480732D93684606F0B4
:103680006FF928B9054A136F43F400431367EBE75A
:10369000FFF77AFBF6E700BF0040005800440258ED
:1036A00008B50748074B03600023436083604FF46D
:1036B0008042C26003610623436108F00EFC08BD2E
:1036C0000C15002400700052F0B5BBB00446002178
:1036D00035913691379138913991C02204A810F074
:1036E00089FA22682C4B9A4201D03BB0F0BD4FF4CE
:1036F00080320023CDE9042304A806F031F9002824
:1037000046D1264BD3F8D42042F48032C3F8D420DB
:10371000D3F8D42002F480320192019AD3F8E02049
:1037200042F00402C3F8E020D3F8E02002F00402E3
:103730000292029AD3F8E02042F00802C3F8E02097
:10374000D3F8E03003F008030393039B4FF4F853DE
:1037500035930227369701263796032538950C2492
:10376000399435A90E4802F0A1FF0423359336970A
:1037700037963895399435A90A4802F097FF002208
:103780000E21312001F098FF312001F0CBFFACE792
:10379000FFF7FAFAB5E700BF007000520044025884
:1037A00000080258000C025800B583B00A4BD3F849
:1037B000F42042F00202C3F8F420D3F8F43003F00E
:1037C00002030193019B00220F216FF0010001F021
:1037D00073FF03B05DF804FB004402580F2801D9C1
:1037E0000120704710B58AB0044600220146192016
:1037F00001F062FF192001F095FF174B1C60174B79
:10380000D3F8F02042F00102C3F8F020D3F8F030F2
:1038100003F001030093009B01A902A805F06AFFD1
:1038200005F056FF43000E48A0FB03239B0C013B11
:103830000C480D4A026040F2E732C2604360002348
:103840000361836008F0BAFE10B101200AB010BD18
:10385000044808F01FFDF9E718000024004402584E
:1038600083DE1B438815002400000140FEE7FEE7CD
:10387000FEE7FEE7FEE7704708B5024802F0B6FA39
:1038800008BD00BFD815002408B5024808F04EFD59
:1038900008BD00BF8815002408B5024808F07EFB6B
:1038A00008BD00BF0C15002408B5024804F0C8FF8D
:1038B00008BD00BF8814002408B5024804F08BF945
:1038C00008BD00BF2CAA002408B5034803F07AFD08
:1038D000024803F077FD08BD1C140024AC1300243B
:1038E0000120704708B510F047F9162303604FF028
:1038F000FF3008BD08B54FF0FF31FFF7F3FFFEE7DB
:1039000070B50C461646002506E0AFF30080214650
:1039100001F8010B01350C46B542F6DB304670BDAF
:1039200070B50C461646002504E014F8010B00F0B3
:10393000D9FA0135B542F8DB304670BD4FF0FF30A3
:1039400070474FF400534B600020704701207047D0
:103950000020704710B503460C4A0D490D48006819
:1039600040B10C4800680344521A934206D8094AF1
:10397000136010BD0748084C0460F2E710F0FCF833
:103980000C2303604FF0FF30F3E700BF0000082472
:1039900000400000D415002478B10024274AD2F852
:1039A000883043F47003C2F88830254B1B6803F05D
:1039B0000F03062B06D8224A136823F00F0343F0A7
:1039C000070313601F4B1A6842F001021A600022BD
:1039D0001A6119681C4A0A401A60194B1B6813F0D7
:1039E000080F06D0164A136823F00F0343F00703AD
:1039F0001360144B00229A61DA611A6213499962CA
:103A00001349D962134919635A639963DA631964D4
:103A10005A64196821F4802119601A660E4B1A68DD
:103A20000E4B1340B3F1005F03D20D4B0122C3F8DC
:103A300008210C4B43F2D2021A60704700ED00E0FF
:103A400000200052004402587FEDF6EA0002020214
:103A50000000FF01800201010010005C0000FFFF78
:103A6000008000510040005203460138B3B182B0DB
:103A70000EE0BDF806309BB201339BB2ADF80630C4
:103A8000BDF806309BB2072BF3D9034601381BB1B2
:103A90000023ADF80630F3E702B07047704700002E
:103AA00000B587B000230193029303930493059319
:103AB0000123029303930823019301A9024802F012
:103AC000F5FD07B05DF804FB0018025800B587B09B
:103AD0000023019302930393049305930823019316
:103AE00001A9034802F0E2FD07B05DF804FB00BF46
:103AF0000018025810B5114C01224FF48071204675
:103B000002F0EBFE01224FF40061204602F0E5FED8
:103B10001420FFF7A9FF00224FF48071204602F025
:103B2000DCFE1420FFF7A0FF00224FF400612046C6
:103B300002F0D3FE1420FFF797FF10BD00200258BB
:103B400010B5134C00224FF40061204602F0C5FE70
:103B50001420FFF789FF00224FF48071204602F005
:103B6000BCFE1420FFF780FF01224FF400612046C5
:103B700002F0B3FE1420FFF777FF01224FF48071AB
:103B8000204602F0AAFE1420FFF76EFF10BD00BF12
:103B90000020025810B5164C00224FF40061204658
:103BA00002F09BFE1420FFF75FFF00224FF48071AC
:103BB000204602F092FE1420FFF756FF01224FF438
:103BC0000061204602F089FE1420FFF74DFF00221D
:103BD0004FF40061204602F080FE01224FF4807114
:103BE000204602F07AFE1420FFF73EFF10BD00BF12
:103BF0000020025810B5134C00224FF400612046FB
:103C000002F06BFE1420FFF72FFF01224FF48071AA
:103C1000204602F062FE1420FFF726FF01224FF437
:103C20000061204602F059FE1420FFF71DFF00221C
:103C30004FF40061204602F050FE1420FFF714FFFD
:103C400010BD00BF0020025810B5174C01224FF4E0
:103C50008071204602F041FE1420FFF705FF01228B
:103C60004FF40061204602F038FE1420FFF7FCFEFE
:103C70004FF48071204602F029FE50B100224FF42B
:103C80000061204602F029FE1420FFF7EDFE00201F
:103C900010BD00224FF40061034802F01EFE142004
:103CA000FFF7E2FE0120F3E70020025870B5054659
:103CB00000241EE001224FF48071194802F00DFE2D
:103CC0001420FFF7D1FE164E01224FF4006130465A
:103CD00002F003FE1420FFF7C7FE00224FF400613C
:103CE000304602F0FAFD072C0FD06D00EDB2013422
:103CF000E4B2072C10D815F0800FDBD100224FF46E
:103D00008071074802F0E9FDDAE701224FF4807183
:103D1000304602F0E2FDE8E7FFF796FF70BD00BF16
:103D200000200258F8B5074600252C461EE0640026
:103D3000E4B2144E01224FF40061304602F0CDFD92
:103D40001420FFF791FE4FF48071304602F0BEFD63
:103D500000F00100044300224FF40061304602F0FD
:103D6000BCFD1420FFF780FE0135EDB2072DDED932
:103D7000012F03D0FFF73EFF2046F8BDFFF70AFFF3
:103D8000FAE700BF0020025810B5FFF789FE0022B5
:103D90000821124802F0A1FD114C012210212046F9
:103DA00002F09BFD42F21070FFF75EFE0022102130
:103DB000204602F092FD0B48FFF756FE012210212B
:103DC000204602F08AFD0848FFF74EFEFFF77EFE10
:103DD00044F62060FFF748FE10BD00BF00180258EF
:103DE000001C0258F04902003057050010B5044687
:103DF000FFF780FEBA20FFF759FF012801D000200D
:103E000010BD200AFFF752FF0128F8D1E0B2FFF7FA
:103E10004DFFF4E7F8B504460D461746FFF76AFE76
:103E20002046FFF7E3FF20B10126FFF789FE304669
:103E3000F8BD0646FFF75EFEBB20FFF737FF0128FF
:103E400011D00126F1E70020FFF76CFF385501344F
:103E5000E4B2AC4209D26B1E9C42F4D00120FFF7C1
:103E600061FF3855F3E73446F3E7FFF769FEDCE717
:103E700030B585B000248DF80340FFF785FF164D5F
:103E800001224FF40061284602F027FD01224FF481
:103E90008071284602F021FD224608210F4802F0D9
:103EA0001CFD012210210E4802F017FD01AA0B2172
:103EB00048F24010FFF7AEFF0DF10302012148F276
:103EC0004700FFF7A7FF9DF80430392B02D00120EF
:103ED00005B030BD2046FBE700200258001802580C
:103EE000001C025800B583B001904FF6FF73012209
:103EF00001A9034808F076FF019803B05DF804FBC0
:103F00005016002408B51748174B03604FF4E133EF
:103F1000436000238360C36003610C2242618361BC
:103F2000C36103624362836209F029F870B900211A
:103F30000C4809F09CF860B900210A4809F0BCF867
:103F400050B9084809F074F848B908BDFEF71CFFDD
:103F5000EDE7FEF719FFEFE7FEF716FFF1E7FEF7D3
:103F600013FFF2E7501600240010014030B5B9B03D
:103F70000446002133913491359136913791C02216
:103F800002A80FF037FE2268284B9A4201D039B0C0
:103F900030BD01220023CDE9022302A805F0E0FC98
:103FA00000283DD1224BD3F8F02042F01002C3F894
:103FB000F020D3F8F02002F010020092009AD3F81B
:103FC000E02042F00102C3F8E020D3F8E03003F033
:103FD00001030193019B4FF4C06333930223349395
:103FE0000025359536950723379333A9114802F0FC
:103FF0005DFB1148114B0360292343608560C56058
:104000004FF48063036145618561C5610562456266
:1040100001F01AFD38B9084BC4F880309C63B6E74C
:10402000FEF7B2FEBEE7FEF7AFFEF4E70010014078
:104030000044025800000258D81500241000024025
:10404000DFF834D0FFF7AAFC0C480D490D4A0023D5
:1040500002E0D458C4500433C4188C42F9D30A4A3D
:104060000A4C002301E013600432A242FBD30FF09C
:104070009DFDFEF721FF704700000824000000248A
:10408000C00A002448E60108C00A002478B10024D0
:10409000FEE7002304E011F803C000F803C0013379
:1040A0009342F8DB7047002304E003F14042002113
:1040B00011700133B3F1007FF7D3704708B5FFF7F4
:1040C000F2FF4FF46001064800F0BBFB054B18609F
:1040D0004FF42001044800F0B4FB044B186008BD05
:1040E000000080C0E4160024000060C1E81600242F
:1040F00008B50146024B186800F0B2FB08BD00BFCE
:10410000E416002408B50146024B186800F0BAFB1B
:1041100008BD00BFE4160024406820F0030070478B
:10412000436803F003030B434360704708B5FFF790
:10413000F3FFB0FA80F0400908BD406800F00100CC
:104140007047436843F0010343607047436823F0BE
:10415000010343607047406800F002007047436805
:1041600043F0020343607047436823F00203436057
:104170007047083870470830704708447047006837
:10418000704710B50C46FFF7C7FF1034A04234BF8C
:104190000020012010BD01468060C0600020086141
:1041A00009E002EB40131C3301EB83035960013239
:1041B0001F2AF6DD0130172805DC031D01EB830300
:1041C00000225A60F4E7704738B50446FFF7D3FF82
:1041D00005462046FFF7A0FF011F2846FFF7CDFF49
:1041E00005462046FFF7A2FF08B9284638BD034B15
:1041F000034ABE2103480FF09BFC00BFFCD7010817
:10420000D4DC010814D8010810B50446FFF7DCFF20
:10421000046010BD10B50446FFF7F6FFFFF79FFFDF
:104220002046FFF78EFF10BD10B50446FFF7CCFF08
:10423000FFF79AFF2046FFF789FF10BD08B54B1E18
:104240000B4202D14942084008BD034B034ADC211E
:1042500003480FF06DFC00BF38D80108C8DC010826
:1042600014D8010808B5084401384B4218404B1EC9
:104270000B4200D108BD034B034AE32103480FF072
:1042800057FC00BF38D80108A8DC010814D8010881
:104290002DE9F04116461F4603EB42121C3200EB9B
:1042A000820253681BB304460D4639B38B60C86065
:1042B000D9600846FFF75FFF80460421FFF7D2FF71
:1042C000804522D107EB46131C3304EB83035D606A
:1042D000012303FA06F122690A432261BB40043636
:1042E00004EB860467683B436360BDE8F0810A4BDA
:1042F0000A4A4FF4A4710A480FF01AFC094B074A06
:1043000040F2491106480FF013FC074B034A4FF4E3
:10431000A77103480FF00CFC78D80108B4DC010841
:1043200014D80108A8D80108E4D8010838B5CD6828
:104330008C686DB19CB1E560AC6003EB421C0CF184
:104340001C0C00EB8C0CDCF804508D420ED038BDF8
:10435000124B134A40F2311112480FF0E9FB124B95
:104360000F4A4FF499710F480FF0E2FBCCF804406C
:10437000A042ECD101249C40111D00EB81014B684F
:1043800023EA04034B60002BE1D1012303FA02F27C
:10439000036923EA02030361D9E700BF48D9010892
:1043A00094DC010814D8010874D9010808B54B1E23
:1043B0000B4204D1084401384942084008BD034B70
:1043C000034AD72103480FF0B3FB00BF38D80108D8
:1043D00088DC010814D8010808B5421E6FF040437C
:1043E0009A4201D3002008BDFFF7E0FF0C2838BF38
:1043F0000C20F8E72DE9F84307460D46FFF7BBFE12
:10440000291FFFF7BAFE04463846FFF785FE064629
:10441000A0EB05082046FFF7AEFE81460421FFF71A
:1044200021FF814519D1A8F1040805EB08030433E5
:104430009E4219D141462046FFF772FE2046FFF703
:104440006BFE0B2817D929463846FFF769FE204630
:10445000FFF7E0FE2046BDE8F8830A4B0A4A40F227
:1044600073110A480FF064FB094B074A4FF4BB7104
:1044700006480FF05DFB074B034A4FF4BC7103483D
:104480000FF056FBA0D9010824DD010814D801085B
:1044900014DA010854DA010838B504460D46FFF76E
:1044A00045FE58B92846FFF737FE043063680344D9
:1044B00063602046FFF7A8FE204638BD034B044A40
:1044C0004FF4C17103480FF033FB00BFA0DA0108BD
:1044D000F4DC010814D8010828B1B0FA80F0C0F16A
:1044E0002000013870470020FBE770B504460D46F8
:1044F00016467F2808D8002804DB84100020286096
:10450000346070BD0330F8E7FFF7E6FF431FDC407F
:1045100084F020040638F2E730B583B005460C4637
:104520000846FFF7F9FD6A4601A9FFF7DEFF009B89
:10453000019A21462846FFF7ABFE03B030BD0000CC
:1045400070B506460C4615460846FFF7F6FD28B13D
:1045500029462046FFF715FE38B970BD0B4B0C4AB3
:104560004FF4D3710B480FF0E3FA29462046FFF7CA
:1045700041FF05462046FFF747FE2846FFF7EFFDBF
:1045800029463046FFF7C8FFE7E700BFD8DA010841
:1045900030DD010814D8010810B50C4641B1FFF711
:1045A000CFFF2046FFF740FE2046FFF7E4FD10BD99
:1045B0000846FCE730B583B005460C460846FFF7D1
:1045C000ABFD6A4601A9FFF790FF009B019A2146C7
:1045D0002846FFF7ABFE03B030BD000070B50546BE
:1045E0000C460846FFF7B7FD80B12046FFF7C7FD30
:1045F000064668B1FFF7A1FD88B131462846FFF7AE
:10460000D9FF21463046FFF747FF0446204670BDDC
:10461000064B074A40F28D1106480FF089FA064B07
:10462000034A4FF4C77103480FF082FA08DB010810
:1046300004DD010814D8010834DB010870B5054613
:104640000C460846FFF7C0FD90B10646FFF775FD22
:1046500060B12046FFF76AFD88B931462846FFF76A
:10466000A9FF31462046FFF717FF0446204670BDDC
:10467000064B074A40F2991106480FF059FA064BCB
:10468000034A4FF4CE7103480FF052FA7CDB010865
:10469000E0DC010814D80108A8DB010870B5044665
:1046A0000D4616461F2806D9FFF716FF431F0120A7
:1046B000984001380444324629462046FFF715FF4A
:1046C00070BD034690FAA0F0B0FA80F00BB94FF03D
:1046D000FF307047F8B504460F4616460D6811685E
:1046E0002A1D00EB820250684FF0FF338B401840C8
:1046F0000FD120696B1C4FF0FF3202FA03F3184010
:1047000019D0FFF7DEFF05463860031D04EB830375
:10471000586848B1FFF7D5FF306000EB45131C33F4
:1047200004EB83035868F8BD044B054A40F2251199
:1047300004480FF0FDF90020F5E700BFE4DB0108B5
:1047400040DD010814D8010870B582B00023019340
:104750000093F9B104460E466A4601A93046FFF7B8
:104760009DFF6A4601A92046FFF7B4FF054690B1B8
:10477000FFF7D2FCB04206D3009B019A294620469F
:10478000FFF7D4FD07E0054B054A4FF4EA710548F1
:104790000FF0CEF90025284602B070BD20DC0108DC
:1047A00074DC010814D8010840F6744070470820F2
:1047B00070470000F8B507460C461546FFF7F7FFAF
:1047C0000421281AFFF73AFD14F0030F27D10546FC
:1047D000A0F10C02144B9A4223D86FF0030120463B
:1047E000FFF7CBFC06462946FFF79AFC3046FFF759
:1047F000A8FC3046FFF7B8FC31463846FFF78CFE80
:104800003046FFF701FD05460021FFF789FC2846E9
:10481000FFF79CFC2846FFF7A2FC2046F8BD0020CD
:10482000FCE70020FAE700BFF4FFFF3F10F0030FA2
:1048300005D110B50446FFF7AEFC204610BD0020A0
:10484000704770B505460E46FFF7F0FF0446FFF7C8
:10485000ABFF321A29182046FFF7ACFF204670BD87
:1048600038B5044608460421FFF7B6FD0546014663
:104870002046FFF769FF01462A462046FFF78CFED7
:1048800038BD0000F9B138B504460846FFF771FCA1
:104890000546FFF752FC78B92846FFF7BBFC2946CE
:1048A0002046FFF79BFE01462046FFF7C7FE014664
:1048B0002046FFF731FE38BD034B044A4FF44071E8
:1048C00003480FF035F970473CDC010818DD01089A
:1048D00014D8010882B0BFF35B8F0368BFF35B8F0E
:1048E0000193BFF35B8F0198BFF35B8F012814BF67
:1048F0000020012002B0704782B002460121BFF3C0
:104900005B8F50E8003F40E8001CBCF1000FF8D17D
:10491000BFF35B8F019310E00121BFF35B8F52E87F
:10492000003F42E8001CBCF1000FF8D1BFF35B8FE1
:10493000BFF35B8F0193BFF35B8FBFF35B8F019B73
:10494000BFF35B8F012BE7D0031DBFF35B8F53E8F1
:10495000002F013243E800210029F8D1BFF35B8F1B
:10496000BFF35B8F01238360BFF35B8F02B070479F
:10497000BFF35B8F8368BFF35B8F03B97047031D81
:10498000BFF35B8F53E8002F013A43E80021002971
:10499000F8D1BFF35B8FBFF35B8F4368BFF35B8FCF
:1049A00033B1BFF35B8F00238360BFF35B8FE5E719
:1049B000BFF35B8F50E8002F40E800310029F9D1A8
:1049C000BFF35B8FEDE70000BFF35B8F0023036055
:1049D000BFF35B8FBFF35B8F4360BFF35B8FBFF3AE
:1049E0005B8F8360BFF35B8F034BC360034B03613B
:1049F000034B4361704700BFF94800087149000844
:104A0000D548000810B5032000F044FE04F0E8FB90
:104A10000F498B69C3F303230E4AD35C03F01F03D2
:104A2000D8408B6903F00F03D35C03F01F0320FA17
:104A300003F3094A1360094B18600F20FEF7CEFEFE
:104A400010B10124204610BD0446FEF7ADFEF9E783
:104A500000440258ECD70108100000240C00002488
:104A6000034B1B78034A11680B441360704700BF67
:104A700014000024EC160024014B1868704700BF96
:104A8000EC16002438B50446FFF7F6FF0546B4F1EE
:104A9000FF3F02D0044B1B781C44FFF7EDFF401B87
:104AA000A042FAD338BD00BF14000024014B18689F
:104AB000000C70470010005C0368186C7047000021
:104AC000F0B583B00022019290F85020012A00F046
:104AD00057820346012280F850200068826812F055
:104AE000040F09D05A6D42F020025A6501200022BD
:104AF00083F8502003B0F0BD0A68002A0ADBC2F335
:104B00001304002C4ED1C2F3846201249440C26984
:104B10002243C2611D684C683035220A920002F0BF
:104B20000C02A85804F01F0E1F2404FA0EF420EA09
:104B300004000C68C4F3846C0CFA0EFC40EA0C0010
:104B4000A8501C68A26812F0040200D00122A068DC
:104B500010F0080000D0012002432FD018688268AE
:104B600012F0010F40F008820A68CD68D0F8C0400A
:104B7000C2F3130624EA060405F0180CB24D25FA18
:104B80000CF52A40C2F313022243C0F8C020C868C3
:104B9000AE4A904200F0B0800A68002AC0F26B81F1
:104BA0000020A4E792FAA2F232B1B2FA82F202F045
:104BB0001F0201249440AAE72022F8E70F688D68BD
:104BC0001434780E800000F004002658C7F3045E09
:104BD0004FF0070C0CFA0EFC26EA0C0C05FA0EF549
:104BE0004CEA050525509A48006800F07040B0F185
:104BF000805F0BD01C68E06810F0100F39D1486955
:104C0000E468C4F382046400A04006E048691C68BC
:104C1000E468C4F382046400A0400D69042D36D01A
:104C20001F680E68603757F8254004F0004406F00E
:104C3000F8463043204347F8250018680E694C7E3B
:104C4000012C1ED01546603050F8264024F0004458
:104C50002C4340F826401D680C69087E012813D0BB
:104C6000286920F4F04004F01F04A24002432A61A6
:104C700074E74869E468A40804F004046400A040F0
:104C8000CBE74FF00045DEE74FF40062E8E7186835
:104C9000026E02F0F8420C68B2EB846F1DD0186807
:104CA000426E02F0F8420C68B2EB846F1AD01868BA
:104CB000826E02F0F8420C68B2EB846F17D018686D
:104CC000C26E02F0F8420C68B2EB846F7FF446AF1C
:104CD000C26E22F00042C26640E7026E22F000423D
:104CE0000266DCE7426E22F000424266DFE7826E37
:104CF00022F000428266E2E71C680A68C2F31305EC
:104D0000002D34D1900E013000F01F0009288CBF17
:104D100000200120002861D0002D37D1900E0130F5
:104D2000800600F0F840002D3CD1960E013606F0CA
:104D30001F070126BE403043002D41D1920E0132A3
:104D400002F01F0202EB420212050243886814348B
:104D5000550EAD0005F004056659C2F3045207274D
:104D6000974026EA070690403043605114E792FAD4
:104D7000A2F048B1B0FA80F0013000F01F0009281D
:104D80008CBF00200120C5E72020F5E792FAA2F0B1
:104D900030B1B0FA80F00130800600F0F840C2E790
:104DA0002020F8E792FAA2F646B1B6FA86F6013666
:104DB00006F01F06012707FA06F6BCE72026F6E7ED
:104DC00092FAA2F242B1B2FA82F2013202F01F026A
:104DD00002EB42021205B8E72022F6E7CDB9900EA9
:104DE0000130800600F0F840FDB9960E013606F05D
:104DF0001F070126BE40304365BB920E013202F010
:104E00001F0202EB42021E3A120542F000720243F8
:104E10009CE792FAA2F030B1B0FA80F0013080063F
:104E200000F0F840E0E72020F8E792FAA2F646B159
:104E3000B6FA86F6013606F01F06012707FA06F6CF
:104E4000D9E72026F6E700BFFFFF0F000000FF476D
:104E50000010005C92FAA2F25AB1B2FA82F2013268
:104E600002F01F0202EB42021E3A120542F00072EB
:104E7000CDE72022F3E719684248434CA14218BF0E
:104E800081420CBF0120002021D1404EB56805F0C1
:104E9000E077F0B13B48806810F0010000D00120BD
:104EA000394CA46814F0010400D0012420430CBF45
:104EB00001200020002859D03548824212D03548C0
:104EC000824231D0344882423FD000200FE6334E38
:104ED000DCE73348806810F0010000D0012080F04A
:104EE0000100E7E715F4000FE9D12D4A914201D006
:104EF0000020FCE547F40002B16821F0E0710A43AC
:104F0000B260284A126892092749A1FB021292094D
:104F100001325200019202E0019A013A0192019A93
:104F2000002AF9D10020E2E515F0807FCAD11C4AA1
:104F3000914201D00020DAE547F08072B16821F09B
:104F4000E0710A43B2600020D1E515F4800F15D15D
:104F5000134A914201D00020C9E547F48002B168AC
:104F600021F0E0710A43B2600020C0E55A6D42F0C2
:104F700020025A650120BAE50020B8E50020B6E518
:104F80000220B7E500200240002102400023024039
:104F9000000084CB000052C70000B8CF0063025865
:104FA000006002580C000024632D3E0538B50368EC
:104FB0009A6812F0010F56D1044699682B4A1142A3
:104FC00009D0436D43F010034365836D43F0010343
:104FD0008365012048E09968254A0A4042F00102B1
:104FE0009A60FFF749FD054623682249224A934209
:104FF00018BF8B420DD102F50072926802F01F02B9
:105000001D498B4207D01946994207D032B1002082
:105010002AE01A4AF1E7A1F58071F5E723681A68DA
:1050200012F0010F1DD19A6812F0010F05D1996895
:105030000F4A0A4042F001029A60FFF71DFD401B33
:105040000228EBD923681B6813F0010FE6D1636DCA
:1050500043F010036365A36D43F00103A3650120D2
:1050600002E0002000E0002038BD00BF3F000080CB
:10507000C0FFFF7F00200240002102400063025871
:1050800038B5044603683E493E4A934218BF8B42F6
:1050900052D102F50072956805F01F059B6813F068
:1050A000040F69D194F85030012B67D0012384F8A4
:1050B00050302046FFF77AFF002859D1626DA0F6E4
:1050C0000273134043F48073636523682D4A93424F
:1050D00034D01A46934200D01DB9626D22F480127A
:1050E0006265626D12F4805F2BD0A26D22F0060221
:1050F000A2651C221A60002384F850302368214ADC
:10510000934221D01A46934221D0052D14BF00218D
:105110000121E5B1D9B9092D19D0636D43F480138C
:105120006365D36813F0007F27D0636D23F4405389
:1051300043F48053636520E0134AACE7A2F5807224
:10514000C8E70022A265D4E7A2F58072DBE7DA683F
:1051500012F0007F05D0626D22F4405242F480527A
:1051600062659968094A0A4042F004029A6004E0C4
:10517000002384F8503000E0022038BD0220FCE714
:10518000002002400021024000630258C0FFFF7F60
:1051900038B504460268936813F0020300D0012377
:1051A000916811F0010F37D0002B37D1936803F0CD
:1051B0000D03012B09D0636D43F010036365A36DEC
:1051C00043F00103A365012027E09168144B0B40D5
:1051D00043F002039360236803221A60FFF74CFC3C
:1051E000054623689B6813F0010F13D0FFF744FCBA
:1051F000401B0228F5D923689B6813F0010FF0D0FB
:10520000636D43F010036365A36D43F00103A36571
:10521000012002E0002000E0002038BD0020FCE773
:10522000C0FFFF7F38B5044603684F494F4A934299
:1052300018BF8B4223D14E4B9B6813F4403F14BFE1
:10524000012300234BB304F00FFA05466368B3F55E
:10525000003F1CD0B3F5403F1DD0B3F5803F16D0C2
:10526000FFF724FC41F20303984258D8414B9D427A
:105270004FD92268936843F48073936038BD3E4BE6
:105280009B6813F4403F14BF01230023DAE71B0C93
:10529000B5FBF3F5E4E78508E2E74FF400200021D1
:1052A00005F0AAFB05466368B3F5101F2DD022D880
:1052B000B3F5E01F27D004D9B3F5001FD0D14509BD
:1052C000CEE7B3F5801F0DD006D9B3F5A01F09D0E6
:1052D000B3F5C01F06D0C3E7B3F5002F02D0B3F576
:1052E000402F04D19B0C5B00B5FBF3F5B8E7B3F599
:1052F000802FF7D0B4E7B3F5201F08D0B3F5301FE7
:10530000AED1050AACE70509AAE78509A8E7C509F2
:10531000A6E72268936823F480739360AEE7174B87
:105320009D4205D82268936823F440739360A5E7F3
:10533000134B9D4207D82268936823F4407343F4CB
:10534000807393609AE70F4B9D4207D82268936859
:1053500023F4407343F4007393608FE722689368EB
:1053600043F44073936089E700200240002102402B
:1053700000230240002D31010063025821BCBE0011
:1053800041787D0181F0FA0230B583B000230193AA
:10539000002800F010810446436DEBB123689A6841
:1053A00012F0005F03D09968844A0A409A6023682B
:1053B0009A6812F0805F1CD19968814A0A4042F0D5
:1053C00080529A607F4B1B689B097F4AA2FB032394
:1053D0009B090133019309E0FCF790FF0023A365CB
:1053E00084F85030DAE7019B013B0193019B002BCD
:1053F000F9D12268936813F0805F40F09C80636D60
:1054000043F010036365A36D43F00103A365012519
:10541000936813F0040300D00123616D11F0100FA5
:1054200040F0C180002B40F0BE80636D23F4817397
:1054300043F002036365936813F0010F21D16349C0
:10544000634B9A4218BF8A420CBF0122002274D1DA
:105450008B6813F0010300D001235D49896811F0C6
:10546000010100D001210B430CBF0123002343B1F4
:10547000002A6BD0574963688A6822F47C12134370
:105480008B60FFF713FB41F20303984202D9A36834
:10549000102B5DD0627D236B43EA4233A268134335
:1054A000227F43EA0243227F012A5CD0626A22B152
:1054B00002F47872A16A0A4313432168C868464A15
:1054C00002401343CB6021688B6813F0040300D0C3
:1054D00001238A6812F0080200D0012213431BD175
:1054E000227DE36A43EA8232C8683C4B034013439F
:1054F000CB6094F83830012B3AD02268136923F03E
:10550000010313612268136923F07043616B0B433D
:1055100013612046FFF786FEE368012B3AD022682C
:10552000136B23F00F031363636D23F0030343F046
:10553000010363653CE000256AE7294B9B6813F093
:10554000010300D0012383F0010390E7254992E78E
:10555000617D226B42EA41321343227F43EA0243D8
:1055600043F00C039FE7226A013A43EA42439DE776
:10557000206802691C4B1340E26B511E226C42EA08
:105580000142616C0A43A16C0A43134343F00103D7
:105590000361B7E721680B6B23F00F03A269013A9F
:1055A00013430B63C0E7636D43F01003636501258C
:1055B000284603B030BD0125FAE700BFC0FFFF5FFA
:1055C000C0FFFF6F0C000024632D3E050020024049
:1055D000002102400023024003C0F0FFFCBFFFFF98
:1055E00000600258006302581EF800FC70B582B0DB
:1055F0000023019390F85030012B42D004460D4611
:105600001646012380F85030FFF7C2FD00282FD145
:10561000626D1D4B134043F002036365226891687D
:105620001A4B0B4005F4803506F0804635432B437A
:1056300043F00043936023689B68002B06DB636D97
:1056400023F0030343F00103636515E0019B01337D
:105650000193019A0E4B9A42EDD3636D23F012032E
:1056600043F010036365002384F85030012006E006
:10567000636D43F010036365002384F8503002B07B
:1056800070BD0220FBE700BFFDEEFFFFC0FFFE3F45
:1056900000F8C3250649CB6823F4E0631B041B0C08
:1056A000000200F4E0600343024A1A43CA607047F4
:1056B00000ED00E00000FA0500B5174BDB68C3F30E
:1056C0000223C3F1070CBCF1040F28BF4FF0040CF8
:1056D00003F1040EBEF1060F14D9033B4FF0FF3E59
:1056E0000EFA0CFC21EA0C0199400EFA03F322EAAF
:1056F00003031943002807DB0901C9B2074B1954FA
:105700005DF804FB0023E9E700F00F000901C9B2CE
:10571000034B1954F4E700BF00ED00E000E400E0A3
:1057200014ED00E0002807DB00F01F024009012310
:105730009340024A42F82030704700BF00E100E089
:10574000BFF35F8F044B5A6A22F480325A62002200
:10575000C3F89420704700BF00ED00E040F0010066
:10576000054BC3F894005A6A42F480325A62BFF380
:105770004F8FBFF36F8F704700ED00E04378144AFE
:10578000C2F89830D2F8A03023F00103C2F8A0305C
:105790004368C2F89C30017BC37A1B0643EA01735D
:1057A000817A43EAC143417B43EA8143817B43EAF7
:1057B0004143C17B43EA0143417A43EA0123017A31
:1057C00043EA410301780B43C2F8A030704700BFA1
:1057D00000ED00E003682749274A934218BF8B4237
:1057E0002FD0183293422CD01832934229D018323D
:1057F000934226D01832934223D01832934220D0BD
:10580000183293421DD002F55672934219D01832C5
:10581000934216D01832934213D01832934210D0CC
:10582000183293420DD0183293420AD01832934264
:1058300007D01832934204D023F0FF038365806DB4
:10584000704710B4D9B210390C4AA2FB0142C2F31E
:1058500002120B4CA25CC2655F2907D9094A1A40A3
:1058600004328265806D5DF8044B7047054A1A402A
:105870008265F7E71000024028000240ABAAAAAAFE
:1058800058DD010800FCFFFF83699BB9836A012B87
:105890000AD0022B02D00BB100207047C36A13F06C
:1058A000807F2AD100207047C36AB3F1C07F26D021
:1058B00000207047B3F5005F0AD0836A022B26D917
:1058C000032B26D1C36A13F0807F24D100207047B8
:1058D000836A032B03D8DFE803F01404140A0020C2
:1058E0007047C36A13F0807F0DD100207047C36AF0
:1058F000B3F1C07F09D0002070470120704701201C
:105900007047012070470120704701207047012037
:10591000704700207047012070470000036822494B
:10592000224A934218BF8B4228D01432934225D08A
:105930001432934222D0143293421FD01432934235
:105940001CD01432934219D01432934216D0DAB2DA
:10595000103A1749A1FB0212120916491944A82945
:105960001FD9154B13449B000366144B436602F08A
:105970001F02012303FA02F282667047DBB2083B82
:105980000F4AA2FB03230F4A02EB13129200026696
:105990000D4A4266C3F30413012202FA03F383663D
:1059A00070470832DDE700BF085402581C54025803
:1059B000ABAAAAAAF0FBFDBF00820010800802403B
:1059C000CDCCCCCC009600168058025801794A1EE6
:1059D000072A2CD830B40368154D164CA34218BFC3
:1059E000AB4218D01434A34215D01434A34212D0C1
:1059F0001434A3420FD01434A3420CD01434A34265
:105A000009D01434A34206D00B4B0B449B00C36651
:105A10000A4B036705E00A4B0B449B00C366094B26
:105A20000367012303FA02F2426730BC70477047F4
:105A3000085402581C5402583F820010400902408A
:105A40003F9600164059025870B50446FFF714F807
:105A5000002C00F0B681054623685349534A93420F
:105A600018BF8B420CBF0122002250D030318B4234
:105A70004DD018318B424AD018318B4247D0183163
:105A80008B4244D018318B4241D018318B423ED0EA
:105A900001F556718B423AD018318B4237D018310C
:105AA0008B4234D018318B4231D018318B422ED0FA
:105AB00018318B422BD018318B4228D018318B42B1
:105AC00025D03B493B4A934218BF8B4200F03181BD
:105AD000394A934200F02D811432934200F029811B
:105AE0001432934200F025811432934200F0218158
:105AF0001432934200F01D811432934200F0198158
:105B000040236365032384F8353001204AE00221F5
:105B100084F83510002184F834107ABB274A934268
:105B20002CD01832934229D01832934226D0183202
:105B3000934223D01832934220D0183293421DD082
:105B400002F55672934219D01832934216D0183289
:105B5000934213D01832934210D0183293420DD092
:105B6000183293420AD01832934207D01832934227
:105B700004D01A6822F001021A6003E01A6822F0C9
:105B800001021A6023681A6812F0010F18D0FEF79C
:105B900073FF431B052BF5D920236365032384F88A
:105BA0003530012070BD00BF1000024028000240C7
:105BB000085402581C540258305402584000024005
:105BC0001A6881481040A168E2680A4321690A43C3
:105BD00061690A43A1690A43E1690A43216A0A43E8
:105BE0000243616A042900F099807849086878497D
:105BF0000140B1F1005F11D36168A1F12905A1F164
:105C00003F00032888BF052D06D9A1F147000128D0
:105C100002D94F39032901D842F480121A6026684C
:105C2000756925F00705636A1D43042B08D1A36A33
:105C30001D43E36A23B12046FFF726FE002872D1F8
:105C400075612046FFF7C6FDE36D03F01F023F2399
:105C50009340836023685F495F4A934218BF8B4239
:105C600042D0183293423FD0183293423CD018327F
:105C7000934239D01832934236D01832934233D0FF
:105C80001832934230D002F5567293422CD018321B
:105C9000934229D01832934226D01832934223D00F
:105CA0001832934220D0183293421DD018329342BA
:105CB0001AD01832934217D0484A934214D0143263
:105CC000934211D0143293420ED0143293420BD02F
:105CD0001432934208D01432934205D014329342C6
:105CE00002D01432934213D12046FFF717FEA36867
:105CF000802B59D0236E22791A60636EA26E5A608F
:105D00006368013B072B52D90023E366236763676F
:105D100000206065012384F8353043E7E16A206B99
:105D200001430A4361E740236365012084F835009D
:105D300038E7022284F83520002284F834201A68DB
:105D400027491140A268402A2CD0802A27D000225F
:105D5000E06842EAD002206942EAD002606942EA81
:105D6000D002A06942EAD002E06942EAD002206A89
:105D700042EA10120A431A6022681A4B13441A4A64
:105D8000A2FB03231B099B00E3652046FFF722FDCE
:105D9000E26D02F01F0101228A4042605AE74FF48F
:105DA0008042D5E71022D3E700236360A2E72046B4
:105DB000FFF70CFEE36E00221A60236F626F5A60D9
:105DC000A6E70120EEE600BF3F8010FE0010005C59
:105DD0000000FFFF10000240280002400854025853
:105DE0000F00FEFFF8ABFDA7CDCCCCCCF0B583B057
:105DF0000446002301937D4B1D687D4BA3FB0535B5
:105E0000AD0A876D3E68D7F800C0036879497A48C3
:105E1000834218BF8B420CBF0120002061D0774A1B
:105E200093425ED0183293425BD01832934258D0DE
:105E30001832934255D01832934252D018329342BE
:105E40004FD002F5567293424BD01832934248D04D
:105E50001832934245D01832934242D018329342BE
:105E60003FD0183293423CD01832934239D0183286
:105E7000934236D06249634A934218BF8B4212D094
:105E8000614A93420FD0143293420CD014329342A1
:105E900009D01432934206D01432934203D0143204
:105EA000934240F061821A68E16D01F01F01042005
:105EB000884010EA0C0F00F0A78212F0040F00F0E7
:105EC000A382786012F4004F00F05A8212F4803FEF
:105ED00040F05082A36C002B00F046822046984789
:105EE00042E2E26D02F01F0108228A40324241D0B4
:105EF00070BB424A93422BD01832934228D01832BA
:105F0000934225D01832934222D0183293421FD0A8
:105F1000183293421CD002F55672934218D01832B0
:105F2000934215D01832934212D0183293420FD0B8
:105F3000183293420CD01832934209D0183293424F
:105F400006D01832934203D01A68C2F3C00202E0AE
:105F50001A68C2F380026AB11A6822F004021A6059
:105F6000E36D03F01F0208239340BB60636D43F0B1
:105F700001036365E26D02F01F0226FA02F313F0DB
:105F8000010F47D023681B481B498B4218BF83422F
:105F90003CD018318B4239D018318B4236D0183171
:105FA0008B4233D018318B4230D018318B422DD0F8
:105FB00018318B422AD001F556718B4226D0183108
:105FC0008B4223D018318B4220D018318B421DD008
:105FD00018318B421AD018318B4217D018318B42AE
:105FE00014D018318B4211D01B6813E00C00002430
:105FF000B5814E1B100002402800024040000240C4
:10600000085402581C540258305402585B6913F06B
:10601000800F3BD1E36D03F01F03042202FA03F368
:10602000334240D02268964896498A4218BF82423D
:1060300035D018318A4232D018318A422FD01831E7
:106040008A422CD018318A4229D018318A4226D06F
:1060500018318A4223D001F556718A421FD0183177
:106060008A421CD018318A4219D018318A4216D07F
:1060700018318A4213D018318A4210D018318A421E
:106080000DD018318A420AD013680CE0012303FABC
:1060900002F2BA60636D43F002036365BAE7126807
:1060A00012F0020F3DD1E36D03F01F03102202FA3C
:1060B00003F333425FD02268714872498A4218BFA5
:1060C000824234D018318A4231D018318A422ED0DF
:1060D00018318A422BD018318A4228D018318A428E
:1060E00025D018318A4222D001F556718A421ED03D
:1060F00018318A421BD018318A4218D018318A428E
:1061000015D018318A4212D018318A420FD0183176
:106110008A420CD018318A4209D01268C2F3800238
:1061200008E0BB60636D43F004036365BBE712687E
:10613000C2F3C002FAB1BB6023681A6812F4802F60
:106140000DD01B6813F4002F04D1236C9BB12046A3
:10615000984710E0A36C73B1204698470BE01A688B
:1061600012F4807F03D11A6822F008021A60236CAF
:106170000BB120469847E36D03F01F03202202FA7B
:1061800003F3334200F0928022683D483D498A4241
:1061900018BF82422ED018318A422BD018318A4241
:1061A00028D018318A4225D018318A4222D018319D
:1061B0008A421FD018318A421CD001F556718A429A
:1061C00018D018318A4215D018318A4212D01831AD
:1061D0008A420FD018318A420CD018318A4209D035
:1061E00018318A4206D018318A4203D01268C2F3AD
:1061F000400202E01268C2F30012002A56D0BB60CF
:1062000094F83530DBB2042B0ED023681A6812F4F0
:10621000802F39D01B6813F4002F2CD1636C002B16
:1062200044D02046984741E02268136823F01603C3
:1062300013602268536923F080035361236CB3B168
:106240002268136823F008031360E36D03F01F0254
:106250003F239340BB60012384F83530002384F84A
:106260003430236D002B7FD0204698477CE0A36C10
:10627000002BE5D1E9E7E36BC3B12046984715E071
:1062800010000240280002401A6812F4807F09D1F1
:106290001A6822F010021A60012384F835300023B6
:1062A00084F83430E36B0BB120469847636D002BC4
:1062B0005AD0636D13F0010F52D0042384F83530A7
:1062C00023689649964A934218BF8B422FD01832C2
:1062D00093422CD01832934229D01832934226D0C0
:1062E0001832934223D01832934220D0183293426E
:1062F0001DD002F55672934219D01832934216D02F
:106300001832934213D01832934210D0183293426D
:106310000DD0183293420AD01832934207D0183267
:10632000934204D01A6822F001021A6003E01A684E
:1063300022F001021A60019B01330193AB4204D8A1
:1063400023681B6813F0010FF5D123681B6813F055
:10635000010F0BD0032384F83530002384F8343048
:10636000E36C0BB12046984703B0F0BD012384F8DD
:106370003530F2E7236C002BF6D020469847F3E740
:1063800012F0200F3AD123686449654A934218BF3E
:106390008B422FD0183293422CD01832934229D0FE
:1063A0001832934226D01832934223D018329342A7
:1063B00020D0183293421DD002F55672934219D064
:1063C0001832934216D01832934213D018329342A7
:1063D00010D0183293420DD0183293420AD018329E
:1063E000934207D01832934204D01A6822F0040274
:1063F0001A6003E01A6822F008021A60236C002B6E
:10640000B2D020469847AFE70220884010EA0C0F30
:1064100060D012F0020F5DD0786012F4004F0ED001
:1064200012F4803F05D1636C002B9DD02046984725
:106430009AE7E36B002B97D02046984794E712F039
:10644000200F40D123683549354A934218BF8B420B
:106450002FD0183293422CD01832934229D01832C0
:10646000934226D01832934223D01832934220D040
:10647000183293421DD002F55672934219D0183249
:10648000934216D01832934213D01832934210D050
:10649000183293420DD0183293420AD018329342E8
:1064A00007D01832934204D01A6822F00A021A6008
:1064B00003E01A6822F014021A60012384F83530D0
:1064C000002384F83430E36B002B3FF44DAF2046BB
:1064D000984749E7082000FA01F111EA0C0F3FF450
:1064E00043AF12F0080F3FF43FAF1A6822F00E02DC
:1064F0001A60E36D03F01F03012202FA03F37B60CD
:10650000626584F83520002384F83430E36C002B76
:106510003FF42AAF2046984726E700BF100002400C
:1065200028000240002837D010B5044690F86130AA
:10653000002B2CD0022384F8613021680A68174BA5
:1065400013406268E069024313430B6021684A6BA1
:10655000134B1340A268A069024313434B632268A4
:10656000116C104B0B40E1680B43136421684B6BBB
:1065700023F4401320696269520542EA0052134332
:106580004B6300206066012384F8613010BD80F801
:106590006030FBF72BFFCDE701207047BFFFF8FF0E
:1065A000F8FEFFFF0000FFFF90F86030012B74D071
:1065B00030B4012380F86030022380F86130C1EBF1
:1065C000C10200EB8202D46A136B44EA0343956B69
:1065D00043EA0553D26B43EA4253A4F10902012A6C
:1065E00021D9C1EBC10200EB8202526B43EA026384
:1065F00061BB0468656A2A4A2A40134363620268E1
:10660000C1EBC10300EB83039C6A9461DB6A093B25
:10661000012B11D9012380F86130002380F860300C
:10662000184630BC7047C1EBC10200EB8202526BCE
:1066300002F07F421343DBE7C1EBC10100EB8101B4
:106640004B6B026823F07F439362E3E70B2C1BD074
:10665000144D0468E26922EA05021343E36102680B
:10666000C1EBC10300EB83039C6A1461DB6A093B45
:10667000012BCFD8C1EBC10100EB81014B6B02684C
:1066800023F07F431362C5E7C1EBC10200EB820236
:10669000126C43EA8243044DDBE70220704700BFDF
:1066A000F0FFCC000F0033FF0F003FFFF0B583B0C9
:1066B00000236BE085685E000324B44025EA0405EE
:1066C000CC68B4402C438460446824EA0C0C4C68C9
:1066D000C4F300149C4044EA0C04446068E0DD0804
:1066E000083550F8256003F007044FEA840C0F24A6
:1066F00004FA0CF426EA040E0C6904FA0CF444EAD9
:106700000E0440F825406BE0092400E0002404FA60
:106710000EF42C430CF1020C694D45F82C404FF05F
:10672000B0442568D44325EA02064F6817F4801F59
:1067300001D042EA05064FF0B0452E606D6804EACC
:1067400005064F6817F4001F01D042EA05064FF016
:10675000B0456E60D5F8845004EA05064F6817F41A
:10676000003F01D042EA05064FF0B045C5F884600D
:10677000D5F880502C404E6816F4803F01D042EA94
:1067800005044FF0B042C2F8804001330A6832FA83
:1067900003F400F092804FF0010C0CFA03FC1CEAA9
:1067A0000202F2D04C6804F00304013C012C81D9B0
:1067B0004C6804F00304032C0CD0C4685D004FF057
:1067C000030C0CFA05FC24EA0C0C8C68AC4044EA7F
:1067D0000C04C4604C6804F00304022C3FF47FAF47
:1067E00004684FEA430E4FF0030C0CFA0EFC24EA47
:1067F0000C0C4C6804F0030404FA0EF444EA0C0494
:1068000004604C6814F4403FBFD02E4CD4F8F450D0
:1068100045F00205C4F8F450D4F8F44004F0020442
:106820000194019C4FEA930C0CF10205244C54F89E
:10683000255003F003044FEA840E0F2404FA0EF4EB
:1068400025EA0405204CA0423FF460AF04F58064C3
:10685000A04222D004F58064A04220D004F58064D8
:10686000A0421ED004F58064A0421CD004F58064D0
:10687000A0421AD004F58064A04218D004F58064C8
:10688000A04216D004F58064A04214D004F58064C0
:10689000A0423FF439AF0A2439E7012437E7022444
:1068A00035E7032433E7042431E705242FE70624E2
:1068B0002DE707242BE7082429E703B0F0BD00BF2C
:1068C00000040058004402580000025803691942AD
:1068D00001D001207047002070470AB181617047E4
:1068E000090481617047436901EA030221EA030157
:1068F00041EA02418161704730B514461D464FF0B0
:10690000000E72460BE05FFA8EFC0CF1010C01F8F0
:1069100002C00132013B002BF5D10EF1010EBEF198
:106920000F0F08D810F80E3002EB030CBCF5807F77
:10693000F1D9012030BD00238B542A6091F800C0AA
:106940001A4611E044F8232001330132C85C604547
:10695000F8D0BCF11F0F0BD8012000FA0CF09042C8
:1069600008D952000CF1010CC85C0028EED1E1E717
:106970000120DFE70120DDE770B5ADF5A26D05462A
:106980000C4601AB02AA0DF20C41FFF7B5FF20BB8C
:1069900003460EE0A02202A951F8236002F128016B
:1069A00004EB81014E600DF20C41C95C0139A15428
:1069B0000133019A9A4210D9EA18127C002AE9D0D0
:1069C000F02A0DD002F00F01120902EB820201EB56
:1069D0004202013AA12ADED901200DF5A26D70BD57
:1069E000A122D8E730B5ADF2145D05460C460DF294
:1069F0000C5301AA0DF58161FFF77EFFE0B9034654
:106A0000DDF80C259A4217D9EA18127C0B2A12D805
:106A100001A951F8231002F1020C04EB8C0CCCF804
:106A200004100DF5816111F803C00CF1FF3C04F86E
:106A300002C00133E4E701200DF2145D30BD10B552
:106A400090B00B46046804F5F861914206D004F555
:106A5000FC61914205D0012010B010BD04F5FB642B
:106A600001E004F5FF64ABB301A91846FFF7BAFFD4
:106A70000028F1D16FF0F023236063600C2126E041
:106A800001F13F036B4413F83C3C1B0203F47063B9
:106A90004A1C0DF1400C0CEB820212F8382C1A4300
:106AA000023901F140036B4413F83C3C1B0203F430
:106AB000706301F1020C0DF1400E0EEB8C0C1CF812
:106AC00038CC43EA0C0343EA024344F8043D01296D
:106AD000D6D8C1E70020BFE710B5ADF54C7D0B4619
:106AE000046804F5A061914207D004F5CC6191429D
:106AF00006D001200DF54C7D10BD04F2446401E088
:106B000004F2A474002B3FD001A91846FFF734FF0C
:106B10000028EFD12346002204E06FF0F02143F873
:106B2000041B0132022AF8D9184A1A6002F1021233
:106B30005A6002F102129A6002F10212DA60A22196
:106B40001FE04B1E0DF1040C1CF803301B0203F474
:106B5000706301F127020CEB820212791A430239A9
:106B60001CF801301B0203F4706301F1280E0CEBDA
:106B70008E0C9CF804C043EA0C0343EA024344F839
:106B8000043D0129DDD8B5E70020B3E7D00FD10FD0
:106B900010B5046804F55B74102213E0531E92498B
:106BA00011F803C0931ECB5C1B0443EA0C63A2F1F3
:106BB000030C11F80CC043EA0C23043A895C0B4324
:106BC00044F80439032AE9D8036803F55E7C0C22F3
:106BD00015E0531E84490B4493F810E0941E0C44B6
:106BE000237C1B0443EA0E63D41E0C44247C43EA3A
:106BF0000423043A1144097C0B434CF80439032A5A
:106C0000E7D8046804F56274102213E0531E774934
:106C100011F803C0931ECB5C1B0443EA0C63A2F182
:106C2000030C11F80CC043EA0C23043A895C0B43B3
:106C300044F80439032AE9D80368D3F82C246C49B2
:106C400011404FF6F9220A43C3F82C2403F5856E50
:106C5000A02218E0531E65490B441C7CA2F1020CD3
:106C60008C449CF810301B0443EA0463A2F1030C2B
:106C70008C449CF810C043EA0C23043A1144097C6C
:106C80000B434EF80439032AE4D80268D2F82C34B6
:106C90009BB243F04073C2F82C340468D4F83C240F
:106CA000534B1340C4F83C3404F587640C2215E0C0
:106CB000531C504911F803C08B5C1B0443EA0C635E
:106CC00002F1FF3C11F80CC043EA0C23A2F1020CC4
:106CD00011F80C100B4344F80439043A032AE7D89E
:106CE0000268D2F83C349BB243F08073C2F83C3463
:106CF0000468D4F848343E4A1A4040F60A33134335
:106D0000C4F8483404F24444082218E0531C3949BA
:106D10000B4493F810C08B181B7C1B0443EA0C63D4
:106D200002F1FF3C8C449CF810C043EA0C23A2F112
:106D3000020C6144097C0B4344F80439043A032AE9
:106D4000E4D80268D2F848349BB243F00073C2F82A
:106D500048340468D4F85834254A1A4047F202737C
:106D60001343C4F8583404F254440C2215E0531C65
:106D7000214911F803C08B5C1B0443EA0C6302F148
:106D8000FF3C11F80CC043EA0C23A2F1020C11F8ED
:106D90000C100B4344F80439043A032AE7D802687C
:106DA000D2F858349BB243F08073C2F85834036869
:106DB00003F59F6CA02214E0531C0F490B44187C70
:106DC0008B181B7C1B0443EA0063501E0844007CA4
:106DD00043EA0023901E0144097C0B434CF804391C
:106DE000043A032AE8D810BD24DF010814DE0108A4
:106DF0000000FFFF08DF010860DD010810B5044650
:106E0000FFF7C6FE226802F5A06212492046FFF78E
:106E100063FE034608B1184610BD226802F5CC6235
:106E20000D492046FFF758FE03460028F3D122689B
:106E300002F5F86209492046FFF701FE03460028E3
:106E4000E9D1226802F5FC6205492046FFF7F7FD0B
:106E50000346E0E714DE010860DD010824DF0108D5
:106E600008DF0108002847D010B5044690F84D30DF
:106E7000002B39D0022384F84D302268136B43F085
:106E8000010313632268136823F00103136022686F
:106E9000136B23F07E0313632268136B43F40053D8
:106EA00013632268136B43F4804313632268936B6C
:106EB00043F060039363114BE363114B236400239E
:106EC0006364A3642046FFF799FF90B92268536872
:106ED00043F480735360002323626362012284F8C9
:106EE0004D202365636510BD80F84C30FBF798FC9E
:106EF000C0E701202065F6E70120704740DF010868
:106F0000C8DE0108F0B54D680468E368C3F30B43BD
:106F10001D444FEAC21C04EBC214D4F8883003F4B9
:106F20007043C4F888300B680468E668C6F30B4603
:106F30003344013304EBC21443EA0543C4F88830F8
:106F4000CD680468E368C3F30A031D4404EBC21E62
:106F5000DEF88C3003F47043CEF88C308B68046814
:106F6000E668C6F30A0E7344013304EBC21443EA25
:106F70000543C4F88C30036803EBC213D3F8944084
:106F800024F00704C3F89440036803EBC2130C69B0
:106F9000C3F8944091F8317091F832608D690468BB
:106FA00004EBC21404F1840ED4F89C300024CEF813
:106FB000184091F8303043EA072343EA0643066855
:106FC00006EBC21E43EA0563CEF89C300EF1840E38
:106FD000036803EBC213D3F8985025F0FF05C3F8FC
:106FE0009850036803EBC2134D69C3F898500368C7
:106FF00003EBC213D3F8A0602E4D3540C3F8A05068
:107000000D6A036803EBC213CE693543C3F8A05081
:10701000036803EBC213D3F8AC50C3F8AC40036869
:1070200003EBC2124B6AC2F8AC300B696BB1012B97
:1070300039D0022B18BF042B37D0032B37D0072BA6
:1070400001D0012502E0022500E004250268624427
:10705000D2F8B04004F0E024C2F8B0408A6A05FBE0
:1070600002F44B680A689B1A05FB03F307330268B6
:10707000624443EA0443C2F8B03003686344D3F87F
:10708000B4400D4A2240C3F8B42003686344CA6A7E
:10709000C3F8B42003689C44DCF8843043F0010357
:1070A000CCF88430F0BD0325D0E70225CEE70225D9
:1070B000CCE700BFF8F8FFFF00F8FFFF002872D010
:1070C00038B5044690F8A130002B67D0022384F82D
:1070D000A1302268936923F07043936121688A6923
:1070E0006368A0680343E0680343206903431343D4
:1070F0008B6121688A682D4B1A408A6020688268FB
:10710000A169656941EA05410A4382602168CA684C
:107110001A40CA602068C268216AE56941EA0541EF
:107120000A43C26021680A691A400A61206802693C
:10713000A16A656A41EA05410A43026121684A6918
:1071400013404B61E06A21684B69226B42EA0042BE
:1071500013434B6194F8350094F836301B042168D2
:10716000CA6A02F07F42CA622168CA6A43EA0023FF
:1071700094F8340003431343CB622268536B43F00B
:10718000060353632268936943F00103936100206F
:10719000C4F8A400012384F8A13038BD80F8A030E1
:1071A000FBF758FB92E70120704700BF00F800F0A2
:1071B000F8B590F8A030012B2CD004460D461646A9
:1071C000012780F8A070022380F8A1304FF0340C22
:1071D0000CFB020C0CF1380C8E46BEE80F00ACE83C
:1071E0000F00BEE80F00ACE80F00BEE80F00ACE8EF
:1071F0000F00DEF80030CCF8003032462946204639
:10720000FFF780FE23685F6284F8A170002084F895
:10721000A000F8BD0220FCE7C368016902680B43C7
:10722000D360436982691343C2691343026A1343FB
:10723000426A1343C26A1343026B1343826A013AE0
:1072400043EA8243816802680B4313614368B3F1E8
:10725000804F1BD0036800225A61436B93421BDBB3
:1072600002689BB21362836B002B20DB01680A6A01
:1072700042EA03430B624368B3F1804F24D00268B3
:10728000DBB29362036800225A6270470268136996
:1072900043F040431361DDE70268536943F4802300
:1072A0005361436B5B4202689BB21362DBE7026887
:1072B000536943F400235361836B5A4201680B6A9C
:1072C00043EA02430B62D6E7036800229A62D9E7D9
:1072D00038B50446FDF7D0FB44B30546002384F8D7
:1072E0003C30022384F83D302268D36823F0010348
:1072F000D3602368DB6813F0010F0BD0FDF7BCFBF4
:10730000431B052BF5D94023A366032384F83D30A6
:1073100001200AE02046FFF77FFF0020E06520669D
:107320006066A066012384F83D3038BD0120FCE78B
:1073300068B3034690F83C0001282AD0012083F866
:107340003C0093F83D00C0B2012804D00120002287
:1073500083F83C20704730B41C68256915F0804FD5
:1073600009D121631868426351B919680A6922F08A
:1073700000420A610020002283F83C2030BC7047A4
:1073800019680A6942F000420A610020F3E701200F
:1073900070470220704790B190F83D30DBB2022B6D
:1073A00003D08023836601207047042380F83D309A
:1073B0000268D36823F00103D360002070470120E6
:1073C0007047000030B583B000230193674B1D6800
:1073D000674BA3FB05350168664B0B44C3F384136D
:1073E000012202FA03F34FF0A44212681A4200F09D
:1073F000A5800446AD0A0B6813F0010F2FD0CB68AF
:1074000013F0020F2BD0CB6823F00203CB6002688D
:10741000936813F0800F40F09380816E41F001017A
:10742000816613F4007F03D0A16E41F00401A166D0
:1074300013F4807F03D0A16E41F00801A16613F41C
:10744000806F03D0A16E41F01001A16613F4006FAC
:1074500003D0A36E43F02003A36601235360236887
:107460001A6812F0100F09D0DA6812F0200F05D058
:1074700010225A60A36C0BB12046984723681A6803
:1074800012F0080F09D0DA6812F0100F05D00822A8
:107490005A60E36C0BB12046984723681A6812F0D3
:1074A000040F09D0DA6812F0080F05D004225A60E0
:1074B000236D0BB12046984723681A6812F0020F1B
:1074C00019D0DA6812F0040F15D0DA6822F03E0203
:1074D000DA6094F83D30DBB2042B36D02368022208
:1074E0005A60002384F83C30012384F83D30636CFB
:1074F0000BB120469847A36E03B3042384F83D30B4
:107500002268D36823F00103D360019B0133019308
:10751000AB4204D82368DB6813F0010FF5D10023D8
:1075200084F83C302368DB6813F0010F19D0032383
:1075300084F83D30636D0BB12046984703B030BDF1
:10754000816E41F0020181666BE7002384F83C30D4
:10755000012384F83D30A36D002BEFD020469847DF
:10756000ECE7012384F83D30E4E700BF0C00002481
:10757000B5814E1BC0FFFFAD2DE9F04383B0D0F8BD
:10758000008001EBC10300EB83039A6A5B6A9A42B5
:1075900054D807460C469B1A01EBC10200EB82024D
:1075A000D2699A4200D31A4602F103094FEA9909B7
:1075B00015E006F103094FEA9909BB7904EBC4050C
:1075C00007EB8505296A0093B3B2E2B2404606F0A4
:1075D00048FD2B6A33442B62AB6A3344AB6208EB41
:1075E000441303F510639B699BB24B4512D304EB24
:1075F000C40207EB8202916A536A99420AD24BB1E4
:107600005B1A04EBC40207EB8202D6699E42D0D318
:107610001E46CEE704EBC40007EB80077A6ABB6A1C
:107620009A420FD804F00F040123A340D8F834483D
:1076300024EA0304C8F83448002000E0012003B025
:10764000BDE8F0830020FAE730B583B000287AD097
:10765000044690F89534ABB1032384F89534206840
:1076600006F0B6FA237C8DF80030231D0ECB20687F
:1076700006F0E4F958B1022384F895340125284630
:1076800003B030BD80F894340CF0E4F8E4E7002156
:10769000206806F001FF024608B9034617E00223FE
:1076A00084F895340125EAE703EBC30104EB81017B
:1076B000012048750B75CB8500200876C8610862EB
:1076C00003EBC30104EB810148620133DBB2207993
:1076D0009842E9D816E002EBC20304EB83030021D1
:1076E00083F8551283F8542283F85812C3F85C12B9
:1076F000C3F8601202EBC20304EB8303C3F8641205
:107700000132D2B29042E6D8237C8DF80030231D9E
:107710000ECB206806F0B2FA054658B90023637410
:10772000012384F89534237B012B08D0206806F0D0
:1077300070FEA4E7022384F8953401259FE72046D4
:1077400000F072FDF2E7012599E7036890F89424B0
:10775000012A1AD010B50446012280F89424DA6870
:1077600012F0400F02D0427B012A09D0206806F0B7
:1077700029FA206806F03FFE002084F8940410BD2A
:107780009A6B42F480329A63F0E70220704700005F
:1077900070B504460D460068066C00EB411303F516
:1077A00030639A68A179012911D038498E4256D0A8
:1077B0003DB905EBC50304EB8303D3F86432002B1A
:1077C0005ED0E9B220460CF0A7F8002070BD12F0A0
:1077D000080F09D02E498E42F7D912F4004FF4D089
:1077E0004FF400429A60F0E712F0200F02D02022FE
:1077F0009A60EAE712F0280FE7D125498E4206D9B0
:1078000012F4004F03D04FF400429A60DDE705EB1D
:10781000C50204EB8202D2F874121B69C3F312038F
:10782000CB1AC2F868327DB905EBC50204EB8202BF
:10783000D2F864226AB105EBC50204EB8202D2F8E9
:1078400060120B44C2F86032E9B220460CF064F8D2
:10785000BBE704F29C42012106F060FEF4E712F45B
:10786000004F03D04FF400429A60AEE712F0200FB1
:1078700001D020229A60E9B220460CF04DF8A4E72E
:1078800004F29C42002106F049FE9AE70A31544F67
:107890000A30544F38B5044603681D6C03EB41139E
:1078A000D3F8081B0E4A954207D903F5306311F44B
:1078B000004F02D04FF400429A6020460CF024F8AA
:1078C000074B9D4202D9A379012B01D0002038BD7E
:1078D00004F29C420121206806F020FEF6E700BF7A
:1078E0000A30544F90F89434012B0CD010B5044654
:1078F000012380F894344174006806F06CFD002088
:1079000084F8940410BD0220704738B505468C46B3
:1079100011F0800F29D101F00F0E0EEBCE04A40060
:1079200004F514740444211D0EEBCE0E00EB8E0EF4
:1079300000208EF855020CF00F0C81F800C08A6010
:107940000B714A780AB1A1F81AC0022B1CD095F825
:107950009434012B1BD0012385F89434286806F059
:1079600063FA002085F8940438BD01F00F0000EBA5
:10797000C001890010312944043100EBC00005EB3F
:10798000800001244475D6E700234B71DFE7022015
:10799000EAE710B504460A4611F0800F20D101F045
:1079A0000F0000EBC0039B0003F514732344191D63
:1079B00000EBC00004EB8000002380F8553202F099
:1079C0000F020A7094F89434012B18D0012384F824
:1079D0009434206806F076FA002084F8940410BDF0
:1079E00001F00F0000EBC0039B0010332344191D6E
:1079F00000EBC00004EB800001234375DFE70220A9
:107A0000EDE710B5144601F00F0C0CEBCC0189002A
:107A100001F51471014404310CEBCC0E00EB8E0E19
:107A2000CEF86022CEF864320023CEF868328EF8A9
:107A300055328EF854C28279012A04D0006806F0CB
:107A400027FB002010BDCEF87042F7E701F00F01D0
:107A500001EBC10100EB8101D1F86802704710B55C
:107A6000144601F00F0C0CEBCC01890010310144DD
:107A700004310CEBCC0E00EB8E0ECEF82020CEF8AD
:107A800024300023CEF8283001238EF815308EF8EC
:107A900014C082799A4204D0006806F0F9FA0020F6
:107AA00010BDCEF83040F7E738B501F00F05027988
:107AB000AA4238D304460B4611F0800F1FD101EBC8
:107AC000C101890001F514710144043103EBC303C2
:107AD00000EB8303002283F8552201238B700D7085
:107AE00094F89434012B20D0012384F89434206836
:107AF00006F016FC85B1002084F8940438BD05EB2F
:107B0000C501890010310144043105EBC50300EBC8
:107B1000830301225A75E0E704F29C42A1792068B0
:107B200006F0FCFCE7E70120E8E70220E6E701F0C9
:107B30000F0302799A4230D310B5044611F0800F3A
:107B40001ED103EBC301890001F514710144043116
:107B500003EBC30200EB8202002082F855020022F0
:107B60008A700B7094F89434012B18D0012384F898
:107B70009434206806F001FC002084F8940410BDC1
:107B800003EBC301890010310144043103EBC3024C
:107B900000EB820201205075E1E7012070470220CE
:107BA000EDE708B511F0800F0CD101F00F0101EBEA
:107BB000C101890001F5147101440431006806F027
:107BC000F1F908BD01F00F0101EBC101890010318D
:107BD00001440431F2E72DE9F04F83B00446056813
:107BE000284606F055FC10B103B0BDE8F08F0646FC
:107BF000206806F01CFC0028F6D005F50067BB687D
:107C0000C3F30D23C4F8D434206806F010FC10F040
:107C1000020F04D02268536903F002035361206805
:107C200006F005FC10F0100F14D02268936923F0C1
:107C300010039361D5F8208008F00F09C8F343437F
:107C4000022B69D0062B00F08D802268936943F0E7
:107C500010039361206806F0EAFB10F4002F40F057
:107C60009380206806F0E3FB10F4802F40F0FC8046
:107C7000206806F0DCFB0028C0F27D81206806F059
:107C8000D6FB10F4006F09D0BB6813F0010F40F071
:107C90008A812268536903F400635361206806F007
:107CA000C6FB10F0006F15D02268536903F0006323
:107CB000536194F8CC34002B40F07981012184F891
:107CC000CC1423685B6DC3F38303C4F8D03420461F
:107CD00000F0BEFA206806F0AAFB10F4805F40F0C6
:107CE0006A81206806F0A3FB10F4005F40F0B681C3
:107CF000206806F09CFB10F0080F40F0C781206858
:107D000006F095FB10F0800F00F0DA81AB6923F0EC
:107D10008003AB610126C3E147F6F07318EA030F55
:107D200093D04FEA181B4FEAC903019309EBC90A24
:107D300004EB8A0AC8F30A12DAF86012284606F041
:107D4000C5FACBF30A0BDAF860325B44CAF860324A
:107D5000019B4B4404EB8303D3F868325B44CAF8BD
:107D6000683272E7082204F29C41284606F0AEFA17
:107D7000C8F30A1809EBC90204EB8202D2F8683290
:107D80004344C2F8683260E7206806F054FB80463E
:107D9000B14635E005EB49130122C3F8082B4946EB
:107DA0002046FFF7F5FC3CE005EB49130822C3F839
:107DB000082B49462046FFF76DFD35E009EBC90366
:107DC00004EB830393F85732012B41D005EB4913A1
:107DD0000222C3F8082B1AF0200F04D005EB491338
:107DE0002022C3F8082B1AF4005F05D005EB4913D5
:107DF0004FF40052C3F8082B09F101094FEA580863
:107E0000B8F1000F3FF42DAF18F0010FF4D05FFA76
:107E100089FB5946206806F01EFB824610F0010FD0
:107E2000B8D11AF0080FBFD11AF0100F04D005EB2B
:107E300049131022C3F8082B1AF0020FCBD06B693C
:107E400013F0800FBAD07B6843F480637B60B5E7A2
:107E500009EBC90304EB8303002283F85722594638
:107E600020460BF0A9FDB1E7206806F0ECFA804649
:107E7000B14625E0594620460BF05AFD1AF0080F8E
:107E800004D005EB49130822C3F808291AF0100F93
:107E900004D005EB49131022C3F808291AF0400F4B
:107EA00004D005EB49134022C3F808291AF0020F49
:107EB00040D11AF0800F59D109F101094FEA580851
:107EC000B8F1000F3FF4D4AE18F0010FF4D05FFA10
:107ED00089FB5946206806F0C7FA824610F0010F68
:107EE000CCD009F00F03012101FA03F27B6B23EAE6
:107EF00002037B6305EB4913C3F80819A3798B428E
:107F0000B8D109EBC90304EB8303D9691A6A0A449F
:107F10001A62B9F1000FADD109EBC90304EB830379
:107F20005B6A002BA6D104F29C420121206806F076
:107F3000F5FA9FE74946284605F050FE09EBC903CC
:107F400004EB8303DB7D012B05D005EB49130222F3
:107F5000C3F80829ADE709EBC90304EB830300224A
:107F6000DA75594620460BF02DFDEEE749462046CE
:107F7000FFF702FBA0E77B6823F001037B6094F826
:107F8000CC34012B08D020460BF010FD2268536939
:107F900003F00043536171E6002184F8CC142046BD
:107FA00000F056F9F2E720460BF0E8FC71E62046B7
:107FB0000BF0E4FC8EE67B6823F001037B6010216C
:107FC000206805F00BFE1AE005EB46134FF67F31F3
:107FD000C3F80819D3F8002922F40012C3F80029C5
:107FE000C3F8081BD3F8002B22F40012C3F8002BAF
:107FF000D3F8002B42F00062C3F8002B013623793E
:10800000B342E1D8FB6943F00113FB61E37BDBB1D1
:10801000D7F8843043F00B03C7F884307B6C43F00F
:108020000B037B64D5F8003823F4FE63C5F80038F1
:1080300004F29C42A179206806F070FA2268536924
:1080400003F4805353614CE67A6942F22B031343E5
:108050007B613B6943F00B033B61E3E7206806F07B
:108060004DFA206805F0D0FEE071266801F0FCFAB8
:108070000146E279304605F033FD20460BF069FCFD
:108080002268536903F40053536131E620460BF034
:108090005AFC2268536903F0080353612FE6013646
:1080A0002379B3420CD906EBC60304EB830393F8A0
:1080B0005732012BF3D1F1B22046FFF772FDEEE704
:1080C000206806F0B4F910F4801F25D1206806F06E
:1080D000AEF910F4001F59D0012326E001362379B0
:1080E000B3421BD905EB4613D3F8002906EBC603B0
:1080F00004EB83031B7E012BF0D1002AEEDA06EBA2
:10810000C60304EB83030122DA7566F07F01C9B26E
:108110002046FFF746FDE1E70126E0E722685369C4
:1081200003F480135361D1E7013322799A4228D9AD
:1081300005EB4312D2F8001B03EBC30204EB8202EF
:1081400092F85822012AEFD10029EDDA01F48031AA
:10815000D4F8D42402F001029142E5D103EBC3022A
:1081600004EB8202012182F85712AA6942F08002D0
:10817000AA616A6912F0800FD6D17B6843F400735C
:108180007B602268536903F400135361206806F092
:108190004EF910F0804F10D1206806F048F910F029
:1081A000040F3FF421AD23685D6815F0040F0DD175
:1081B000226853682B43536016E520460BF008FCF9
:1081C0002268536903F080435361E5E720460BF0D2
:1081D00005FCEDE710B40468606A31B940EA02407A
:1081E000A06200205DF8044B70478C46A36A00EB48
:1081F0001340002308E003F1400104EB81014968CA
:1082000000EB11400133DBB20CF1FF318B42F2D3B2
:1082100040EA02400CF13F0104EB81014860E0E7D5
:108220000368596200207047034602680121C0F8C4
:10823000D814002083F8CC04936943F00063936161
:10824000516D024B0B435365704700BF0300001094
:1082500070470000024A136843F48073136070474C
:1082600000480258134BDB6813F0040F07D1114B81
:10827000DB6803F0070383421AD00120704710B572
:108280000C4AD36823F007031843D060FCF7F4FBD3
:108290000446084B5B6813F4005F07D1FCF7ECFB66
:1082A000001BB0F57A7FF4D9012000E0002010BD5A
:1082B0000020704700480258024AD36843F0807398
:1082C000D360704700480258F0B44B6A33B1B2F142
:1082D000406F03D08B6A0468013B23618C69002CDA
:1082E0006ED00E6A002E3BD003688C68DC61CC69CE
:1082F000F4B1CB6A0D6B2B434D6B2B434D6A2B4373
:108300004D6943EA85430D692B430D6A2B43CD68C4
:108310002B4323438C6923430C6823430468134392
:108320006361B2F1406F19D003684A689A6115E041
:10833000CB6A0D6B2B434D6B2B434D6A2B434D6921
:1083400043EA85430D692B430D6A2B4323438C6914
:1083500023430C68234301681A434A61F0BC704709
:10836000CD69D5B1CB6A0F6B3B434F6B3B434F6A33
:108370003B434F6943EA87433343CE6833432B4340
:1083800023430C682343046813436361B2F1406FD5
:10839000E4D003684A689A61E0E7CB6A0F6B3B431D
:1083A0004F6B3B434F6A3B434F6943EA8743334339
:1083B0002B4323430C68234301681A434A61CDE7EA
:1083C0000D6A002D37D003688C68DC61CD69E5B19A
:1083D000CB6A0C6B23434C6B23434C6A23434C699D
:1083E00043EA84430C6923430C6A2343CC68234348
:1083F0002B438C692343046813436361B2F1406FDC
:10840000ACD003684A689A61A8E7CC6A0B6B1C433E
:108410004B6B1C434B6A1C434B6944EA83440B6916
:108420001C430B6A1C4345EA04038C69234301681F
:108430001A434A6192E7CE69CEB10B6BCF6A3B43D8
:108440004F6B3B434F6A3B434F6943EA87432B43A0
:10845000CD682B4333432343046813436361B2F174
:10846000406F3FF47BAF03684A689A6176E7D1F8C2
:1084700024C0BCF1000F3FF471AFCB6A0F6B3B43DC
:108480004F6B3B434CEA03074B6947EA83431D4369
:1084900046EA0503234301681A434A615EE72DE972
:1084A000F84305460F4616469946DDF820802C68AD
:1084B000A4683C4214BF4FF0010C4FF0000CB445CF
:1084C00014D0B8F1FF3FF2D0FCF7D6FAA0EB0900C8
:1084D000404502D8B8F1000FE9D1042385F84130B6
:1084E0006B6C43F001036B64012000E00020BDE8E9
:1084F000F8832DE9F04182B004460F461646FCF79A
:10850000BBFA94F840C05FFA8CFCBCF1010F3CD080
:108510000546012384F8403094F841C05FFA8CFC92
:108520009C4508D04FF00208002384F840304046B4
:1085300002B0BDE8F08100226264022384F8413079
:108540000096034620212046FFF7A9FF8046002819
:10855000EAD1002239462046FFF7B6FE7B6A1BB1FE
:10856000012384F84130DFE700962B4601220221E7
:108570002046FFF794FF80460028D5D123680222C9
:10858000DA60012384F84130CEE74FF00208CEE7ED
:108590002DE9F04383B0044689461746FCF76CFA90
:1085A000D4F8008094F84030DBB2012B57D0064657
:1085B000012384F8403094F84150EDB29D4207D039
:1085C0000225002384F84030284603B0BDE8F0833C
:1085D00000236364B9F1000F3CD0122384F84130CA
:1085E000D8F810300133E362D8F810300133A362B9
:1085F000C4F82490D8F8143023F04063C8F814303D
:108600000025E36A9BB100973346012204212046EE
:10861000FFF745FF054650B9636A1B7888F820309C
:10862000616A01316162E16A0139E162E9E71DB124
:10863000012384F84130C4E7009733460122022128
:108640002046FFF72CFF05460028F1D123680222BF
:10865000DA60EDE7636C43F008036364B1E7022579
:10866000B2E72DE9F04383B0044689461746FCF78C
:1086700003FAD4F80080D8F8182094F84030DBB220
:10868000012B5BD00646012384F8403094F841501A
:10869000EDB29D4207D00225002384F840302846E1
:1086A00003B0BDE8F08300236364B9F1000F40D04C
:1086B000222384F84130D8F810300133A363D8F86E
:1086C000103001336363C4F83090D8F8143023F0CD
:1086D000406343F08063C8F8143023689A61002532
:1086E000A36B9BB100973346012206212046FFF77A
:1086F000D6FE054650B9236B98F820201A70216BDE
:1087000001312163A16B0139A163E9E71DB10123A7
:1087100084F84130C0E70097334601220221204609
:10872000FFF7BDFE05460028F1D123680222DA607A
:10873000EDE7636C43F008036364ADE70225AEE741
:108740002DE9F04182B00446884615461F46FCF7E5
:1087500093F994F840C05FFA8CFCBCF1010F48D04B
:108760000646012384F8403094F841C05FFA8CFC3F
:108770009C4506D00220002384F8403002B0BDE8BA
:10878000F08100226264422384F84130009703465E
:1087900020212046FFF783FE0028ECD123682A68B9
:1087A0009A6223686A685A622368AA68DA62226851
:1087B000136823F4400329690B4343F480031360D7
:1087C000EB68C8F828304FF0006241462046FFF7BA
:1087D0007BFD00973346012208212046FFF75FFE0C
:1087E0000028C8D123680822DA60012384F84130C8
:1087F000C1E70220C2E7704708B5006C002383631D
:10880000C36290F84130DBB2082B0DD1036802221D
:10881000DA600268136843F4003313600268136877
:1088200043F00203136008BD012380F84130FFF7D5
:10883000E2FFF8E77047704770477047704770472E
:1088400010B5044603689A68196812F0040F3FD007
:1088500011F4802F3CD090F84120D2B2122A12D0CD
:1088600090F84120D2B2222A1FD02046FFF7E5FF20
:1088700010BD626A127883F82020626A0132626257
:10888000E26A013AE2622268916811F0040FECD0CA
:10889000E16A0029EDD1136823F480231360E4E733
:1088A000136823F480231360DFE72268916811F0D6
:1088B000040FDAD0A16B0029F2D0226B93F82010BC
:1088C0001170226B01322263A26B013AA263ECE7C2
:1088D00012F0020F76D011F4003F73D00222DA605A
:1088E0002268136823F4E023136094F84130DBB26C
:1088F000122B1DD094F84130DBB2222B2ED094F8ED
:108900004130DBB2022B52D094F84130DBB2082B5D
:10891000AED12268536923F040635361012384F888
:108920004130636C002B49D12046FFF783FF9FE75E
:1089300023681A6812F0040F09D01A6822F00402A2
:108940001A60E36B1A68D36823F00103D360012334
:1089500084F841302046FFF76FFF89E721680B68F4
:1089600013F0040F10D00B6823F004030B60E36BCB
:108970001A68D36823F00103D360012384F84130DF
:108980002046FAF703FE73E723689B6813F47C5FC5
:10899000F3D0A36B002BF0D0236B91F820201A703A
:1089A000236B01332363A36B013BA363ECE7012338
:1089B00084F841302046FFF73EFF59E72046FFF795
:1089C0001AFF55E712F0080F14D011F4002F11D040
:1089D0000822DA6023681A6812F4800F06D01A6839
:1089E00022F410221A60012384F841302046FFF758
:1089F00025FF3DE712F0010F31D011F4803F2ED05A
:108A00000122DA602268136823F470231360636C18
:108A100043F00203636423681A6812F0040F17D04E
:108A20001A6822F004021A60E36B144A9A65E06B3C
:108A3000FEF7B1FC00283FF41BAF636C43F0040366
:108A40006364012384F841302046FFF7D4FE0FE72A
:108A5000012384F841302046FFF7CDFE08E712F0ED
:108A6000100F3FF405AF11F4801F3FF401AF102247
:108A7000DA602046FFF7E3FEFAE600BFF987000858
:108A80008164704770B582B00446FBF7F5FF002C97
:108A900045D0064694F84130002B37D025682A6827
:108AA00022F4F852A168013942EA01222A60A36C3B
:108AB00000933346002220212046FFF7F0FC18BB2C
:108AC00021680B68174A1A406568E36843EA056342
:108AD000E5692B43256A2B4313430B6021684A68E1
:108AE000114B13402569626942EA0542A5692A4390
:108AF00013434B602268136843F0010313600023A3
:108B00006364012384F8413002B070BD2046FAF757
:108B1000ADFA41F288312046FFF7B2FFBEE70120EF
:108B2000F2E700BF2FFFFF00FEF8E0FF002800F093
:108B3000398338B50446036813F0010F25D0944AF1
:108B4000136903F03803926A102B15D0182B0FD03D
:108B50006368B3F5803F3FD0002B53D18C4B1A682C
:108B600022F480321A601A6822F480221A6038E0F7
:108B700002F00302022AEBD1854B1B6813F4003F7D
:108B800003D06368002B00F00F83236813F0020FFB
:108B900000F0A1807E4A1369926A13F038035AD01C
:108BA000182B55D0E368002B00F0DE8078490A6866
:108BB00022F0190213430B60FBF75EFF0546744B6E
:108BC0001B6813F0040F40F0AD80FBF755FF401B0E
:108BD0000228F4D90320EEE26D4A136843F480338F
:108BE000136063682BB3FBF747FF0546684B1B68B0
:108BF00013F4003FC9D1FBF73FFF401B6428F5D9B0
:108C00000320D8E2B3F5A02F09D0614B1A6822F4F3
:108C100080321A601A6822F480221A60E1E75C4B05
:108C20001A6842F480221A601A6842F480321A608C
:108C3000D7E7FBF721FF0546554B1B6813F4003FB0
:108C4000A3D0FBF719FF401B6428F5D90320B2E23B
:108C500012F0030FA6D14E4B1B6813F0040F03D084
:108C6000E368002B00F0A282494A136823F019033D
:108C7000E1680B431360FBF7FFFE0546444B1B689E
:108C800013F0040F06D1FBF7F7FE401B0228F5D9BD
:108C9000032090E2FBF70AFF41F20303984212D847
:108CA0002269402A07D03A494B6823F47C3343EACF
:108CB00002334B600FE0364A536823F47C3343F4AD
:108CC0000033536007E0324A536823F0FE432169C2
:108CD00043EA01635360236813F0100F00F08880AB
:108CE0002B4A136903F03803926A082B56D0182BCD
:108CF00050D0E369002B00F0B880254A136843F098
:108D000080031360FBF7B8FE0546214B1B6813F484
:108D1000807F40F08880FBF7AFFE401B0228F4D92B
:108D2000032048E2FBF7C2FE41F20303984212D847
:108D30002269402A07D016494B6823F47C3343EA62
:108D400002334B60C7E7124A536823F47C3343F481
:108D500000335360BFE70E4A536823F0FE43216996
:108D600043EA01635360B6E7094A136823F001033D
:108D70001360FBF781FE0546054B1B6813F0040FDB
:108D8000A9D0FBF779FE401B0228F5D9032012E297
:108D90000044025802F00302012AAAD1A14B1B6829
:108DA00013F4807F03D0E369802B40F00182FBF74E
:108DB0007DFE41F20303984212D8226A202A07D08E
:108DC00098494B6823F0F84343EA82634B600FE015
:108DD000944A536823F0F84343F08043536007E01C
:108DE000904AD36823F07C53216A43EA0163D3603D
:108DF000236813F0080F60D06369002B49D0894ABB
:108E0000536F43F001035367FBF736FE0546854B6E
:108E10005B6F13F0020F50D1FBF72EFE401B0228B0
:108E2000F5D90320C7E1FBF741FE41F20303984265
:108E300012D8226A202A07D07A494B6823F0F843D7
:108E400043EA82634B60D3E7764A536823F0F843E2
:108E500043F080435360CBE7724AD36823F07C53DE
:108E6000216A43EA0163D360C2E76E4A136823F0C4
:108E700080031360FBF700FE05466A4B1B6813F482
:108E8000807FB5D0FBF7F8FD401B0228F5D9032001
:108E900091E1644A536F23F001035367FBF7ECFD44
:108EA0000546604B5B6F13F0020F06D0FBF7E4FD45
:108EB000401B0228F5D903207DE1236813F0200F21
:108EC00029D0A3699BB1574A136843F480531360B8
:108ED000FBF7D2FD0546534B1B6813F4005F1AD114
:108EE000FBF7CAFD401B0228F5D9032063E14D4A78
:108EF000136823F480531360FBF7BEFD0546494B0E
:108F00001B6813F4005F06D0FBF7B6FD401B022878
:108F1000F5D903204FE1236813F0040F21D1636AD0
:108F2000002B00F047813F4A126902F03802182AEC
:108F300000F0EE80022B79D03A4A136823F0807358
:108F40001360FBF799FD0446364B1B6813F0007F56
:108F500000F0DC80FBF790FD001B0228F4D9032011
:108F600029E1314A136843F480731360FBF784FDF1
:108F700005462D4B1B6813F4807F06D1FBF77CFD63
:108F8000401B6428F5D9032015E1A368012B0AD002
:108F90000BBB244B1A6F22F001021A671A6F22F0E2
:108FA00004021A6704E01F4A136F43F001031367BA
:108FB000A36833B3FBF760FD05461A4B1B6F13F034
:108FC000020FACD1FBF758FD401B41F288339842A9
:108FD000F3D90320EFE0052B09D0124B1A6F22F0D2
:108FE00001021A671A6F22F004021A67E0E70D4BBC
:108FF0001A6F42F004021A671A6F42F001021A67F0
:10900000D6E7FBF739FD0546064B1B6F13F0020F41
:1090100085D0FBF731FD401B41F288339842F3D9EC
:109020000320C8E00044025800480258694A136807
:1090300023F080731360FBF71FFD0546654B1B682B
:1090400013F0007F06D0FBF717FD401B0228F5D96F
:109050000320B0E05F4B996A5F4A0A40A16AE06A68
:1090600041EA00110A439A62226B013AC2F30802F4
:10907000616B0139490289B20A43A16B01390904C4
:1090800001F4FE010A43E16B0139090601F0FE41DA
:109090000A431A63DA6A22F00102DA62596B4F4A14
:1090A0000A40A16C42EAC1025A63DA6A22F00C0259
:1090B000216C0A43DA62DA6A22F00202616C0A4326
:1090C000DA62DA6A42F48032DA62DA6A42F4003250
:1090D000DA62DA6A42F48022DA62DA6A42F0010283
:1090E000DA621A6842F080721A60FBF7C5FC044627
:1090F000384B1B6813F0007F06D1FBF7BDFC001B4B
:109100000228F5D9032056E0002054E0002052E068
:10911000304A916A106B012B4ED001F00303A26A12
:1091200093424BD1C1F30511E36A994248D1C0F390
:109130000802236B013B9A4244D1C0F34622636B81
:10914000013B9A4240D1C0F30642A36B013B9A42D5
:109150003CD1C0F30660E36B013B984238D11D4B14
:109160005B6BC3F3CC03A26C9A4201D1002022E0D6
:10917000184AD36A23F00103D362FBF77DFC05464E
:10918000FBF77AFCA842FBD0124A516B134B0B4001
:10919000A16C43EAC1035363D36A43F00103D36272
:1091A000002008E001207047012004E0012002E0D7
:1091B000012000E0002038BD0120FCE70120FAE793
:1091C0000120F8E70120F6E70120F4E70120F2E7AB
:1091D0000120F0E7004402580CFCFFFF0700FFFFEE
:1091E000744B1B6903F03803102B00F0DE80182B42
:1091F00010D00BB1704870476E4B1B6813F0200FF6
:1092000000F0D5806B4B1868C0F3C1006B4B23FA9C
:1092100000F0704710B4674A916A01F00301946A44
:10922000C4F30510D36A03F0010C536BC3F3CC03F2
:109230000CFB03F307EE903AF8EE677A14F47C7FA8
:1092400000F09380012965D0022900F09180E1B1FE
:1092500007EE100AF8EE476A9FED596A86EE267A05
:10926000544B1B6BC3F3080306EE903AF8EE666AA4
:109270009FED546A67EE867A76EEA77AF7EE006A7B
:1092800077EEA67A27EE277A60E0136813F0200FB6
:1092900023D011461268C2F3C102484BD34007EEF7
:1092A000103AF8EE476A07EE100AB8EE476A86EE03
:1092B000867A0B6BC3F3080306EE903AF8EE666A03
:1092C0009FED406A67EE867A76EEA77AF7EE006A3F
:1092D00077EEA67A27EE277A38E007EE100AF8EE46
:1092E000476A9FED396A86EE267A324B1B6BC3F3D1
:1092F000080306EE903AF8EE666A9FED326A67EE72
:10930000867A76EEA77AF7EE006A77EEA67A27EEEF
:10931000277A1BE007EE100AF8EE476A9FED286AED
:1093200086EE267A234B1B6BC3F3080306EE903AB6
:10933000F8EE666A9FED236A67EE867A76EEA77A84
:10934000F7EE006A77EEA67A27EE277A194B1B6BA9
:10935000C3F34623013307EE903AF8EE677AC7EE7F
:10936000276AFCEEE67A17EE900A5DF8044B704728
:1093700007EE100AF8EE476A9FED146A86EE267A29
:109380000C4B1B6BC3F3080306EE903AF8EE666ACB
:109390009FED0C6A67EE867A76EEA77AF7EE006AA2
:1093A00077EEA67A27EE277AD0E709487047034878
:1093B000704700BF0044025800093D000090D003F0
:1093C0000024744A000000390024744C20BCBE4BB9
:1093D00040787D01002800F0328170B50D460446CA
:1093E0009B4B1B6803F00F038B420BD2984A136808
:1093F00023F00F030B431360136803F00F038B423A
:1094000040F01F81236813F0040F0CD02269914BA8
:109410009B6903F070039A4205D98E498B6923F04A
:1094200070031A438A61236813F0080F0CD0626935
:10943000884BDB6903F070039A4205D98549CB69F3
:1094400023F070031A43CA61236813F0100F0CD085
:10945000A269804BDB6903F4E0639A4205D97D4938
:10946000CB6923F4E0631A43CA61236813F0200F29
:109470000CD0E269774B1B6A03F070039A4205D95E
:1094800074490B6A23F070031A430A62236813F0CD
:10949000020F0CD0E2686F4B9B6903F00F039A42F6
:1094A00005D96C498B6923F00F031A438A6123683D
:1094B00013F0010F41D0674A936923F47063A168E8
:1094C0000B4393616368022B0AD0032B27D0012B37
:1094D0002CD0604A126812F0040F06D10120ADE0D2
:1094E000126812F4003F00F0AE805A490A6922F077
:1094F000070213430B61FBF7BFFA0646554B1B6986
:1095000003F038036268B3EBC20F16D0FBF7B4FA6E
:10951000801B41F288339842F0D903208EE04D4AF7
:10952000126812F0007FE0D1012087E0494A1268FA
:1095300012F4807FD9D1012080E0236813F0020F5C
:109540000CD0E268434B9B6903F00F039A4205D2AB
:1095500040498B6923F00F031A438A613C4B1B6817
:1095600003F00F03AB420AD9394A136823F00F0303
:109570002B431360136803F00F03AB4265D12368DC
:1095800013F0040F0CD02269324B9B6903F0700377
:109590009A4205D22F498B6923F070031A438A61DE
:1095A000236813F0080F0CD062692A4BDB6903F0C3
:1095B00070039A4205D22749CB6923F070031A43FE
:1095C000CA61236813F0100F0CD0A269214BDB692C
:1095D00003F4E0639A4205D21E49CB6923F4E063A9
:1095E0001A43CA61236813F0200F0CD0E269194BAB
:1095F0001B6A03F070039A4205D216490B6A23F0E6
:1096000070031A430A62FFF7EBFD12498B69C3F33B
:109610000323114AD35C03F01F03D8408B6903F086
:109620000F03D35C03F01F0320FA03F30B4A13600C
:109630000B4B18600B4B1868FAF7D0F870BD01207F
:1096400070470120FAE70120F8E70120F6E700BFA4
:109650000020005200440258ECD7010810000024FA
:109660000C0000241800002408B5FFF7B9FD0B4AD0
:109670009369C3F303230A49CB5C03F01F0320FA69
:1096800003F3926902F00F02885C00F01F0023FAD6
:1096900000F0044A1060044A136008BD00440258F8
:1096A000ECD70108100000240C00002408B5FFF7D7
:1096B000DBFF054BDB69C3F30213044AD35C03F001
:1096C0001F03D84008BD00BF00440258ECD7010872
:1096D00008B5FFF7C9FF054BDB69C3F30223044A52
:1096E000D35C03F01F03D84008BD00BF00440258FC
:1096F000ECD701083F230360114B1A6902F00702FF
:1097000042609A6902F4706282609A6902F00F0204
:10971000C2609A6902F070020261DA6902F07002B6
:109720004261DA6902F4E06282611B6A03F070034D
:10973000C361044B1B6803F00F030B60704700BF4D
:109740000044025800200052404B9B6A03F0030380
:10975000032B79D070B505460E463C4A136823F0BA
:1097600080631360FBF788F90446384B1B6813F0DD
:10977000006F06D0FBF780F9031B022BF5D90320FD
:1097800070BD324B9A6A22F47C32296842EA013277
:109790009A626A68013AC2F30802A968013949026B
:1097A00089B20A43E9680139090401F4FE010A4358
:1097B00029690139090601F0FE410A439A63DA6A10
:1097C00022F0C00269690A43DA62DA6A22F02002F2
:1097D000A9690A43DA62DA6A22F01002DA62D96B06
:1097E0001B4A0A40E96942EAC102DA63DA6A42F0D6
:1097F0001002DA62C6B91A46DB6A43F40023D36268
:10980000124A136843F080631360FBF735F904468E
:109810000E4B1B6813F0006F14D1FBF72DF9001BE2
:109820000228F5D90320ABE7012E05D0074AD36AF9
:1098300043F40013D362E3E7044AD36A43F480138A
:10984000D362DDE700209BE7012070470044025807
:109850000700FFFF404B9B6A03F00303032B79D003
:1098600070B505460E463C4A136823F080531360DA
:10987000FBF702F90446384B1B6813F0005F06D073
:10988000FBF7FAF8031B022BF5D9032070BD324B0E
:109890009A6A22F07C72296842EA01529A626A68E6
:1098A000013AC2F30802A9680139490289B20A43A0
:1098B000E9680139090401F4FE010A432969013903
:1098C000090601F0FE410A431A64DA6A22F4406292
:1098D00069690A43DA62DA6A22F40072A9690A4302
:1098E000DA62DA6A22F48072DA62596C1B4A0A4040
:1098F000E96942EAC1025A64DA6A42F48072DA62C1
:10990000C6B91A46DB6A43F48003D362124A13686D
:1099100043F080531360FBF7AFF804460E4B1B680F
:1099200013F0005F14D1FBF7A7F8001B0228F5D94C
:109930000320ABE7012E05D0074AD36A43F08073BA
:10994000D362E3E7044AD36A43F40003D362DDE75A
:1099500000209BE701207047004402580700FFFFEA
:10996000F8B50446036813F0006F30D0836EB3F58A
:10997000001F26D00ED8EBB1B3F5801F07D102210E
:109980000830FFF7E1FE054645B12E4621E00126ED
:1099900035461EE0B3F5401F09D10025984A136DE6
:1099A00023F44013A16E0B431365002611E001263A
:1099B00035460EE0924AD36A43F40033D362002561
:1099C000ECE702212830FFF745FF0546DCE70026DB
:1099D0003546236813F4807F14D0A36D042B32D84E
:1099E000DFE803F003232A080800854AD36A43F41A
:1099F0000033D36255BB824A136D23F00703A16D78
:109A00000B431365236813F4007F31D0E36D802B83
:109A10004CD020D8002B43D0402B19D1002104F189
:109A20000800FFF791FE05461AE0002104F1080046
:109A3000FFF78AFE0546DDE7002104F12800FFF765
:109A400009FF0546D6E701263546DBE72E46D9E76E
:109A5000012635460CE0C02B02D0B3F5807F1CD127
:109A60005DBB674A136D23F4E073E16D0B4313652F
:109A7000236813F4806F46D0D4F8A830B3F5800F74
:109A800039D01FD88BB3B3F5001F18D1002104F1D2
:109A90000800FFF759FE05461AE001263546E7E7BC
:109AA000574AD36A43F40033D362D9E7002104F163
:109AB0002800FFF7CFFE0546D2E72E46D8E701265D
:109AC000354620E0B3F5C00F02D0B3F5000F09D141
:109AD000C5B94B4A936D23F46003D4F8A8100B4327
:109AE000936510E0012635460DE0454AD36A43F4FC
:109AF0000033D362ECE7002104F12800FFF7AAFE4F
:109B00000546E5E72E46236813F4006F24D0D4F809
:109B1000AC30B3F1007F42D00ED8002B39D0B3F176
:109B2000807F06D1002104F10800FFF70DFE0546F5
:109B300008E0012635460FE0B3F1407F02D0B3F1D3
:109B4000806F23D1002D31D12D4A936D23F0E06336
:109B5000D4F8AC100B439365236813F0007F2ED02C
:109B6000E36C202B40D026D833B1102B20D1244ACF
:109B7000D36A43F40033D362002D3CD1204AD36C26
:109B800023F03003E16C0B43D36418E00126354623
:109B9000E2E71B4AD36A43F40033D362D2E70021E1
:109BA00004F12800FFF756FE0546CBE72E46D3E723
:109BB0000126354603E0302BDED0012635462368EA
:109BC00013F4805F2DD0236EB3F5005F4FD019D80A
:109BD000002B46D0B3F5805F0FD1002104F10800BF
:109BE000FFF7B2FD054613E0022104F10800FFF77C
:109BF000ABFD0546C0E72E46E1E70126354610E0FD
:109C000000440258B3F5405F02D0B3F5804F25D130
:109C1000002D33D1774A136D23F4E043216E0B43BB
:109C20001365236813F4005F38D0636EB3F5003F0B
:109C300053D028D843B1B3F5803F21D1012104F19D
:109C40000800FFF781FD0546002D4DD1694A136DCF
:109C500023F4E023616E0B4313651FE001263546B4
:109C6000DFE7644AD36A43F40033D362D0E70021CC
:109C700004F12800FFF7EEFD0546C9E72E46D0E7C0
:109C8000012635460AE0B3F5802FDDD0B3F5A02FCD
:109C9000DAD0B3F5403FD7D001263546236813F418
:109CA000804F31D0D4F8B030B3F1005F45D020D828
:109CB00043B1B3F1805F19D1012104F10800FFF72E
:109CC00043FD0546002D3FD14A4A936D23F0E04302
:109CD000D4F8B0100B43936516E0012104F128007D
:109CE000FFF7B8FD0546AFE72E46D7E70126354614
:109CF0000AE0B3F1804FE5D0B3F1A04FE2D0B3F169
:109D0000405FDFD001263546236813F4004F09D0A9
:109D1000236FB3F1805F19D0B3F1005F24D0D3B1CA
:109D200001263546236813F0807F33D0A36C032BC4
:109D30005BD8DFE803F027225327012104F1280034
:109D4000FFF788FD0546BDE72E46DDE7294AD36AC1
:109D500043F40033D36275B9264A136D23F04053A0
:109D6000216F0B431365DDE7012104F10800FFF7C4
:109D7000EBFC0546EFE72E46D4E71E4AD36A43F4D0
:109D80000033D362A5BB1B4AD36C23F00303A16C41
:109D90000B43D364236813F4800F2DD1236813F091
:109DA000010F00F0A580E36F282B00F29F80DFE811
:109DB00003F08D9D9D9D9D9D9D9D879D9D9D9D9D40
:109DC0009D9D969D9D9D9D9D9D9D8D9D9D9D9D9DDA
:109DD0009D9D8D9D9D9D9D9D9D9D8D00022104F1CC
:109DE0000800FFF7B1FC0546CCE701263546D1E770
:109DF0002E46CFE700440258914A136843F480731B
:109E00001360FAF739FE07468D4B1B6813F4807F09
:109E100005D1FAF731FEC01B6428F5D90325002DC2
:109E20004AD1884B1B6FD4F8B420534013F4407FC1
:109E30000CD0844B1A6F22F44072196F41F48031B8
:109E40001967196F21F4803119671A67D4F8B43093
:109E5000B3F5807F15D08DBBD4F8B43003F44072D5
:109E6000B2F5407F1ED0774A136923F47C53136107
:109E700074490B6FD4F8B420C2F30B0213430B6781
:109E80008CE7FAF7F9FD07466E4B1B6F13F0020FD4
:109E9000E1D1FAF7F1FDC01B41F288339842F3D9C2
:109EA0000325D8E76748026922F47C52664901EA33
:109EB000131313430361DBE72E466FE72E466DE76E
:109EC000012104F10800FFF73FFC0546E5B95D4AB2
:109ED000536D23F03803E16F0B43536508E0012114
:109EE00004F12800FFF7B6FC0546EFE701263546EA
:109EF000236813F0020F17D0A36F052B28D8DFE8D3
:109F000003F00B05200B0B0B2E46F1E7012104F1AA
:109F10000800FFF719FC0546EDB94A4A536D23F0D6
:109F20000703A16F0B435365236813F0040F23D07D
:109F3000D4F89430052B45D8DFE803F0150F3D1514
:109F40001515012104F12800FFF784FC0546E3E71D
:109F500001263546E8E72E46E6E7012104F1080030
:109F6000FFF7F2FB054685BB364A936D23F00703E6
:109F7000D4F894100B439365236813F0200F34D06A
:109F8000D4F89030B3F1005F4ED023D843B1B3F191
:109F9000805F1CD1002104F10800FFF7D5FB0546C6
:109FA000002D48D1274A536D23F0E043D4F8901098
:109FB0000B43536519E0012104F12800FFF74AFC27
:109FC0000546D0E701263546D6E72E46D4E70126DA
:109FD00035460AE0B3F1804FE2D0B3F1A04FDFD0B5
:109FE000B3F1405FDCD001263546236813F0400F03
:109FF00037D0D4F89C30B3F5006F53D026D843B196
:10A00000B3F5806F19D1002104F10800FFF79CFB24
:10A010000546002D4DD10B4A936D23F4E053D4F83F
:10A020009C100B4393651CE0022104F12800FFF70C
:10A0300011FC0546B4E72E46D7E70126354610E069
:10A040000048025800440258CFFFFF00B3F5805F7C
:10A05000DFD0B3F5A05FDCD0B3F5406FD9D00126D7
:10A060003546236813F0800F33D0D4F8A030B3F511
:10A07000804F00F0A38021D843B1B3F5005F1AD11F
:10A08000002104F10800FFF75FFB0546002D40F0BA
:10A090009C80814A936D23F46043D4F8A0100B4355
:10A0A000936516E0022104F12800FFF7D3FB054673
:10A0B000AFE72E46D5E7012635460AE0B3F5004F57
:10A0C000E4D0B3F5204FE1D0B3F5C04FDED0012688
:10A0D0003546236813F0080F0CD0D4F88430B3F55C
:10A0E000805F74D06C4A536D23F44053D4F88410CD
:10A0F0000B435365236813F0100F0CD0D4F898303D
:10A10000B3F5807F6CD0644A936D23F44073D4F828
:10A1100098100B439365236813F4002F0BD0D4F8E9
:10A12000A430B3F5803F74D0B3F5003F67D0002B67
:10A130005FD001263546236813F4802F0CD0D4F865
:10A140008830B3F5001F7CD0B3F5401F6FD0B3F556
:10A15000801F67D001263546236813F4803F08D05E
:10A16000236D002B76D0B3F5803F00F0818001266F
:10A170003546236813F0005F40F08380236813F4B2
:10A18000003F00F08E80D4F88030B3F5807F00F07F
:10A19000EC8040F28380B3F5007F03D0B3F5407FBD
:10A1A00040F0E180002D40F0E6803B4A536D23F4FF
:10A1B0004073D4F880100B43536572E0022104F120
:10A1C0002800FFF747FB054660E72E4681E702219E
:10A1D00004F12800FFF73EFB002883D0012681E729
:10A1E000022104F12800FFF735FB00288BD001265F
:10A1F00089E7002104F10800FFF7A6FA05467DB9BA
:10A20000254A936D23F44033D4F8A4100B4393658F
:10A2100091E7022104F12800FFF71CFB0546EEE759
:10A220002E4688E71C4AD36A43F40033D3627DB9D3
:10A23000194A536D23F44013D4F888100B43536527
:10A240008AE7012104F12800FFF704FB0546EEE749
:10A250002E4681E7104AD36A43F40033D36275B9BE
:10A260000D4AD36C23F48033216D0B43D36480E714
:10A27000022104F10800FFF767FA0546EFE72E46D2
:10A2800077E7022104F12800FFF7E4FA00283FF401
:10A2900075AF012672E700BF00440258002B81D041
:10A2A0000126236813F4801F06D04F4A136D23F054
:10A2B0000043616F0B431365236813F0805F07D081
:10A2C000494A136923F48043D4F8B8100B4313614F
:10A2D000236813F4001F06D0434A136D23F08073E4
:10A2E000E16E0B431365236813F0804F09D03E4B9A
:10A2F0001A6922F400421A611A69D4F8BC100A43A0
:10A300001A612368002B06DA374AD36C23F04053D6
:10A31000616D0B43D364236813F4000F07D0324AF6
:10A32000536D23F44003D4F88C100B4353656368DA
:10A3300013F0010F21D1636813F0020F26D1636877
:10A3400013F0040F2BD1636813F0080F30D163684A
:10A3500013F0100F35D1636813F0200F3AD106B116
:10A3600001263046F8BD01269BE71F4AD36A43F415
:10A370000033D36216E72E4693E7002104F108006C
:10A38000FFF7E2F90028D6D00646D4E7012104F110
:10A390000800FFF7D9F90028D1D00646CFE70221FF
:10A3A00004F10800FFF7D0F90028CCD00646CAE730
:10A3B000002104F12800FFF74DFA0028C7D0064617
:10A3C000C5E7012104F12800FFF744FA0028C2D0B4
:10A3D0000646C0E7022104F12800FFF73BFA0028F7
:10A3E000BDD00646BBE700BF0044025808B5FFF7E2
:10A3F0003BF9054B1B6AC3F30213044AD35C03F019
:10A400001F03D84008BD00BF00440258ECD7010824
:10A4100010B5774A916A946AC4F3053ED36AC3F3D0
:10A42000001CD36BC3F3CC030CFB03F314F47C3F8D
:10A4300000F0D88001F0030107EE903AF8EE677A59
:10A44000012965D0022900F0B080E1B107EE10EAE1
:10A45000B8EE477A9FED676AC6EE076A644B9B6B5E
:10A46000C3F3080307EE103AB8EE477A9FED626A2D
:10A4700067EE867A77EE277AB7EE007A77EE877AFC
:10A4800066EEA76A60E0136813F0200F23D0114630
:10A490001268C2F3C102594BD34007EE103AB8EE2E
:10A4A000477A06EE90EAB8EE666AC7EE066A8B6BEC
:10A4B000C3F3080307EE103AB8EE477A9FED4E6AF1
:10A4C00067EE867A77EE277AB7EE007A77EE877AAC
:10A4D00066EEA76A38E007EE10EAB8EE477A9FED1D
:10A4E000486AC6EE076A424B9B6BC3F3080307EE4C
:10A4F000103AB8EE477A9FED406A67EE867A77EEBB
:10A50000277AB7EE007A77EE877A66EEA76A1BE0C5
:10A5100007EE10EAB8EE477A9FED366AC6EE076A94
:10A52000334B9B6BC3F3080307EE103AB8EE477A40
:10A530009FED316A67EE867A77EE277AB7EE007A7A
:10A5400077EE877A66EEA76A294A936BC3F34623B0
:10A5500007EE103AB8EE477AB7EE006A37EE067AA1
:10A56000C6EE877AFCEEE77AC0ED007A936BC3F310
:10A57000064307EE103AB8EE477A37EE067AC6EE93
:10A58000877AFCEEE77AC0ED017A936BC3F306633A
:10A5900007EE903AF8EE677A77EE867A86EEA77A3B
:10A5A000BCEEC77A80ED027A10BD07EE10EAB8EE75
:10A5B000477A9FED146AC6EE076A0D4B9B6BC3F397
:10A5C000080307EE103AB8EE477A9FED0B6A67EE84
:10A5D000867A77EE277AB7EE007A77EE877A66EE9C
:10A5E000A76AB1E70023036043608360DCE700BF34
:10A5F000004402580024744A000000390090D0033F
:10A600000024744C20BCBE4B10B5774A916A946A02
:10A61000C4F3055ED36AC3F3002C536CC3F3CC03BD
:10A620000CFB03F314F07C7F00F0D88001F00301F1
:10A6300007EE903AF8EE677A012965D0022900F01A
:10A64000B080E1B107EE10EAB8EE477A9FED676A95
:10A65000C6EE076A644B1B6CC3F3080307EE103A9F
:10A66000B8EE477A9FED626A67EE867A77EE277AD0
:10A67000B7EE007A77EE877A66EEA76A60E0136835
:10A6800013F0200F23D011461268C2F3C102594BB8
:10A69000D34007EE103AB8EE477A06EE90EAB8EEED
:10A6A000666AC7EE066A0B6CC3F3080307EE103A3E
:10A6B000B8EE477A9FED4E6A67EE867A77EE277A94
:10A6C000B7EE007A77EE877A66EEA76A38E007EE93
:10A6D00010EAB8EE477A9FED486AC6EE076A424B29
:10A6E0001B6CC3F3080307EE103AB8EE477A9FEDF0
:10A6F000406A67EE867A77EE277AB7EE007A77EED1
:10A70000877A66EEA76A1BE007EE10EAB8EE477A92
:10A710009FED366AC6EE076A334B1B6CC3F3080322
:10A7200007EE103AB8EE477A9FED316A67EE867A07
:10A7300077EE277AB7EE007A77EE877A66EEA76A29
:10A74000294A136CC3F3462307EE103AB8EE477A52
:10A75000B7EE006A37EE067AC6EE877AFCEEE77A45
:10A76000C0ED007A136CC3F3064307EE103AB8EE5F
:10A77000477A37EE067AC6EE877AFCEEE77AC0EDC6
:10A78000017A136CC3F3066307EE903AF8EE677A2A
:10A7900077EE867A86EEA77ABCEEC77A80ED027AEB
:10A7A00010BD07EE10EAB8EE477A9FED146AC6EEC8
:10A7B000076A0D4B1B6CC3F3080307EE103AB8EEA3
:10A7C000477A9FED0B6A67EE867A77EE277AB7EEC7
:10A7D000007A77EE877A66EEA76AB1E70023036016
:10A7E00043608360DCE700BF004402580024744AE1
:10A7F000000000390090D0030024744C20BCBE4BF4
:10A8000010B5774A916A946AC4F3051ED36A03F0BF
:10A81000010C536BC3F3CC030CFB03F314F47C7FE8
:10A8200000F0D88001F0030107EE903AF8EE677A65
:10A83000012965D0022900F0B080E1B107EE10EAED
:10A84000B8EE477A9FED676AC6EE076A644B1B6BEA
:10A85000C3F3080307EE103AB8EE477A9FED626A39
:10A8600067EE867A77EE277AB7EE007A77EE877A08
:10A8700066EEA76A60E0136813F0200F23D011463C
:10A880001268C2F3C102594BD34007EE103AB8EE3A
:10A89000477A06EE90EAB8EE666AC7EE066A0B6B78
:10A8A000C3F3080307EE103AB8EE477A9FED4E6AFD
:10A8B00067EE867A77EE277AB7EE007A77EE877AB8
:10A8C00066EEA76A38E007EE10EAB8EE477A9FED29
:10A8D000456AC6EE076A424B1B6BC3F3080307EEDB
:10A8E000103AB8EE477A9FED406A67EE867A77EEC7
:10A8F000277AB7EE007A77EE877A66EEA76A1BE0D2
:10A9000007EE10EAB8EE477A9FED396AC6EE076A9D
:10A91000334B1B6BC3F3080307EE103AB8EE477ACC
:10A920009FED316A67EE867A77EE277AB7EE007A86
:10A9300077EE877A66EEA76A294A136BC3F346233C
:10A9400007EE103AB8EE477AB7EE006A37EE067AAD
:10A95000C6EE877AFCEEE77AC0ED007A136BC3F39C
:10A96000064307EE103AB8EE477A37EE067AC6EE9F
:10A97000877AFCEEE77AC0ED017A136BC3F30663C6
:10A9800007EE903AF8EE677A77EE867A86EEA77A47
:10A99000BCEEC77A80ED027A10BD07EE10EAB8EE81
:10A9A000477A9FED146AC6EE076A0D4B1B6BC3F323
:10A9B000080307EE103AB8EE477A9FED0B6A67EE90
:10A9C000867A77EE277AB7EE007A77EE877A66EEA8
:10A9D000A76AB1E70023036043608360DCE700BF40
:10A9E000004402580024744C000000390090D00349
:10A9F0000024744A20BCBE4B00B58BB0A0F5807318
:10AA00000B432ED0A0F500730B437ED0A0F58063DE
:10AA10000B4300F0D480A0F500630B4300F02C81C1
:10AA2000A0F580530B4300F08B81A0F500530B433E
:10AA300000F0E381A0F500230B4300F02C82A0F589
:10AA400080330B4300F06F82A0F580430B4300F08E
:10AA50009082A0F5004050EA010300F0D38200206C
:10AA600001E3954B1B6D03F00703042B00F2F28208
:10AA7000DFE803F005101B0326009048F3E28E4B3D
:10AA8000186810F0007000F0EE8207A8FFF7B8FE1B
:10AA90000898E8E2884B186810F0006000F0E38244
:10AAA00004A8FFF7B5FC0498DDE2834B186810F0AA
:10AAB000005000F0D88201A8FFF7A6FD0198D2E26D
:10AAC0007D4AD36C03F04053126812F0040F07D094
:10AAD00033B9794B1B68C3F3C1037948D840C2E24C
:10AAE000754A126812F4807F03D0B3F1805F00F0E2
:10AAF000B382714A126812F4003F00F0AF82B3F1E2
:10AB0000005F00F0AD820020ADE26B4B1B6D03F4E3
:10AB1000E073802B33D015D9C02B00F0A382B3F59E
:10AB2000807F1FD1644AD36C03F04053126812F047
:10AB3000040F2FD073BB604B1B68C3F3C103604885
:10AB4000D84090E283B1402B0AD15B4B186810F0DB
:10AB5000006000F0888204A8FFF75AFC049882E2A3
:10AB6000002080E200207EE2534B186810F0007055
:10AB700000F0798207A8FFF743FE089873E24E4B76
:10AB8000186810F0005000F06E8201A8FFF73CFD3D
:10AB9000019868E2484A126812F4807F03D0B3F14A
:10ABA000805F00F06382444A126812F4003F00F0B4
:10ABB0005F82B3F1005F00F05D82002053E23E4B04
:10ABC0009B6D03F46003B3F5800F35D016D9B3F550
:10ABD000C00F00F05182B3F5000F20D1364AD36C7C
:10ABE00003F04053126812F0040F30D07BBB324B9D
:10ABF0001B68C3F3C1033248D84034E28BB1B3F5CC
:10AC0000001F0AD12C4B186810F0006000F02B8256
:10AC100004A8FFF7FDFB049825E2002023E20020B2
:10AC200021E2254B186810F0007000F01C8207A884
:10AC3000FFF7E6FD089816E21F4B186810F0005069
:10AC400000F0118201A8FFF7DFFC01980BE21A4A1D
:10AC5000126812F4807F03D0B3F1805F00F00E829F
:10AC6000154A126812F4003F00F00A82B3F1005F47
:10AC700000F008820020F6E10F4B9B6D03F0E063CB
:10AC8000B3F1007F3CD01DD9B3F1407F00F0FC81CF
:10AC9000B3F1806F27D1084AD36C03F04053126898
:10ACA00012F0040F37D0002B35D1034B1B68C3F3D0
:10ACB000C1030348D840D6E1004402580080BB00DD
:10ACC0000090D0038BB1B3F1807F0AD19A4B186802
:10ACD00010F0006000F0C78104A8FFF799FB04980A
:10ACE000C1E10020BFE10020BDE1934B186810F0E6
:10ACF000007000F0B88107A8FFF782FD0898B2E164
:10AD00008D4B186810F0005000F0AD8101A8FFF7DE
:10AD10007BFC0198A7E1884A126812F4807F03D077
:10AD2000B3F1805F00F0B281834A126812F4003FF1
:10AD300000F0AE81B3F1005F00F0AC81002092E141
:10AD40007D4B1B6D03F4E043B3F5005F35D016D99E
:10AD5000B3F5405F00F0A081B3F5804F20D1764A73
:10AD6000D36C03F04053126812F0040F30D07BBB59
:10AD7000714B1B68C3F3C1037048D84073E18BB1BA
:10AD8000B3F5805F0AD16C4B186810F0006000F0DA
:10AD90006A8104A8FFF73CFB049864E1002062E1AB
:10ADA000002060E1644B186810F0007000F05B81D7
:10ADB00007A8FFF725FD089855E15F4B186810F0CC
:10ADC000005000F0508101A8FFF71EFC01984AE1F5
:10ADD000594A126812F4807F03D0B3F1805F00F00B
:10ADE0005D81554A126812F4003F00F05981B3F1B9
:10ADF000005F00F05781002035E14F4B1B6D03F4DD
:10AE0000E023B3F5403F32D016D8B3F5803F23D0CE
:10AE1000B3F5003F0AD1484B186810F0005000F01D
:10AE2000228101A8FFF7F0FB02981CE113B9FEF79D
:10AE30003DFC18E1002016E1B3F5802F23D0B3F5D7
:10AE4000A02F07D13C4B186810F4003000F00B81A4
:10AE50003B4808E1002006E1374B186810F000601D
:10AE600000F0018104A8FFF7D3FA0598FBE0324B0C
:10AE7000186810F0040000F0F6801B68C3F3C103EB
:10AE80002E48D840EFE02C4B186810F4807000F08A
:10AE9000EA802C48E7E0284B9B6D03F44033B3F580
:10AEA000803F10D0B3F5003F18D00BB10020DAE09E
:10AEB000214B186810F0006000F0D58004A8FFF75F
:10AEC000A7FA0498CFE01C4B186810F0005000F06F
:10AED000CA8001A8FFF798FB0398C4E0164AD36C18
:10AEE00003F04053126812F0040F07D033B9124B2D
:10AEF0001B68C3F3C1031148D840B4E00E4A12687E
:10AF000012F4807F03D0B3F1805F00F0CD800A4A55
:10AF1000126812F4003F00F0C980B3F1005F00F046
:10AF2000C78000209FE0044BDB6C13F480330BD010
:10AF3000ABB9002097E000BF004402580090D00356
:10AF400040787D0100093D005A4B186810F00070F0
:10AF500000F0898007A8FFF753FC089883E0554B61
:10AF6000186810F000607ED004A8FFF751FA069828
:10AF700079E0504B9B6D03F0E043B3F1405F2FD07D
:10AF800015D8B3F1805F21D0B3F1005F09D1494BEF
:10AF9000186810F0005066D001A8FFF735FB029842
:10AFA00061E013B9FFF722FA5DE000205BE0B3F146
:10AFB000804F20D0B3F1A04F06D13E4B186810F45B
:10AFC000003050D03C484EE000204CE0394B18682F
:10AFD00010F0006047D004A8FFF71AFA059842E085
:10AFE000344B186810F004003DD01B68C3F3C10354
:10AFF0003248D84037E02F4B186810F4807032D0B8
:10B000002F4830E02B4B1B6D03F04053B3F1805FB2
:10B010000CD0B3F1005F13D00BB1002023E0254B1F
:10B02000186810F400301ED023481CE0214B18682B
:10B0300010F0007017D007A8FFF7E2FB089812E0A5
:10B040001C4B186810F000600DD004A8FFF7E0F961
:10B05000059808E0002006E0194804E0002002E01E
:10B06000154800E017480BB05DF804FB1448FAE7F8
:10B070000020F8E71048F6E71248F4E71048F2E736
:10B080000020F0E70C48EEE70E48ECE70C48EAE752
:10B090000020E8E70848E6E70A48E4E70848E2E76E
:10B0A0000020E0E70448DEE70548DCE70020DAE7B7
:10B0B0000148D8E70044025840787D010090D00351
:10B0C00000093D000080BB0000283BD038B5044695
:10B0D000437AB3B1022363722268136823F020031A
:10B0E00061680B4313602268136843F00403136024
:10B0F00023685B6813F0400F07D0042363720120BC
:10B1000038BD0372F8F75AFAE4E7F9F7B5FC0546DB
:10B1100023685B6813F0040F0FD0F9F7ADFC401BF8
:10B120000228F5D923685B6813F0040FF0D00423DC
:10B1300063720223E3600120E2E7012363720020CF
:10B14000E060DDE70120704738B5044603680A4A2D
:10B15000DA60F9F791FC05462368DB6813F0200FED
:10B1600007D1F9F789FC401BB0F57A7FF4D90320A9
:10B1700000E0002038BD00BF5FFF030070B503682A
:10B18000DA6812F0400F02D00025284670BD044650
:10B190004FF0FF32DA60F9F76FFC064600252368AE
:10B1A000DB6813F0400FF0D1032DEED0F9F764FC0B
:10B1B000831BB3F57A7FF2D9032584F82150EEE79B
:10B1C00010B50446114BDA6822F08002DA609B6801
:10B1D00013F0200F07D1FFF7B7FF0346A0B10323F9
:10B1E00084F8213010E0094A936823F0200393602B
:10B1F000FFF7AAFF034610B1032384F82130034967
:10B200008A6842F020028A60184610BD004000584B
:10B2100000284AD038B5044690F8213063B10223A3
:10B2200084F821302368DA6812F0100F09D000206A
:10B23000012384F8213038BD80F82030F8F708FA6F
:10B24000EDE7CA225A62236853225A622046FFF76A
:10B2500095FF90B158B92268D36C23F00303D364EF
:10B260002168CB6CE26965692A431343CB64236888
:10B27000FF225A620028DED1DAE7226891680C4B7F
:10B280000B40936021688A68636820690343A06962
:10B29000034313438B60A168E368226843EA0143D8
:10B2A00013612046FFF78CFFD4E70120704700BFF1
:10B2B000BFFF8FFF70B582B0044600230193006882
:10B2C00002F042F8054610B1284602B070BD206871
:10B2D00002F076FBB0F1004F07D00123E363E36B8C
:10B2E000012B0BD02E46284614E00023E363206890
:10B2F00002F02AF80028F2D00546E5E70021206890
:10B3000002F0A9F90028EDD04FF08055DCE7019B51
:10B3100001330193019A4FF6FE739A4213D896B9FE
:10B320000021206802F097F9D0B91249206802F094
:10B3300093FA0646B0B90021206801F0F0FFC30F70
:10B34000E5D01E46E3E7019A4FF6FE739A420CD809
:10B350000023A36310F080430AD00123A363B3E763
:10B360000546B1E74FF08055AEE74FF08075ABE78B
:10B370001D46A9E7000010C170B5446A836A1F2BFF
:10B3800015D870BD306801F0A3FF2070C0F307230B
:10B390006370C0F30743A370000EE07004340135FE
:10B3A000072DEFD97462B36A203BB362E9E7064622
:10B3B0000025F5E770B582B0C469036A1F2B1CD85D
:10B3C00002B070BD23780193627843EA02230193AF
:10B3D000A27843EA02430193E27843EA02630193CD
:10B3E000043401A9306801F076FF0135072DE9D951
:10B3F000F461336A203B3362E2E706460025F5E755
:10B40000F0B587B005460E46F9F736FB0746002132
:10B41000286801F084FF10F0007F64D14021286883
:10B4200002F056F8034610B16A6B6A635DE0696C1E
:10B430000904286802F00FF9034610B16A6B6A63C9
:10B4400053E04FF0FF3300934023019360230293B6
:10B45000022303930023049301230593694628687C
:10B4600001F060FF286802F05AF9034680B16A6B68
:10B470006A633AE0286801F02BFF46F8040B0134B8
:10B48000072CF7D9F9F7F8FAC01BB0F1FF3F2FD01E
:10B490002B685C6B14F4957404D15B6B13F4004F50
:10B4A000F0D0EDE75A6B12F0080F24D15A6B12F06E
:10B4B000020F22D15B6B13F0200F20D12868436B61
:10B4C00013F480530CD001F003FF46F8040BF9F796
:10B4D000D3FAC01BB0F1FF3FF0D14FF0004304E0BE
:10B4E000084A826301E04FF40063184607B0F0BDDC
:10B4F0004FF00043F9E70823F7E70223F5E720239D
:10B50000F3E700BF3A0F0018F0B589B004460F46C4
:10B51000F9F7B2FA05460023009301930821206849
:10B5200001F0D6FF064610B1304609B0F0BD616C9F
:10B530000904206802F08FF806460028F4D14FF085
:10B54000FF330293082303933023049302230593CC
:10B55000002306930123079302A9206801F0E2FE6D
:10B56000206802F0AAF8064630B1DDE7F9F784FA60
:10B57000431BB3F1FF3F46D02068426B40F22A5391
:10B580001A420ED1436B13F4002FEFD1002EEDD1F0
:10B5900001F09EFE0090206801F09AFE01900136B5
:10B5A000E4E7436B13F0080F24D1436B13F0020F51
:10B5B00023D1466B16F0200622D1144B8363019AE7
:10B5C000130203F47F0343EA0263110A01F47F418B
:10B5D0000B4343EA12633B60009A130203F47F03B8
:10B5E00043EA0263110A01F47F410B4343EA126309
:10B5F0007B6099E70826866396E70226866393E7D1
:10B600002026866390E74FF000468DE73A0F00183A
:10B6100010B582B00446002100910191006801F04C
:10B620007EFE10F0007F13D169462046FFF76CFFC5
:10B6300080B9019B13F4802F0ED0616C090420683F
:10B6400002F009F830B90221206802F01DF801E08B
:10B650004FF4006002B010BD4FF08060FAE710B503
:10B6600082B00446002100910191006801F057FE6C
:10B6700010F0007F13D169462046FFF745FF80B9DF
:10B68000019B13F4803F0ED0616C0904206801F027
:10B69000E2FF30B90021206801F0F6FF01E04FF42D
:10B6A000006002B010BD4FF08060FAE770B581B164
:10B6B00004460E46416C0904006802F017F805467E
:10B6C00008B1284670BD0021206801F028FE3060D6
:10B6D000F7E74FF00065F4E72DE9F04186B0044646
:10B6E000002949D016461F46884690F83050EDB2E2
:10B6F000012D5AD100234363D319026D934241D8DF
:10B70000032380F8303003680022DA6261627B0232
:10B710008362826B012A00D076024FF0FF320092E2
:10B720000193902302930223039300230493059330
:10B730006946206801F0F6FD2268D36843F04003B3
:10B74000D3602368C3F85880236801221A659742A2
:10B750001DD98223E3623146206801F0EBFEE8B197
:10B760002368144A9A63636B18436063012384F867
:10B7700030300023E36219E0436B43F0006343631E
:10B78000012513E0436B43F0007343630EE0812314
:10B79000E3623146206801F0B4FEE0E72268D36B33
:10B7A00043F49573D363002500E00225284606B0D4
:10B7B000BDE8F081FF0FE01F2DE9F04186B004469F
:10B7C000002948D016461F46884690F83050EDB202
:10B7D000012D59D100234363D319026D934240D800
:10B7E000032380F8303003680022DA62E1617B02D3
:10B7F0000362826B012A00D076024FF0FF32009282
:10B8000001939023029300230393049305936946C5
:10B81000206801F087FD2268D36843F04003D360BD
:10B820002368C3F85880236801221A6597421DD9FE
:10B83000A023E3623146206801F0AEFEE8B1236840
:10B84000144A9A63636B18436063012384F83030B1
:10B850000023E36219E0436B43F000634363012577
:10B8600013E0436B43F0007343630EE09023E36205
:10B870003146206801F077FEE0E72268D36B43F49D
:10B880008D73D363002500E00225284606B0BDE88D
:10B89000F08100BFFF0FE01F704790F86F300B7012
:10B8A000C36EC3F30F234B80C26E036F1B0A43EAC0
:10B8B00002634B6090F870300B7290F877304B72E7
:10B8C000426F90F87B3043EA0223CB60836FC3F36F
:10B8D00003530B74836FC3F30B234B82836FC3F348
:10B8E00046030B7501234B7500207047C36D9B0FFA
:10B8F0000B70C36DC3F383634B7090F85F3003F03C
:10B9000003038B7090F85E30CB7090F85D300B7154
:10B9100090F85C304B71036E1B0DCB80B0F8623039
:10B9200003F00F030B72036EC3F3C0334B72036E4D
:10B93000C3F380338B72036EC3F34033CB72036E59
:10B94000C3F300330B7300234B73836B002B40F066
:10B950008680026E40F6FC7303EA8203426E43EA7D
:10B9600092730B61436EC3F3C2630B7590F867303B
:10B9700003F007034B75436EC3F342538B75436E5D
:10B98000C3F38243CB75436EC3F3C2330B760B69AB
:10B99000013383640A7E02F007020232934083641B
:10B9A0000A7A02F00F0C012202FA0CF2C264520A67
:10B9B00002FB03F303654FF400734365436EC3F367
:10B9C00080334B76436EC3F3C6138B76436E03F01E
:10B9D0007F03CB76836EDB0F0B77836EC3F34173EC
:10B9E0004B77836EC3F382638B77836EC3F383538A
:10B9F000CB77836EC3F3405381F82030002381F866
:10BA00002130B0F86A2002F0010281F82220826E13
:10BA1000C2F3C03281F82320826EC2F3803281F8F3
:10BA20002420826EC2F3403281F82520826EC2F358
:10BA3000003281F82620826EC2F3812281F827200D
:10BA4000826EC2F3012281F82820826EC2F3460280
:10BA500081F82920012281F82A2018467047012BFD
:10BA600011D1036E1B0403F47C13B0F8662013435A
:10BA70000B610B6901339B02836403654FF4007310
:10BA8000C36443659AE70368054A9A63436B43F0CE
:10BA900080534363012380F830301846704700BF5D
:10BAA000FF0FE01F30B58DB004460023ADF8023023
:10BAB000F8F7E2FF0546206801F018FC002867D07F
:10BAC000A36B032B17D1A36B032B2FD0BDF8023030
:10BAD00063BB0DF10201206801F026FF0346002838
:10BAE00058D1F8F7C9FF431B41F287329342EDD991
:10BAF0004FF000434EE0206801F05AFE0346002854
:10BB000048D10021206801F00AFCE0660421206889
:10BB100001F005FC20670821206801F000FC606747
:10BB20000C21206801F0FBFBA067CCE7A36B032B83
:10BB30001CD0BDF8021061640904206801F04EFEBB
:10BB4000034638BB0021206801F0E9FBE0650421D1
:10BB5000206801F0E4FB20660821206801F0DFFB8B
:10BB600060660C21206801F0DAFBA06604212068E1
:10BB700001F0D5FB000D206401A92046FFF7B6FEB9
:10BB800058B9616C0904206801F04CFD034601E0DE
:10BB90004FF0806318460DB030BD4FF08053F9E789
:10BBA00070B588B00446002303930493059306936D
:10BBB0004FF480300021FEF71FFF38B9012084F8D0
:10BBC00030004FF00063636308B070BD0646050A9D
:10BBD000234BA3FB05352D09079508AB13E903009B
:10BBE0008DE8030003AB0ECB206801F059FB206801
:10BBF00001F076FB15B16D00B6FBF5F65EB9204697
:10BC0000FFF758FB024668B1012084F83000636BEF
:10BC100013436363D8E71348B0FBF6F00130F8F73D
:10BC200031FFECE72046FFF73DFF024630B101202F
:10BC300084F83000636B13436363C5E74FF400710E
:10BC4000206801F045FC08B90020BDE723680649DB
:10BC50009963636B03436363012084F83000B3E7A7
:10BC6000598B4F0110210100FF0FE01F30B591B03B
:10BC700090F83030DBB2032B59D004460D466946AC
:10BC8000FFF7BEFBB8B123682B499963636B03438D
:10BC90006363012584F830504FF40071206801F08F
:10BCA00017FC002844D02268234991636063012572
:10BCB00084F830503CE0009AC2F381132B70C2F339
:10BCC00040136B70130A23F0FF0343EA12639BB225
:10BCD0006B80019A130203F47F0343EA0263110AA3
:10BCE00001F47F410B4343EA12636B60029BDAB2BB
:10BCF0002A72C3F307226A72C3F30352AA721B0C9F
:10BD0000039AD1B223F0FF030B43AB81C2F3852327
:10BD1000AB73C2F30123EB73C2F303132B7402F072
:10BD20000F026A749DF81330AB740025B4E7012547
:10BD3000284611B030BD00BFFF0FE01F836B0B60C2
:10BD4000C36B4B60036C8B60436CCB60836C0B618B
:10BD5000C36C4B61036D8B61436DCB6100207047F9
:10BD600030B589B004460D46032380F83030836B2C
:10BD7000032B1CD0B1F5004F08D0B1F5804F0AD08D
:10BD800079B1436B43F00063436314E0436B43F0CA
:10BD9000805343630FE0FFF73BFC636B0343636334
:10BDA00009E0FFF75CFC636B0343636303E0436BF1
:10BDB00043F080534363636BB3B123683A4A9A6399
:10BDC00001254FF40071206801F082FB30B1236837
:10BDD00035499963636B034363630125012384F849
:10BDE0003030284609B030BD4FF480300021FEF7D6
:10BDF00003FE0246002850D063680393A3680493AF
:10BE00000595236906936169284BA3FB0203180E6D
:10BE1000B1EB136F0CD3079108AB13E903008DE866
:10BE2000030003AB0ECB206801F03AFA0025C8E707
:10BE3000A36DB3F5007F08D0B3F5807F07D011BBA9
:10BE40001B4B9A421DD90790E6E70791E4E751B9E9
:10BE5000184B9A4205D9154BA3FB02235B0E07939F
:10BE6000DAE70791D8E74B00B2FBF3F311488342BE
:10BE700005D90E4BA3FB02235B0E0793CCE707917A
:10BE8000CAE70791C8E74B00B2FBF3F2084B9A42AE
:10BE900001D90790C0E70791BEE7636B43F00063E9
:10BEA000636301258DE700BFFF0FE01F893BE65567
:10BEB00040787D0180F0FA0210B582B0044600237C
:10BEC000019301A9FFF7F2FB10B1636B03436363B6
:10BED0000198C0F3432002B010BD70B586B00028B1
:10BEE00054D0044690F8303053B1042384F83030F5
:10BEF0002046FFF755FE38B10125284606B070BD33
:10BF00000376F7F7E1FBF0E701A92046FFF7AEFE65
:10BF100000283DD19DF81430DAB29DF81530DBB21F
:10BF2000A16B01290BD001290FD00023A365E16883
:10BF30002046FFF715FF054658B10125DDE71343FD
:10BF4000F1D04FF40073A365F1E74FF48073A3655C
:10BF5000EDE7F8F791FD06462046FFF7ADFF042810
:10BF60000DD0F8F789FD801BB0F1FF3FF4D14FF001
:10BF700000436363012384F830300325BDE70023C9
:10BF80006363E362012384F83030B6E70125B4E748
:10BF90000125B2E7704770477047704738B50446CF
:10BFA000C56A03685A6B12F4004F02D015F0080FEF
:10BFB0002AD15A6B12F4807F67D04FF480729A6353
:10BFC0002268D16B7E4B0B40D3632268D36B23F086
:10BFD0008053D3632268D36823F04003D36015F005
:10BFE000080F25D015F0220F11D12368754A9A63E6
:10BFF000012384F830300023E36215F0030F13D0DF
:10C00000204602F0F9FA01E0FFF7B6F938BD2068E2
:10C0100001F0DCFA03460028E7D0626B1343636348
:10C020002046FFF739FCE0E7204602F0E1FAEDE7B1
:10C0300015F0800FEAD02268002393622268D36251
:10C040002268136515F0220F0ED1012384F83030D9
:10C050000023E36215F0300F13D115F0030FD5D094
:10C06000204602F0C9FAD1E7206801F0AFFA034692
:10C070000028EAD0626B134363632046FFF70CFC91
:10C08000E3E7204602F0B4FAE7E75A6B12F4804F78
:10C0900002D015F0080F62D15A6B12F03A0F6BD034
:10C0A0005A6B12F0020F03D0626B42F0020262631D
:10C0B0005A6B12F0080F03D0626B42F00802626301
:10C0C0005A6B12F0200F03D0626B42F020026263C1
:10C0D0005A6B12F0100F03D0626B42F010026263D1
:10C0E000384A9A632268D36B23F49D73D363226822
:10C0F000D36823F04003D3602268D36A43F400532B
:10C10000D3622268D36843F08003D360206801F0D3
:10C110005DFA636B034363632268D36823F0800393
:10C12000D36023684FF400629A6315F0080F1AD1A8
:10C1300015F0800F3FF46AAF636B002B3FF466AFDE
:10C140002268D36B23F08053D363236800221A65DF
:10C15000012384F830302046FFF79EFB56E7204647
:10C16000FFF728F952E7012384F830300023E36217
:10C170002046FFF791FB49E75A6B12F0805F3FF4CE
:10C1800045AF4FF080529A6323681B6D13F0040F84
:10C190000AD115F0200F03D02046FFF7FEFE35E749
:10C1A0002046FFF7F8FE31E715F0200F03D02046B8
:10C1B000FFF7F2FE2AE72046FFF7ECFE26E700BF76
:10C1C000C53EFFFF3A0F001808B338B50D460446C8
:10C1D00090F82C30B3B1022384F82C30214651F86A
:10C1E000040B00F08FFF62682946206800F0C4FF4E
:10C1F000084A136843F000431360012384F82C308D
:10C20000002038BD80F82D30F6F708FAE3E701206A
:10C21000704700BF0040005238B5044690F82C30FB
:10C22000D8B2022805D00D46052818BF012801D034
:10C23000012038BD022384F82C30206800F0F0FF84
:10C240002B68022B04D0012384F82C300020F0E767
:10C25000052384F82C300020EBE710B5044690F855
:10C260002C30D8B2022805D094F82C30DBB2012B48
:10C2700001D0012010BD022384F82C30206800F08A
:10C28000E7FF012384F82C300020F3E790F82C001E
:10C290007047704790F83D30DBB2012B3AD1022352
:10C2A00080F83D300268D36843F00103D36003682F
:10C2B0001A4AB3F1804F18BF93421DD0A2F57C42B9
:10C2C000934219D002F58062934215D002F5806244
:10C2D000934211D002F5784293420DD0A2F56C4200
:10C2E000934209D002F59432934205D01A6842F085
:10C2F00001021A60002070479968094A0A40062A1C
:10C3000018BFB2F5803F07D01A6842F001021A60E8
:10C310000020704701207047002070470000014056
:10C3200007000100704770477047704770B50446BA
:10C330000368DE681D6915F0020F10D016F0020FB9
:10C340000DD06FF002021A610123037703689B6925
:10C3500013F0030F64D0FFF7E6FF0023237715F0F7
:10C36000040F12D016F0040F0FD023686FF00402F0
:10C370001A610223237723689B6913F4407F55D009
:10C380002046FFF7D0FF0023237715F0080F12D0C7
:10C3900016F0080F0FD023686FF008021A6104230B
:10C3A00023772368DB6913F0030F46D02046FFF79D
:10C3B000BAFF0023237715F0100F12D016F0100FDC
:10C3C0000FD023686FF010021A61082323772368C7
:10C3D000DB6913F4407F37D02046FFF7A4FF00232A
:10C3E000237715F0010F02D016F0010F33D115F4A9
:10C3F000025F02D016F0800F35D115F4807F02D095
:10C4000016F0800F37D115F0400F02D016F0400F14
:10C4100039D115F0200F02D016F0200F3BD170BD9E
:10C42000FFF780FF2046FFF77FFF96E72046FFF7E4
:10C4300079FF2046FFF778FFA5E72046FFF772FF58
:10C440002046FFF771FFB4E72046FFF76BFF204659
:10C45000FFF76AFFC3E723686FF001021A61204605
:10C46000F6F786FCC3E723686FF402521A61204690
:10C4700000F0D5F8C1E723686FF480721A61204696
:10C4800000F0CEF8BFE723686FF040021A61204643
:10C49000FFF74BFFBDE723686FF020021A612046CB
:10C4A00000F0BCF8BBE7000030B503683D4A90429D
:10C4B00014BF4FF0000E4FF0010EB0F1804F14BFCB
:10C4C00072464EF00102AAB9374CA04214BF0024B4
:10C4D0000124364DA8420DD064B904F1804404F51E
:10C4E0008234A04214BF0024012405F50065A8424F
:10C4F00000D01CB123F070034C68234312BB2A4ABE
:10C50000904214BF00220122284CA0421AD0CAB97E
:10C5100002F1804202F58232904214BF00220122D1
:10C5200004F50064A0420DD062B9214A904214BFC4
:10C530000022012204F59A34A04203D012B91D4A08
:10C54000904204D123F4407CCB6843EA0C0323F0EF
:10C5500080034A69134303608A68C2620A68826280
:10C56000154A904214BF73464EF0010363B9104B55
:10C57000984214BF0023012302F57052904203D069
:10C5800013B90C4B984201D10B690363012343613A
:10C59000036913F0010F03D0036923F00103036162
:10C5A00030BD00BF00000140000800400004004012
:10C5B00000440140004801400004014060B310B550
:10C5C000044690F83D3013B3022384F83D302146F1
:10C5D00051F8040BFFF768FF012384F8483084F812
:10C5E0003E3084F83F3084F8403084F8413084F89D
:10C5F000423084F8433084F8443084F8453084F87D
:10C60000463084F8473084F83D30002010BD80F873
:10C610003C30FFF73EFED7E7012070477047704778
:10C6200070470000026852E8003F23F4907342E82C
:10C6300000310029F6D1026802F1080353E8001F17
:10C640000D4B0B40083242E800310029F3D1C36E94
:10C65000012B06D02023C0F88C300023C36643672B
:10C660007047026852E8003F23F0100342E80031AF
:10C670000029F6D1EEE700BFFEFFFFEF70B586B0F0
:10C680000446016883680269134342691343C2691F
:10C6900013430868884A024013430B6022685368BA
:10C6A00023F44053E1680B435360A1692268834B34
:10C6B0009A4201D0236A19439068814B03400B438F
:10C6C00093602268D36A23F00F03616A0B43D3623D
:10C6D00022687C4B9A4221D07B4B9A4200F08C809E
:10C6E0007A4B9A4200F0A280794B9A4200F0B580D2
:10C6F000784B9A4200F0C880774B9A4200F0F48061
:10C70000764B9A4200F01981754B9A4200F02C81C9
:10C710006A4B9A4200F03F81802333E0714B5B6D9E
:10C7200003F03803282B65D8DFE813F029006400F4
:10C730006400640064006400640064004D016400EF
:10C740006400640064006400640064002B00640002
:10C750006400640064006400640064005E006400BF
:10C7600064006400640064006400640060006400AD
:10C7700064006400640064006400640062000123DB
:10C7800000E008234D498A4200F02F81E069B0F5AE
:10C79000004F00F0AF81202B00F20782202B00F227
:10C7A0005182DFE813F01E0224024F024F022702DB
:10C7B0004F024F024F022C024F024F024F024F0214
:10C7C0004F024F024F0231024F024F024F024F02FF
:10C7D0004F024F024F024F024F024F024F024F02D1
:10C7E0004F024F024F023D021023CBE72023C9E73F
:10C7F0004023C7E78023C5E73A4B5B6D03F007038F
:10C80000052B11D8DFE813F00600E10008000A004C
:10C810000C000E000023B5E70823B3E71023B1E7AF
:10C820002023AFE74023ADE78023ABE72D4B5B6DC3
:10C8300003F00703052B0ED8DFE803F003C9050753
:10C84000090B00239EE708239CE710239AE7202387
:10C8500098E7402396E7802394E7224B5B6D03F033
:10C860000703052B0ED8DFE803F003B40507090B17
:10C87000002387E7082385E7102383E7202381E748
:10C8800040237FE780237DE7164B5B6D03F00703B2
:10C89000052B0ED8DFE803F0039F0507090B0023E3
:10C8A00070E708236EE710236CE720236AE7402334
:10C8B00068E7802366E700BFF369FFCF000C0058EC
:10C8C000FFF4FF1100100140004400400048004008
:10C8D000004C00400050004000140140007800402F
:10C8E000007C0040004402587D4B5B6D03F0380330
:10C8F000282B20D8DFE803F0151F1F1F1F1F1F1F45
:10C90000711F1F1F1F1F1F1F171F1F1F1F1F1F1FED
:10C91000191F1F1F1F1F1F1F1B1F1F1F1F1F1F1F31
:10C920001D0001232EE708232CE710232AE72023EC
:10C9300028E7402326E7802324E7694B5B6D03F05B
:10C940000703052B0ED8DFE803F0034A0507090BA0
:10C95000002317E7082315E7102313E7202311E727
:10C9600040230FE780230DE75D4B5B6D03F007036A
:10C97000052B0ED8DFE803F003350507090B00236C
:10C9800000E70823FEE61023FCE62023FAE6402316
:10C99000F8E68023F6E603F50E339B6D03F00703FC
:10C9A000052B0ED8DFE803F0031F0507090B022350
:10C9B000E8E60823E6E61023E4E62023E2E6402347
:10C9C000E0E68023DEE60423DCE60423DAE6042343
:10C9D000D8E60423D6E60423D4E60423D2E60423CF
:10C9E000D0E60423CEE60423CCE6202B27D8022B66
:10C9F000C0F01A81023B1E2B00F21881DFE813F011
:10CA00005000160156001601160116015B001601B2
:10CA10001601160116011601160116016000160115
:10CA2000160116011601160116011601160116014E
:10CA30001601160116011601160116016C00402B95
:10CA40002CD14FF40040626A264B33F81220B0FB21
:10CA5000F2F3656805EB4501994200F2E980B3EB1A
:10CA6000053F00F2E780002633463146F4F784F8AC
:10CA7000090241EA106100026B08C0182A463346D9
:10CA800041F10001F4F778F8A0F54072164B9A4294
:10CA900000F2D2802368D8603046D4E00120D2E092
:10CAA000FDF7A4FC0028CED10020CCE003A8FDF7C0
:10CAB000AFFC0498F6E76846FDF7A6FD0198F1E79C
:10CAC000074B1B6813F0200F08D0054B1B68C3F3FE
:10CAD000C1030648D840E5E70548B4E70348B2E794
:10CAE0000044025880DF0108FFFC0F000090D003D3
:10CAF00000093D00202B15D8202B00F29F80DFE895
:10CB000003F031379D9D3A9D9D9D3F9D9D9D9D9D2F
:10CB10009D9D449D9D9D9D9D9D9D9D9D9D9D9D9D9E
:10CB20009D9D5000402B1BD1626A4D4B33F8123053
:10CB3000B0FBF3F06268530803EB4000B0FBF2F087
:10CB4000A0F110024FF6EF739A4279D883B223F026
:10CB50000F03C0F3420018432368D860002072E03E
:10CB6000012070E0FCF7A2FD0028DDD100206AE082
:10CB7000FCF7AEFDF8E703A8FDF74AFC0498F3E7DD
:10CB80006846FDF741FD0198EEE7364B1B6813F050
:10CB9000200F08D0334B1B68C3F3C1033248D84081
:10CBA000E2E73248C0E73048BEE7402B17D14FF4E8
:10CBB0000040626A2A4B33F81230B0FBF3F063682E
:10CBC00000EB5300B0FBF3F0A0F110024FF6EF734F
:10CBD0009A4242D8236880B2D860002033E0012016
:10CBE00031E0FCF763FD0028E3D100202BE0FCF7E7
:10CBF0006FFDF8E703A8FDF70BFC0498F3E7684620
:10CC0000FDF702FD0198EEE7164B1B6813F0200FAD
:10CC100008D0144B1B68C3F3C1031348D840E2E7A4
:10CC20001248C6E71048C4E701200CE001200AE0E2
:10CC3000012008E0012006E0012004E0012002E0DC
:10CC4000012000E001200123A4F86A30A4F8683034
:10CC500000236367A36706B070BD0120F3E700BF40
:10CC600080DF0108004402580090D00300093D0015
:10CC7000836A13F0080F06D00268536823F4004358
:10CC8000816B0B435360836A13F0010F06D0026877
:10CC9000536823F40033C16A0B435360836A13F073
:10CCA000020F06D00268536823F48033016B0B43F4
:10CCB0005360836A13F0040F06D00268536823F4AC
:10CCC0008023416B0B435360836A13F0100F06D02F
:10CCD0000268936823F48053C16B0B439360836AAB
:10CCE00013F0200F06D00268936823F40053016C00
:10CCF0000B439360836A13F0400F0AD002685368B5
:10CD000023F48013416C0B435360436CB3F5801FD5
:10CD10000BD0836A13F0800F06D00268536823F4A7
:10CD20000023C16C0B43536070470268536823F4BF
:10CD3000C003816C0B435360EBE72DE9F8430546D4
:10CD40000E4617469946DDF820802C68E46936EADD
:10CD500004030CBF4FF0010C4FF0000CBC453AD15E
:10CD6000B8F1FF3FF1D0F7F787FEA0EB090040458F
:10CD700034D8B8F1000F33D02B681A6812F0040FC2
:10CD8000E3D0B6F1400218BF0122802EDDD0002A88
:10CD9000DBD0DA6912F0080F11D1DA6912F4006FF2
:10CDA000D3D04FF400621A622846FFF73BFC2023E1
:10CDB000C5F89030002385F8843003200CE0082467
:10CDC0001C622846FFF72EFCC5F89040002385F82A
:10CDD0008430012000E00020BDE8F8830320FBE759
:10CDE0000320F9E72DE9F04182B01E46D0F88830E3
:10CDF000202B5BD104460D469046002A18BF00291F
:10CE000001D1012053E00023C0F890302123C0F865
:10CE10008830F7F731FE0746A4F85480A4F856800E
:10CE2000A368B3F5805F02D04FF0000816E02369D5
:10CE300043B34FF0000811E02023C4F888300320EA
:10CE400035E038F8023B2268C3F308039362B4F874
:10CE5000562092B2013A92B2A4F85620B4F8563055
:10CE60009BB293B100963B46002280212046FFF7FB
:10CE700064FF0028E0D1002DE3D015F8012B2368D2
:10CE80009A62E4E7A8460025E8E700963B460022C0
:10CE900040212046FFF751FF18B92023C4F88830FD
:10CEA00005E02023C4F88830032000E0022002B00F
:10CEB000BDE8F08130B583B004460023C0F890305F
:10CEC000F7F7DAFD05462268126812F0080F10D154
:10CED00023681B6813F0040F28D12023C4F888307E
:10CEE000C4F88C300020E066206784F8840003B02A
:10CEF00030BD6FF07E430093034600224FF40011D3
:10CF00002046FFF71AFF0028E2D0226852E8003FCF
:10CF100023F0800342E800310029F6D12023C4F831
:10CF20008830002384F884300320E0E76FF07E43EC
:10CF300000932B4600224FF480012046FFF7FDFEB0
:10CF40000028CAD0226852E8003F23F4907342E8D8
:10CF500000310029F6D1226802F1080353E8003FAE
:10CF600023F00103083242E800310029F3D12023E5
:10CF7000C4F88C30002384F884300320B7E778B3FA
:10CF800010B50446D0F888300BB32423C4F8883099
:10CF90002268136823F001031360A36AE3B92046F3
:10CFA000FFF76CFB012811D02268536823F49043EB
:10CFB00053602268936823F02A0393602268136801
:10CFC00043F0010313602046FFF774FF10BD80F8A3
:10CFD0008430F6F7CBFFD8E72046FFF749FEDEE7BF
:10CFE00001207047436E2BB90123A0F86A30A0F8E6
:10CFF0006830704730B403689A68C2F34262996837
:10D00000490F094D6B5C1B01084C615C93FBF1F30C
:10D01000A0F86A30AB5C1B01A25C93FBF2F3A0F8B2
:10D02000683030BC704700BFA0DF010898DF0108FE
:10D0300090F88430012B18D0012380F88430242309
:10D04000C0F8883003681A68196821F00101196076
:10D0500022F000520023436601680A602022C0F8D3
:10D06000882080F88430184670470220704738B511
:10D0700090F88430012B1DD00446012380F88430C1
:10D080002423C0F8883003681D681A6822F0010262
:10D090001A600268936823F0604319439160FFF7B8
:10D0A000A1FF23681D602023C4F88830002084F885
:10D0B000840038BD0220FCE738B590F88430012B9D
:10D0C0001DD00446012380F884302423C0F8883022
:10D0D00003681D681A6822F001021A6002689368EA
:10D0E00023F0606319439160FFF77CFF23681D60A4
:10D0F0002023C4F88830002084F8840038BD022042
:10D10000FCE7000010B40B68CBB90368194A1A4059
:10D110004B688C682343CC6823430C6923434C69D8
:10D1200023438C692343CC6923430C6A2343496A14
:10D130000B431343036000205DF8044B7047036802
:10D1400023F4F843CA690C6A22434C6A224313430E
:10D1500003604368074A1A404B688C682343CC68D5
:10D1600023430C6923434C69234389690B431343CD
:10D170004360E0E70080FFFF10B43ABB826802F032
:10D1800070420B68013B4C6804F1FF3C43EA0C130E
:10D190008C6804F1FF3C43EA0C23CC6804F1FF3CAB
:10D1A00043EA0C330C6904F1FF3C43EA0C434C693D
:10D1B00004F1FF3C43EA0C538969013943EA0163F6
:10D1C0001343836000205DF8044B70478368134A63
:10D1D0001A40CB6803F1FF3C4B69013B1B0543EA56
:10D1E0000C3313438360C26802F070420B68013B4A
:10D1F0004C6804F1FF3C43EA0C138C6804F1FF3CDB
:10D2000043EA0C230C6904F1FF3C43EA0C438969AF
:10D21000013943EA01631343C360D3E7FF0F0FFFF4
:10D2200010B40369094A1A400B684C6823438C68A0
:10D2300004F1FF3C43EA4C13C96843EA412313431A
:10D24000036100205DF8044B704700BF0000C0FF81
:10D250004269034B134043EA410343610020704796
:10D2600001C0FFFF0B4B1B680B4AA2FB03235B0AA9
:10D2700041F2883202FB03F31A46013B3AB1426B9A
:10D2800012F0800FF8D0054B8363002070474FF0F9
:10D29000004070470C000024D34D6210C5002000F0
:10D2A00084B00DF1040C8CE80E000B461343039A76
:10D2B0001343049A1343059A13434168034A0A40EF
:10D2C00013434360002004B0704700BF002CC0FF30
:10D2D000D0F8800070470B68C0F88030002070479D
:10D2E000036843F00303036000207047006800F008
:10D2F000030070470B6883604B688A681343CA68F1
:10D3000013430A691343C168024A0A401343C360C6
:10D3100000207047C0E0FEFF0069C0B270471430C3
:10D32000405870470B6843624B6883628B68CA68D9
:10D3300013430A6913434A691343C26A22F0FF0286
:10D340001343C3620020704710B586B00446002323
:10D3500001930293039304934FF48053059301A91F
:10D36000FFF7C8FF2046FFF77DFF06B010BD0000A5
:10D3700070B505460E46514B1B685149A1FB03137E
:10D380005B0A03FB02F21346013A002B5ED06C6B82
:10D390004C4B2340002BF6D014F4005FF3D16B6BA1
:10D3A00013F0040F06D16B6B13F0010F05D00120B1
:10D3B000A8634DE00420A8634AE0434BAB632846D2
:10D3C000FFF7AAFFB04201D0012041E0002128462A
:10D3D000FFF7A5FF03463D481840C8B3002B38DBD4
:10D3E00013F0804F38D113F0005F37D113F0805F16
:10D3F00036D113F0006F36D113F0806F36D113F0B1
:10D40000807F36D113F4000F36D113F4800F36D15C
:10D4100013F4001F36D113F4801F36D113F4802F7C
:10D4200036D113F4003F36D113F4803F36D113F4D4
:10D43000004F36D113F4804F36D113F4005F36D14C
:10D4400013F0080F36D04FF4000001E04FF0004019
:10D4500070BD4FF00070FBE74020F9E78020F7E750
:10D460004FF48070F4E74FF40070F1E74FF4806000
:10D47000EEE74FF40060EBE74FF48050E8E74FF43D
:10D480000050E5E74FF48040E2E74FF40040DFE76B
:10D490004FF40030DCE74FF48020D9E74FF4002050
:10D4A000D6E74FF48010D3E74FF40010D0E74FF4E5
:10D4B0008000CDE74FF48030CAE700BF0C000024A5
:10D4C000D34D621045002000C500200008E0FFFD9C
:10D4D00030B587B004460191102502954FF4807352
:10D4E0000393002304934FF48053059301A9FFF79E
:10D4F00001FF41F2883229462046FFF739FF07B085
:10D5000030BD30B587B004460191112502954FF426
:10D5100080730393002304934FF48053059301A970
:10D52000FFF7E8FE41F2883229462046FFF720FF48
:10D5300007B030BD30B587B0044601911225029581
:10D540004FF480730393002304934FF480530593A7
:10D5500001A9FFF7CFFE41F2883229462046FFF7A6
:10D5600007FF07B030BD30B587B0044601911825DC
:10D5700002954FF480730393002304934FF4805378
:10D58000059301A9FFF7B6FE41F2883229462046ED
:10D59000FFF7EEFE07B030BD30B587B0044601910D
:10D5A000192502954FF480730393002304934FF4DD
:10D5B0008053059301A9FFF79DFE41F28832294669
:10D5C0002046FFF7D5FE07B030BD000030B587B06C
:10D5D0000446002301930C2502954FF480720392B8
:10D5E00004934FF480530593C36843F08003C360F2
:10D5F000C36823F04003C36001A9FFF77BFE084A1C
:10D6000029462046FFF7B4FEE36823F08003E36079
:10D61000B0F1007F01D007B030BD0020FBE700BFB4
:10D6200000E1F50530B587B0044601910725029564
:10D630004FF480730393002304934FF480530593B6
:10D6400001A9FFF757FE41F2883229462046FFF72D
:10D650008FFE07B030BD30B587B004460191372545
:10D6600002954FF480730393002304934FF4805387
:10D67000059301A9FFF73EFE41F288322946204674
:10D68000FFF776FE07B030BD30B587B00446019194
:10D69000062502954FF480730393002304934FF4FF
:10D6A0008053059301A9FFF725FE41F288322946F0
:10D6B0002046FFF75DFE07B030BD30B587B00446A9
:10D6C00000230193332502954FF480720392049353
:10D6D0004FF48053059301A9FFF70CFE41F2883205
:10D6E00029462046FFF744FE07B030BD30B587B06D
:10D6F000044601910D2502954FF480730393002396
:10D7000004934FF48053059301A9FFF7F3FD41F211
:10D71000883229462046FFF72BFE07B030BD30B5D2
:10D7200087B00446002301930D2502954FF48072C3
:10D73000039204934FF48053059301A9FFF7DAFD98
:10D7400041F2883229462046FFF712FE07B030BD6D
:10D750000146144B1B68144AA2FB03235B0A41F2E7
:10D76000883202FB03F31A46013BBAB14A6B12F04E
:10D77000450FF8D012F4005FF5D14B6B13F0040F96
:10D7800006D1486B10F0010005D1084B8B63704740
:10D790000420886370470120886370474FF0004081
:10D7A000704700BF0C000024D34D6210C50020005C
:10D7B00010B586B0044600230193022202924FF472
:10D7C0004072039204934FF48053059301A9FFF72D
:10D7D00091FD2046FFF7BCFF06B010BD10B586B026
:10D7E00004460191092302934FF4407303930023ED
:10D7F00004934FF48053059301A9FFF77BFD204666
:10D80000FFF7A6FF06B010BD0146104B1B68104A7B
:10D81000A2FB03235B0A41F2883202FB03F31A46A0
:10D82000013B82B14A6B12F0450FF8D012F4005F51
:10D83000F5D1486B10F0040002D1064B8B637047A2
:10D840000420886370474FF0004070470C000024AC
:10D85000D34D6210C500200010B586B0044601917A
:10D86000292302934FF480730393002304934FF40E
:10D870008053059301A9FFF73DFD2046FFF7C4FF44
:10D8800006B010BDF8B505460E461746234B1B687B
:10D89000234AA2FB03235B0A41F2883202FB03F313
:10D8A0001A46013B8AB36C6B14F0450FF8D014F4A0
:10D8B000005FF5D16B6B13F0040F06D16B6B13F0A7
:10D8C000010F05D00120A86321E00420A8631EE019
:10D8D0002846FFF721FDB04201D0012017E0114B8F
:10D8E000AB6300212846FFF71AFD034610F46040A1
:10D8F00008D013F4804F0BD113F4004F0BD04FF42A
:10D90000805004E01B0C3B8001E04FF00040F8BD6C
:10D910004FF40050FBE74FF48030F8E70C00002490
:10D92000D34D6210C500200070B586B004460D4688
:10D9300000230193032602964FF48072039204930E
:10D940004FF48053059301A9FFF7D4FC2A463146D2
:10D950002046FFF797FF06B070BD00000146164B4A
:10D960001B68164AA2FB03235B0A41F2883202FBC2
:10D9700003F31A46013BE2B14A6B12F0450FF8D0AF
:10D9800012F4005FF5D14B6B13F0040F0BD14B6B0E
:10D9900013F001030AD1486B10F040000BD0402275
:10D9A0008A631846704704208863704701208863A3
:10D9B00070474FF0004070470C000024D34D6210B8
:10D9C00010B586B004464FF4D57301930823029333
:10D9D0004FF480730393002304934FF48053059313
:10D9E00001A9FFF787FC2046FFF7B8FF06B010BD7E
:10D9F00082B000230193019B01330193019BB3F19A
:10DA0000706F15D80369002BF5DA002301930369C1
:10DA100043F001030361019B01330193019BB3F1C7
:10DA2000706F08D8036913F0010FF4D1002000E0F3
:10DA3000032002B070470320FBE7000084B010B55C
:10DA4000044603A880E80E009DF81130012B1FD179
:10DA5000A36B23F48033A363E2681F4B1340E3609E
:10DA6000E36823F44013E3609DF81830012B0AD0DB
:10DA70002046FFF7BDFF9DF80E30012B1CD0BDE8FE
:10DA8000104004B07047E36843F48013E360EFE7AD
:10DA9000E36843F04003E3602046FFF7A9FF9DF8E9
:10DAA000153023B9A36B43F48033A363E3E7A36B7F
:10DAB00023F48033A363DEE7E36D9BB2E365E26D9D
:10DAC000064B1343E365A36843F00603A360A36812
:10DAD00043F02003A360D2E7BFFFBDFF0000EE03C9
:10DAE000022A0AD00921C26822F47052C260C368B7
:10DAF00043EA8123C36000207047204B0B44204A37
:10DB0000934229D91F4B0B441F4A934226D91F4BDE
:10DB10000B441F4A934223D91E4B0B441E4A934287
:10DB200020D31E4B0B441E4A93421DD91D4B0B4460
:10DB30001D4A93421AD31D4B0B441D4A934217D3DF
:10DB40001C4B0B441C4A934214D31C4B0B441C4AE1
:10DB5000934211D20721C6E70F21C4E70E21C2E785
:10DB60000D21C0E70C21BEE70B21BCE70A21BAE773
:10DB70000921B8E70821B6E70621B4E7405327FF9B
:10DB8000FF340C00401E1BFF3F420F0000DC0BFF68
:10DB90007F4F1200808CF9FE20D6130060B6E5FEA0
:10DBA0005FE3160000D3CEFE40771B00C05BB3FEE0
:10DBB000C091210000CA91FE20753800E05459FE42
:10DBC000E09C4100836843F00103836000207047BC
:10DBD000836823F0010383600020704782B0002334
:10DBE0000193019B01330193019BB3F1706F15D831
:10DBF0000369002BF5DA00230193890141F020012C
:10DC00000161019B01330193019BB3F1706F08D84F
:10DC1000036913F0200FF4D1002000E0032002B0CC
:10DC200070470320FBE782B000230193019B01337F
:10DC30000193019BB3F1706F13D80369002BF5DAE0
:10DC40000023019310230361019B01330193019B86
:10DC5000B3F1706F08D8036913F0100FF4D10020EE
:10DC600000E0032002B070470320FBE7D0F8003843
:10DC70001943C0F8001800207047000084B0F8B5C0
:10DC8000044607A880E80E00002306E003F14002E6
:10DC900004EB82020021516001330E2BF6D99DF86E
:10DCA000266006BBD4F8043843F00203C4F80438F5
:10DCB000A36B23F40013A363236843F040032360A2
:10DCC000236843F0800323600023C4F8003E9DF8DE
:10DCD0002130012B11D19DF81F304BB90021204676
:10DCE000FFF7C4FF0DE0A36B43F40013A363EBE75E
:10DCF00001212046FFF7BAFF03E003212046FFF78A
:10DD0000B5FF10212046FFF769FF054600B1012548
:10DD10002046FFF788FF00B1012504F5006C0023C1
:10DD2000CCF81030CCF81430CCF81C300AE0CBB969
:10DD30004FF00060C2F8000900220A614FF67F32FE
:10DD40008A6001339DF81C10994210D904EB4312EC
:10DD500002F51061D2F800090028E8DB0020C2F8C3
:10DD60000009E9E74FF09040C2F80009E4E700231A
:10DD70000AE0BBB14FF09047C2F8007B002202617D
:10DD80004FF67F3282600133994210D904EB43127F
:10DD900002F53060D2F8007B002FEADB0027C2F8E2
:10DDA000007BEBE74FF00067C2F8007BE6E7DCF8AA
:10DDB000103023F48073CCF810300023A3616FF08F
:10DDC000804363619DF81E301BB9A36943F01003C3
:10DDD000A361A2690A4B1343A3619DF822301BB1D2
:10DDE000A36943F00803A361012E04D02846BDE8CF
:10DDF000F84004B07047A269024B1343A361F5E7F2
:10DE000000383C8004000040D0F8083813F00603C6
:10DE100005D0062B18BF022B03D10220704700202B
:10DE200070470F207047000010B591F800C04B7884
:10DE3000012B21D000F5006ED0F81C380CF00F0437
:10DE40000122A24043EA0243C0F81C3800EB4C1008
:10DE5000D0F8003B13F4004F0CD1D0F8002B8B68A6
:10DE6000C3F30A03097943EA81431343144A1A436B
:10DE7000C0F8002B002010BDD0F81C280CF00F0EAD
:10DE800003FA0EF39BB21343C0F81C3800EB4C109E
:10DE9000D0F8003913F4004FECD1D0F800298B688A
:10DEA000C3F30A03097943EA814343EA8C5C42EAFB
:10DEB0000C0C034B4CEA0303C0F80039DAE700BF4F
:10DEC0000080001030B40B784A78012A26D000EB8D
:10DED0004313D3F8002B002A52DBD0F83C480A78D1
:10DEE00002F00F024FF0010C0CFA02F224EA024297
:10DEF000C0F83C28D0F81C28097801F00F010CFA72
:10DF000001FC22EA0C42C0F81C28D3F8001B234A6B
:10DF10000A40C3F8002B002030BC704700EB4313CD
:10DF2000D3F80029002A1EDBD0F83C580A7802F00A
:10DF30000F02012404FA02F292B225EA0202C0F8AA
:10DF40003C28D0F81C28097801F00F018C40A4B2BD
:10DF500022EA0404C0F81C48D3F80019104A0A4009
:10DF6000C3F80029D7E7D3F8002942F00062C3F8CC
:10DF70000029D3F8002942F08042C3F80029D3E7F2
:10DF8000D3F8002B42F00062C3F8002BD3F8002B2B
:10DF900042F08042C3F8002B9FE700BF0078F3EF08
:10DFA000007833EC10B483B0024600230193487824
:10DFB00001280BD00B7802EB4313D3F8000B002899
:10DFC0002DDB002003B05DF8044B70470B7802EBAB
:10DFD0004313D3F80049002C01DB0020F2E7D3F80B
:10DFE000004944F00064C3F800490B7802EB431386
:10DFF000D3F8004944F08044C3F80049019B013341
:10E000000193019C42F210739C42DBD80B7802EB27
:10E010004313D3F80039002BF0DB0020D2E7D3F80C
:10E02000000B40F00060C3F8000B0B7802EB4313C9
:10E03000D3F8000B40F08040C3F8000B019B013384
:10E040000193019842F21073984208D80B7802EBC2
:10E050004313D3F8003B002BF0DB0020B2E7012094
:10E06000B0E710B59DF8084084B903334FEA930E2A
:10E070004FF0000C08E000EB023303F5805351F839
:10E08000044B1C600CF1010CF445F4D3002010BDCE
:10E09000F0B583B00C784B78012B2DD000EB441CED
:10E0A0000CF530631E69864D35401D611E69854D36
:10E0B00035401D61002C40F0C7800C690CB18C68A4
:10E0C0000C618C680C621D69C4F312042C431C6142
:10E0D0001C6944F400241C61012A00F0D8800B79EB
:10E0E000012B00F0DA80DCF8003B43F00443CCF86D
:10E0F000003B002003B0F0BD0B6973BB00EB441381
:10E10000D3F810696F4D3540C3F81059D3F8105942
:10E1100045F40025C3F81059D3F81069684D35400F
:10E12000C3F81059012A4DD000EB4414D4F800393B
:10E1300043F00443C4F800390B79012B6BD00B6911
:10E14000002BD6D0D0F834380A7802F00F01012223
:10E150008A401343C0F83438CBE700EB441303F58F
:10E1600010631E69564D35401D611E69554D354081
:10E170001D61D4B90E698D68AE4200D90D611D696B
:10E1800045F400251D611D690E69C6F3120635436D
:10E190001D610D79012DC5D11D6925F0C0451D6199
:10E1A0001D6945F000551D61BCE71E690D698F684A
:10E1B0003D44013DB5FBF7F5434F07EAC5453543FF
:10E1C0001D61E0E7CB691BB100EB4412C2F81439C2
:10E1D0000B79012B08D000EB4410D0F8003943F044
:10E1E0000443C0F8003984E7D0F8083813F4807F7E
:10E1F00008D100EB4412D2F8003943F00053C2F8C2
:10E200000039E8E700EB4412D2F8003943F08053BC
:10E21000C2F80039DFE7D0F8083813F4807F0CD15A
:10E22000D4F8003943F00053C4F8003900920B8A47
:10E230000A78C968FFF715FF5BE7D4F8003943F0A7
:10E240008053C4F80039F1E70C6954B91C698D6832
:10E25000C5F312052C431C611C6944F400241C61A5
:10E260003AE78D682C44013CB4FBF5F4A4B204FBFE
:10E2700005F50D621D69144E06EAC4442C431C6169
:10E280001C690D6AC5F312052C431C6124E7CA689A
:10E29000002A3FF424AF5A6121E7D0F8083813F47C
:10E2A000807F06D1DCF8003B43F00053CCF8003B04
:10E2B00019E7DCF8003B43F08053CCF8003B12E751
:10E2C0000000F8FFFFFF07E00000F81F00B583B073
:10E2D000844608464FEA920E02F00302002305E04E
:10E2E0000CF58051096840F8041B01337345F7D3DE
:10E2F0009AB10CF5805CDCF8003001934FF0000C13
:10E300005FFA8CF3D900019BCB4000F8013B0CF184
:10E31000010C013A92B2002AF2D103B05DF804FB7D
:10E320000B784A78012A14D000EB4310D0F8002B68
:10E33000002A06DB2BB1D0F8003B23F08043C0F865
:10E34000003BD0F8003B43F40013C0F8003B002032
:10E35000704700EB4310D0F80029002A06DB2BB1F0
:10E36000D0F8003923F08043C0F80039D0F80039E4
:10E3700043F40013C0F80039E9E70B784A78012A22
:10E380000ED000EB4310D0F8003B23F40013C0F88C
:10E39000003B0B79023BDBB2012B15D90020704703
:10E3A00000EB4310D0F8003923F40013C0F8003913
:10E3B0000B79023BDBB2012BF0D8D0F8003943F0E7
:10E3C0008053C0F80039E9E7D0F8003B43F08053B0
:10E3D000C0F8003BE2E7D0F8003823F4FE63C0F851
:10E3E0000038D0F80038090101F4FE611943C0F883
:10E3F000001800207047D0F8003E23F00303C0F857
:10E40000003ED0F8043823F00203C0F8043800209E
:10E410007047D0F8003E23F00303C0F8003ED0F868
:10E42000043843F00203C0F8043800207047426902
:10E43000806910407047D0F8183800F50060C06956
:10E440001840000C7047D0F8183800F50060C0691B
:10E45000184080B2704700EB4111D1F8082B00F54D
:10E46000006040691040704710B4D0F81048D0F8F0
:10E47000343801F00F02D340DB01DBB2234300EB61
:10E48000411000F51060806818405DF8044B70473B
:10E49000406900F00100704738B50546C36823F0B5
:10E4A000C043C360012913D019BBC36843F0804344
:10E4B000C36000240A20F6F7E5FA0A342846FFF77D
:10E4C000E7FF08B1C72CF5D9C82C14D0002038BDFF
:10E4D000C36843F00053C36000240A20F6F7D2FA61
:10E4E0000A342846FFF7D4FF0128EDD0C72CF4D911
:10E4F000EAE70120EBE70120E9E70000D0F8002976
:10E50000054B1340C0F80039D0F8043843F4807349
:10E51000C0F804380020704700F8FFFF10B4046C06
:10E52000154B9C4203D9D0F8003B002B16DB00248E
:10E53000C0F8104BD0F8104B44F40024C0F8104B36
:10E54000D0F8104B44F01804C0F8104BD0F8104B22
:10E5500044F0C044C0F8104B012903D000205DF8FE
:10E56000044B7047C0F8142BD0F8003B43F08023D5
:10E57000C0F8003BF2E700BF0A30544F08B503492A
:10E58000034802F075F9034B187008BD281B0024DE
:10E59000A8DF01082C1B00240020704708B5134693
:10E5A0000A4601460248FDF797F800B1012008BD70
:10E5B0000C15002408B513460A4601460248FDF72B
:10E5C000FBF800B1012008BD0C15002408B5034874
:10E5D000FDF772FC043818BF012008BD0C1500249B
:10E5E00008B501460148FDF7A9FB08BD0C1500243C
:10E5F00008B500F01BFA08BD08B500F021FA08BD07
:10E6000082B001238DF807309DF8070002B07047F3
:10E6100038B5FFF7F5FF012802D00225284638BD9E
:10E6200004460748FDF759FC05460028F6D14FF48B
:10E6300080410348FDF794FB0028EFD02546EDE725
:10E640000C15002408B5074B01221A70FFF7BEFF16
:10E6500020B9044A137803F0FE031370014B1878B5
:10E6600008BD00BF1C00002410B584B00446184B40
:10E6700001221A7002F035F918B9154B187804B058
:10E6800010BDFFF7C5FF88B1114B1B78DBB2012B22
:10E69000F3D0104B1B687BB10E4B1B68002BECD1E9
:10E6A0000B4A137843F001031370E6E72046FFF7A7
:10E6B000C9FF074B1870E7E7074B6C460FCB84E8A0
:10E6C0000F000021204602F0E7F9024B1860E3E753
:10E6D0001C000024301B002444BD010808B5FFF7CE
:10E6E000B1FF08BD38B5054602F004F9044602F052
:10E6F00001F9001BA84205D2FFF768FF0028F6D1F8
:10E70000002001E04FF0FF3038BD00002DE9F04758
:10E7100088B00D4691461F464FF0000847F2305032
:10E72000FFF7E0FF4045C0F297802C4615F0030F3D
:10E7300001D000245BE03A4649462846FFF72EFF09
:10E7400008B1012089E047F23052464B196805A80C
:10E7500002F0EAF9059B102B01D001207DE0069B19
:10E76000012B01D0012078E002F0C4F8054602F048
:10E77000C1F8431B47F22F52934219D8FFF726FFE7
:10E780000028F4D124F01F0304F01F0404EB4727F2
:10E79000002F62DDBFF34F8F334AC2F85C32203363
:10E7A000203F002FF8DCBFF34F8FBFF36F8F54E093
:10E7B000012052E0B8F1000F47D12C48BFF34F8F32
:10E7C0004FF40072284BC3F85C022030203A002A34
:10E7D000F8DCBFF34F8FBFF36F8F4FF40072234904
:10E7E0002846F2F74BFB05F500750134B146A24609
:10E7F000BC422AD209F10106012249461B48FFF713
:10E80000CDFE804608BBE94647F23052154B1968E9
:10E81000484602F089F999E8070008AB03E90700C8
:10E820001028CAD10129C8D102F064F8814602F04B
:10E8300061F8A0EB090047F22F539842BAD8FFF7CE
:10E84000C5FE80460028F2D1B4E7BA4508BFB8F14A
:10E85000000F05D0012000E0012008B0BDE8F087DE
:10E860000020FAE7301B002400ED00E0401B0024EC
:10E870002DE9F04788B00D4614461F4647F2305048
:10E88000FFF730FF0028C0F2968015F0030F40F02C
:10E89000948025F01F0205F01F0303EB4723002B94
:10E8A0000CDDBFF34F8F4849C1F868222032203B6E
:10E8B000002BF8DCBFF34F8FBFF36F8F3A46214632
:10E8C0002846FFF777FE88B1404ABFF34F8F4FF4D9
:10E8D00000733D49C1F85C222032203B002BF8DC5C
:10E8E000BFF34F8FBFF36F8F002626E047F2305201
:10E8F000374B196805A802F017F9059B102B01D0BA
:10E9000001205BE0069B022B01D0012056E001F0C4
:10E91000F1FF044601F0EEFF001B47F22F5398422F
:10E9200004D8FFF753FE0028F4D147E0012045E06A
:10E93000BAF1000F38D101364446B146BE4233D257
:10E94000DFF888A04FF4007229465046F2F796FA95
:10E9500005F5007504F10108012221465046FFF734
:10E9600029FE824600BB6C4647F23052184B1968AC
:10E97000204602F0D9F894E8070008AB03E9070045
:10E980001028D8D10129D6D101F0B4FF044601F0F6
:10E99000B1FF001B47F22F539842C9D8FFF716FE6C
:10E9A00082460028F3D1C3E7B94508BFBAF1000F8A
:10E9B00007D0012002E0012000E0012008B0BDE8FE
:10E9C000F0870020FAE700BF00ED00E0401B0024C4
:10E9D000301B002430B58BB0134B187810F00104B5
:10E9E0001BD1154603291CD8DFE801F002040A10E8
:10E9F0000C4613E001A8FFF7F3FD079B2B600DE029
:10EA000001A8FFF7EDFD089B2B8007E001A8FFF7A9
:10EA1000E7FD089B5B0A2B6000E0032420460BB057
:10EA200030BD0424FAE700BF1C00002408B5002212
:10EA30000221024B186802F044F808BD301B002484
:10EA400008B500220121024B186802F03AF808BD0F
:10EA5000301B002410B5D0F8D43203F1B00250F8C6
:10EA600022408CB100EB820043687BB194F8000235
:10EA7000FF280DD09B6894F8012221469847FF2378
:10EA800084F80032002010BD0320FCE70020FAE7E4
:10EA90000020F8E70A230380004870479C00002408
:10EAA000F8B506460F4F8221384600F041FC054676
:10EAB0000121384600F03CFC04468121384600F034
:10EAC00037FC0DB11022AA711CB140222271002224
:10EAD000627118B1402202710022427143233380D7
:10EAE0000048F8BD58000024F8B506460F4F8221B3
:10EAF000384600F01DFC05460121384600F018FCA0
:10EB000004468121384600F013FC0DB11022AA7191
:10EB10001CB1402222710022627118B140220271A0
:10EB200000224271432333800048F8BD580000247E
:10EB3000F8B506460F4F8221384600F0F9FB05462E
:10EB40000121384600F0F4FB04468121384600F0EC
:10EB5000EFFB0DB11022AA711CB10022227102221A
:10EB6000627118B100220271022242714323338084
:10EB70000048F8BD5800002438B5D0F8D432B0337E
:10EB800050F8235095B1044604F07AFFC5F80C0202
:10EB9000D4F8D432B03304EB83046368DB6805F542
:10EBA0000371D5F804029847002038BD0320FCE724
:10EBB00038B5D0F8C852D0F8D432B03350F823402A
:10EBC00084B301F00F0303EB830200EB820292692E
:10EBD0004AB103EBC30C05EB8C05ED69B2FBF5FC08
:10EBE00005FB1C2292B10023C4F81432D0F8D432B1
:10EBF000B03300EB830043681B69ABB10A4604F5F0
:10EC00000471D4F808029847002038BD03EB830351
:10EC100000EB830300249C612346224604F078FF26
:10EC20002046F2E70320F0E70020EEE7F0B583B0DE
:10EC3000D0F8D43203F1B00250F8227000228DF8DF
:10EC40000720ADF80420002F7BD004460D4609783C
:10EC500011F0600634D0202E6CD1EA882AB311F06E
:10EC6000800F07D16B7887F80032EA883F2A13D8E3
:10EC7000D2B212E0B03300EB83035B689B68394685
:10EC800068789847EA88072A28BF0722394620462D
:10EC900000F017FF002651E0402287F80122394694
:10ECA000204600F023FF002648E0B03300EB830449
:10ECB00063689B68002229466878984700263DE0F3
:10ECC0006F780B2F31D8DFE807F00639303030305D
:10ECD00030303030162690F89C32DBB2032B04D053
:10ECE000294600F062FB032628E0022201A900F079
:10ECF000E8FE3E4622E090F89C32DBB2032B04D0C3
:10ED0000294600F052FB032618E001220DF107010D
:10ED100000F0D7FE12E090F89C32DBB2032B0DD04E
:10ED2000294600F042FB032608E0294600F03DFB9F
:10ED3000032603E0294600F038FB0326304603B0E3
:10ED4000F0BD0326FAE738B50446812104F0C0FE81
:10ED5000002525870121204604F0BAFEA4F8785149
:10ED60008221204604F0B4FEA4F84C50A4F84E5082
:10ED7000D4F8D43203F1B00254F822209AB1B0335F
:10ED800004EB83035B685B689847D4F8D432B033F4
:10ED900054F8230004F07EFED4F8D432B03344F8A3
:10EDA0002350C4F8BC52002038BD70B504464FF45F
:10EDB000077004F06BFE002849D005464FF4077237
:10EDC000002104F017FFD4F8D432B03344F82350B4
:10EDD000C4F8BC52237C002B41D14FF400730222B3
:10EDE0008121204604F069FE012626874FF4007336
:10EDF00002223146204604F060FEA4F87861102318
:10EE0000A4F84E30082303228221204604F055FE48
:10EE10000123A4F84C300026C5F80462D4F8D4329B
:10EE2000B03304EB83035B681B689847C5F8146232
:10EE3000C5F81862D5F8042262B3257C1DBB4FF4D7
:10EE400000730121204604F06BFE284670BDD4F803
:10EE5000D432B033002244F823200225F5E74023C2
:10EE600002228121204604F028FE01262687402325
:10EE700002223146204604F020FEA4F878611023D7
:10EE8000A4F84E30BEE740230121204604F048FE9E
:10EE90000025DAE70225D8E739B1D0F8D432B0330B
:10EEA00000EB830041600020704703207047D0F8DA
:10EEB000D432B03350F823302BB1C3F80812C3F862
:10EEC00010220020704703207047D0F8D432B033AE
:10EED00050F823301BB1C3F8041200207047032000
:10EEE000704708B5D0F8D432B03350F823209AB127
:10EEF000D2F814320BB1012008BD0123C2F814323C
:10EF0000D2F81032C362D2F81032D2F8082281212E
:10EF100004F0FEFD0020EFE70320EDE710B5D0F888
:10EF2000D432B03350F8232092B1047C44B94FF46A
:10EF30000073D2F80422012104F0F2FD204610BD36
:10EF40004023D2F80422012104F0EAFD0024F5E771
:10EF50000324F3E798B108B503460020C3F8B802CC
:10EF6000C3F8C402C3F8D00209B1C3F8B412012136
:10EF700083F89C121A70184604F036FD08BD032071
:10EF8000704710B582B00023ADF8063089B1044651
:10EF9000C0F8B812CB6A23B10DF106009847C4F847
:10EFA000D002D4F8D8320133C4F8D832002002B0ED
:10EFB00010BD0320FBE708B504F077FD08BD08B5D8
:10EFC000D0F8B83213B11B68984708BD0020FCE7A1
:10EFD00008B5D0F8B8325B68984700B908BD03207F
:10EFE000FCE738B5044600F2AA25284600F0C9F926
:10EFF0000123C4F89432B4F8B032C4F8983294F8CB
:10F00000AA1201F01F03012B0DD0022B10D02BB13F
:10F0100001F08001204604F063FD03E0294620460C
:10F0200000F096FB38BD2946204600F0CCFBF9E7FE
:10F030002946204600F009FCF4E7F8B50446012310
:10F0400080F89C320023C0F894324360C0F8A432A8
:10F0500080F8A032D0F8B832DBB15B68DBB10021B8
:10F0600098470746C8B9402300221146204604F0BD
:10F0700024FD0126A4F864614025C4F860512B46A4
:10F0800000228021204604F018FDA684256238461F
:10F09000F8BD0027E7E70027E5E70327E3E701746A
:10F0A0000020704790F89C32DBB2042B04D090F81B
:10F0B0009C32DBB280F89D32042380F89C32002021
:10F0C000704790F89C32DBB2042B01D000207047CF
:10F0D00090F89D32DBB280F89C32F7E708B590F8E3
:10F0E0009C32DBB2032B01D0002008BDD0F8B8322F
:10F0F000002BF9D0DB69002BF6D09847F4E708B570
:10F10000D0F8D432AE3350F823205AB190F89C3264
:10F11000DBB2032B01D0002008BD136A23B198474E
:10F120000020F9E70320F7E70020F5E708B5D0F85D
:10F13000D432AE3350F823205AB190F89C32DBB26F
:10F14000032B01D0002008BD536A23B1984700204B
:10F15000F9E70320F7E70020F5E70020704708B53E
:10F16000012380F89C32D0F8B83223B15B68017972
:10F17000984710B908BD0020FCE70320FAE70020FB
:10F1800070470020704738B504460D46002943D12A
:10F190001346D0F89422032A01D0084638BDD0F88F
:10F1A0005C11D0F86021914212D890F8AA3203F095
:10F1B0001F03012B17D0022B1CD0284694F89C3239
:10F1C000DBB2032B1BD0204600F0A7FC2846E5E766
:10F1D000891AC0F85C118A4228BF0A46194600F015
:10F1E00094FC2846DAE790F8AE12FFF7C8FF002833
:10F1F000E9D1E3E790F8AE12FFF7C3FFF7E700F1BC
:10F20000AE0354F823301A69002ADCD0C4F8D402C3
:10F210001B6920469847D6E701F07F01FFF7B1FF51
:10F2200090B994F89C32DBB2032BB7D100F1AE0356
:10F2300054F823309A69002AB0D0C4F8D4029B69EC
:10F24000294620469847A9E70020A7E738B5044695
:10F250000D4600294BD11346D0F89422022A07D03C
:10F2600094F8A00218B1002384F8A032284638BDD3
:10F27000C269016A8A420ED88A4218D094F89C3238
:10F28000DBB2032B27D08021204604F029FC204646
:10F2900000F04EFCE4E7521AC261194600F01EFC71
:10F2A00000231A461946204604F03AFCD8E7836941
:10F2B0009942E3D8D0F898229342DFD20022114637
:10F2C00000F00CFC0021C4F898120B460A462046B8
:10F2D00004F026FCC4E7D4F8B832DA68002AD2D0A9
:10F2E0000022C4F8D422DB6820469847CBE741F0DF
:10F2F0008001FFF746FF90B994F89C32DBB2032BF4
:10F30000B5D100F1AE0354F823305A69002AAED0CB
:10F31000C4F8D4025B69294620469847A7E7002035
:10F32000A5E703780A8813440B80037818447047D4
:10F33000428803789A4218D930B583B004460D4606
:10F34000ADF806306288BDF806309A420AD90DF150
:10F350000601FFF7E6FF4378052BF3D18378AB4234
:10F36000F0D100E0002003B030BD0020704703461C
:10F37000002002E00130C0B201331A78002AF9D12E
:10F3800070470B7803704B7843708B78CA7843EAE8
:10F39000022343800B794A7943EA022383808B79E5
:10F3A000CA7943EA0223C380704710B5044680211E
:10F3B00004F096FB0021204604F092FB10BD30B50E
:10F3C00083B004460D460023ADF806304A88130A80
:10F3D000013B0E2B00F2BC80DFE803F0153044BA8D
:10F3E000BA9EABBABABABABABABA0800D0F8B4324E
:10F3F000DB6923B10DF10601007C98470AE029463C
:10F40000FFF7D3FF18E0D0F8B4321B680DF1060106
:10F41000007C9847EA88002A00F0A380BDF80630F7
:10F42000002B00F099809A4228BF1A46ADF80620BA
:10F430000146204600F045FB03B030BD037C43B9D4
:10F44000D0F8B8329B6A0DF106009847022343704A
:10F45000E0E7D0F8B832DB6A0DF1060098470223E6
:10F460004370D7E7D2B2052A52D8DFE802F0031082
:10F470001D2A3744D0F8B4325B6823B10DF1060180
:10F48000007C9847C6E72946FFF78FFFD4E7D0F8FE
:10F49000B4329B6823B10DF10601007C9847B9E7AF
:10F4A0002946FFF782FFC7E7D0F8B432DB6823B103
:10F4B0000DF10601007C9847ACE72946FFF775FF80
:10F4C000BAE7D0F8B4321B6923B10DF10601007C14
:10F4D00098479FE72946FFF768FFADE7D0F8B432B9
:10F4E0005B6923B10DF10601007C984792E729463C
:10F4F000FFF75BFFA0E7D0F8B4329B6923B10DF1B1
:10F500000601007C984785E72946FFF74EFF93E701
:10F510002946FFF74AFF8FE7037C33B9D0F8B832AA
:10F520005B6B0DF10600984774E72946FFF73DFF36
:10F5300082E7037C43B9D0F8B8321B6B0DF10600AB
:10F5400098470723437065E72946FFF72EFF73E7C7
:10F550002946FFF72AFF6FE729462046FFF725FFD8
:10F560006AE7204600F0D9FA66E738B504468B888A
:10F57000FBB9CB88EBB94B887F2B1AD803F07F05FA
:10F5800090F89C32DBB2032B0CD080F89E522946B7
:10F5900004F0B6FA204600F0C0FA35B1022384F830
:10F5A0009C3209E0FFF701FF06E0012384F89C325A
:10F5B00002E02046FFF7F9FE38BD000070B50446B2
:10F5C0000E468D782F4B1D70012D10D890F89C326F
:10F5D000DBB2022B0FD0032B26D0FFF7E6FE294B20
:10F5E00019782046FFF7F4FC0325284670BDFFF785
:10F5F000DCFE0325F9E7A5B145602946FFF7DFFCEE
:10F60000054638B131462046FFF7CFFE022384F885
:10F610009C32EAE7204600F080FA032384F89C320B
:10F62000E3E700F07AFAE0E7CDB141688D4225D0FA
:10F63000C9B2FFF7CDFC134B197861602046FFF784
:10F64000BEFC0546B0B131462046FFF7AEFE21793B
:10F650002046FFF7BDFC022384F89C32C5E7022355
:10F6600080F89C3245602946FFF7B2FC204600F046
:10F6700054FABAE7204600F050FAB6E700F04DFA27
:10F680000025B2E7401D002408B5CB88012B0BD123
:10F6900090F89C32DBB2022B09D9032B09D101224D
:10F6A000011D00F00EFA01E0FFF77FFE08BD5BB21E
:10F6B00013B9FFF77AFEF9E70146002341F8083F46
:10F6C000012200F0FEF9F1E708B590F89C32013B09
:10F6D000022B12D8CB88022B0CD10123C360D0F8A7
:10F6E000A4320BB10323C360022200F10C0100F02D
:10F6F000E8F908BDFFF759FEFBE7FFF756FEF8E70C
:10F7000008B54B88012B04D0022B07D0FFF74DFE24
:10F7100008BDC0F8A43200F000FAF9E78B881B0A94
:10F7200080F8A03200F0F9F9F2E708B590F89C32C1
:10F73000013B022B09D84B88012B00D008BD0023C8
:10F74000C0F8A43200F0E9F9F8E7FFF72EFEF5E77C
:10F7500038B50C7804F06004202C06D0402C04D07E
:10F760006CB1FFF722FE002407E0D0F8D432AE33AC
:10F7700050F823309B6898470446204638BD4D78A2
:10F78000092D1DD8DFE805F012191C161C08051CF0
:10F790000F0BFFF714FEF0E7FFF7E7FEEDE7FFF7CB
:10F7A0000DFF0446E9E7FFF76FFFE6E7FFF78CFF81
:10F7B0002C46E2E7FFF7A4FFDFE7FFF7B6FFDCE741
:10F7C000FFF7F3FDD9E770B505460C460B7803F05B
:10F7D0006003202B07D0402B05D023B1FFF7E5FDB8
:10F7E0000026304670BD95F89C32013B022B26D88E
:10F7F0002179012905D921462846FFF7D6FD0026A3
:10F80000EFE72846FFF7BBFC68B900F1AE0255F8F8
:10F810002220916889B1C5F8D40293682146284610
:10F820009847064600E00326E388002BD9D1002E36
:10F83000D7D1284600F071F9D3E70326F4E7214633
:10F840002846FFF7B2FD0026CBE72DE9F04106463A
:10F850000D468B88DFB20C7804F06004202C08D0B1
:10F86000402C06D0DCB1FFF7A0FD00242046BDE807
:10F87000F08139463046FFF784FC0446002840F00A
:10F88000F980C6F8D40200F1AE0356F823309B6825
:10F89000002BEBD02946304698470446E6E791F81E
:10F8A0000180B8F1010F31D0B8F1030F05D0B8F1E4
:10F8B000000F66D0FFF779FDD8E790F89C32DBB2F5
:10F8C000022B04D0032B11D0FFF76FFDCEE7002FE2
:10F8D00018BF802F07D0394604F002F98021304646
:10F8E00004F0FEF8C2E7FFF760FDBFE74B882BB9D5
:10F8F000002F18BF802F01D0CB881BB1304600F0FD
:10F900000CF9B3E7394604F0EBF8F7E790F89C32CE
:10F91000DBB2022B04D0032B11D0FFF746FDA5E785
:10F92000002F18BF802F07D0394604F0D9F8802166
:10F93000304604F0D5F899E7FFF737FD96E74B8896
:10F94000002B93D117F07F0F17D1304600F0E5F868
:10F9500039463046FFF715FC002887D1C6F8D40297
:10F9600000F1AE0256F822209268002A00F084804E
:10F97000294630469047044678E7394604F0B8F8FF
:10F98000E3E790F89C22D2B2022A05D0032A28D0BD
:10F99000FFF70BFD444669E7002F18BF802F13D1F6
:10F9A00013F0800F14D107F07F0707EB8707B9002A
:10F9B00001F5A8710144043100230B600222304696
:10F9C00000F07FF8444651E7FFF7EFFC44464DE76F
:10F9D00007F07F0707EB8707B900103101440431B6
:10F9E000EAE75BB2002B20DB07F00F0202EB82029A
:10F9F00000EB8202B2F8642122B3002B26DB07F071
:10FA00007F0303EB83039C0004F5A874344404349F
:10FA1000802F18BF002F22D100232360022221460D
:10FA2000304600F04EF8444620E707F00F0202EBA4
:10FA3000820200EB8202928C002ADED1FFF7B5FC35
:10FA4000444613E7FFF7B1FC44460FE707F07F0396
:10FA500003EB83039C00103434440434D8E7394664
:10FA6000304603F0F7FF10B101232360D6E70023EF
:10FA70002360D3E70024F9E60446F7E600B370B547
:10FA80000D4616460446FFF772FC01304300B3F5FD
:10FA9000007F06D89BB233802B7003236B70022348
:10FAA0000AE04FF40073F6E7EA5401345A1CD2B26C
:10FAB0000021A9540233DBB22278002AF4D170BDB0
:10FAC000704708B513460222C0F894228361C361CF
:10FAD0000A46002104F01CF8002008BD08B51346B2
:10FAE0000A46002104F014F8002008BD08B51346AA
:10FAF0000322C0F89422C0F85831C0F85C310A469D
:10FB0000002104F00DF8002008BD08B513460A4690
:10FB1000002104F005F8002008BD08B50422C0F853
:10FB2000942200231A46194603F0F2FF002008BD74
:10FB300008B50522C0F8942200231A46194603F09E
:10FB4000EFFF002008BD000008B5044B03EB800266
:10FB5000526852680344187B904708BD501D00242A
:10FB6000094B1B5C73B910B50446074B03EB8002CD
:10FB7000526812680344187B904710B9024B012267
:10FB80001A5510BD00207047501D002438B5044C94
:10FB900004EB80056D68AD680444207BA84738BD40
:10FBA000501D002438B5044C04EB80056D68ED68E9
:10FBB0000444207BA84738BD501D002410B5044BD9
:10FBC00003EB8004646824690344187BA04710BDDC
:10FBD000501D00244278007840EA02207047C27825
:10FBE000837843EA0222437843EA0223007840EA1A
:10FBF000032070470170090A417070470170C1F31A
:10FC000007234370C1F307438370090EC170704727
:10FC1000944632B10A78013102700130BCF1010C16
:10FC2000F8D1704701700130013AFBD170470146AD
:10FC3000006808B1024603E04FF0FF307047013220
:10FC400013783A2B18BF202BF9D83A2B01D000207B
:10FC50007047034613F8010B3038092898BF9A42C1
:10FC600007D1012802D94FF0FF30704701320A60F6
:10FC700070474FF0FF30704730B108B5006900F0B1
:10FC800011FE00B1012008BD002070472DE9F041B0
:10FC9000C57815B92846BDE8F0810446476B00F1E8
:10FCA000380801233A4641464078FFF77BFF054676
:10FCB000A0B90023E370A36AFB1A226A9342E9D237
:10FCC000A67808E0236A1F4401233A46414660783B
:10FCD000FFF768FF013E012EF4D8DBE70125D9E7E5
:10FCE00070B5436B8B4202D10026304670BD04468E
:10FCF0000D46FFF7CBFF06460028F6D101232A4622
:10FD000004F138016078FFF741FF10B101264FF090
:10FD1000FF356563E9E7000038B504460023C3708A
:10FD20004FF0FF334363FFF7DBFF30BB054604F2C0
:10FD30003620FFF74FFF4AF6552398421FD194F81B
:10FD40003830E92B07D0A36B03F0FF130D4A934221
:10FD500001D0022514E004F16E00FFF740FF20F00F
:10FD60007F40094B98420BD004F18A00FFF737FF20
:10FD7000064B984204D0022502E0042500E003254A
:10FD8000284638BDEB0090004641540046415433AC
:10FD90002DE9F04F87B00D46164600230B60FFF7A4
:10FDA00046FF071EC0F26A81BF4B53F82740002C64
:10FDB00000F066812046FFF75FFF002800F06581B4
:10FDC0002C6006F0FE06237873B16078FFF7BCFE66
:10FDD00010F0010508D1002E00F0538110F0040F3F
:10FDE00000F04F810A254CE100232370F8B26070C7
:10FDF000FFF7B6FE10F0010F40F049811EB110F080
:10FE0000040F40F0468104F10C0202216078FFF7F4
:10FE1000D5FE0546002840F03E81A289A2F5007378
:10FE20009BB2B3F5007F00F23881531E1A4201D015
:10FE3000012526E100212046FFF76EFF022800F091
:10FE4000BF800026042800F02A81012800F22981C1
:10FE500004F14300FFF7BEFEB4F80C80404540F0CB
:10FE60002B8104F14E00FFF7B5FE074620B904F1DF
:10FE70005C00FFF7B4FE0746276294F84820A270A2
:10FE8000531EDBB2012B00F2198107FB02F3009332
:10FE900094F84590A4F80A90B9F1000F00F0108191
:10FEA00009F1FF3319EA030F40F00C8104F1490016
:10FEB000FFF790FE824620814FEA581BB0FBFBF310
:10FEC0000BFB13039BB2002B40F0FE8004F14B00B0
:10FED000FFF780FE019020B904F15800FFF77FFE84
:10FEE000019004F14600FFF775FE0146002800F07E
:10FEF000ED80009BC318BAFBFBFB5B44019A9A425E
:10FF0000C0F0E680D21AB2FBF9F04A45C0F0E280B8
:10FF10004FF6F57290426BD94FF0030B40F6F57235
:10FF2000904201D84FF0010B00F10209C4F81C9077
:10FF300066628A19A26233442363BBF1030F5AD06D
:10FF4000BAF1000F00F0CC80009B1A44E262BBF1D2
:10FF5000020F61D009EB490309F0010909EB5309CC
:10FF6000C14409F1FF33B3FBF8F8B84500F2BA8099
:10FF70004FF0FF33A361636180232371BBF1030F53
:10FF80004DD084F800B0494A138801339BB21380E6
:10FF9000E38076E0002006AB03EB860343F8100C09
:10FFA0000136032E0ED804F13800330103F5DF7358
:10FFB00018440379002BEDD00830FFF710FEEAE774
:10FFC0000026EEE700270AE031462046FFF7A4FEB0
:10FFD00001287FF637AF0137032F3FF633AF06AB6B
:10FFE00003EB870353F8106C002EEDD10320F2E7EA
:10FFF0004FF0020B92E704F16200FFF7EBFD0028DF
:020000040801F1
:100000006AD1BAF1000F69D104F16400FFF7E7FD8E
:10001000E0624FEA8909A3E74FEA4909A0E704F142
:100020006800FFF7D7FD0128ABD1711C2046FFF710
:1000300057FE0028A5D10023237104F23620FFF7D4
:10004000C9FD4AF6552398429BD104F13800FFF7C9
:10005000C6FD174B984294D104F50770FFF7BFFD1A
:10006000144B98428DD104F50870FFF7B8FDA061DC
:1000700004F50970FFF7B3FD606182E70B2500E02E
:100080000C25284607B0BDE8F08F0F25F9E70325BA
:10009000F7E70A25F5E70125F3E70125F1E7012553
:1000A000EFE70D25EDE700BF441D00244C1D0024A3
:1000B00052526141727241610D25E2E70D25E0E780
:1000C0000D25DEE70D25DCE70D25DAE70D25D8E760
:1000D0000D25D6E70D25D4E70D25D2E70D25D0E770
:1000E0000D25CEE70D25CCE7002818BF0C290CD034
:1000F00008B5B1F10F0218BF01220B2900D002B9D7
:1001000008BD006900F0D8FBFAE7704770B584B00D
:10011000019000911646039103A8FFF788FD041E85
:100120002DDB1A4B53F824502DB1286900F0B5FB94
:1001300038B300232B70019B3BB100221A70019948
:100140001031E0B200F099FBE8B1019B0F4A42F890
:100150002430721E18BF0122002B08BF42F001029A
:100160001AB10024204604B070BD01A96846FFF70B
:100170000FFE044601460198FFF7B6FFF2E70B2495
:10018000F0E70224EEE70224ECE700BF441D002460
:100190002DE9F04F8DB00790884615461E4607A8FA
:1001A000FFF745FD0028C0F2F982A74B53F8203035
:1001B0000BB100221A70C4B22046FFF7D1FC10F038
:1001C000010F40F0ED8210F0040F40F0EB820AAA1C
:1001D00003212046FFF7F2FC38B90A9B2BB1B3F597
:1001E000004F02D85A1E134201D001230A930DF189
:1001F0002E0202212046FFF7E1FC002840F0D682C3
:10020000BDF82E70A7F500739BB2B3F5007F00F226
:10021000CF827B1E1F4240F0CD8215B1AF4200F26B
:10022000CB82B5F1807F00F2C9826B1E2B40019317
:1002300040F0C682B5FBF7F5169BB3FBF7F909FB57
:1002400007F7002F00F0BE8209AA01212046FFF720
:10025000B5FC002840F0B88218F0080202927AD06B
:10026000019B0093099A009B9A42C0F0AF82D21A78
:1002700009927F2A40F2AC82802D00F2AB8218F006
:10028000020106D008F00703022B67D018F0010F17
:100290006AD018F0010F00F09F824FF0020B039418
:1002A000CDF81090BBF1030F68D0002D00F08F80C7
:1002B000AA46B2FBFAF340F6F570834240F298800A
:1002C00003F102084FEA4808BDF82E30984408F1BF
:1002D000FF38B8FBF3F84FF4804CBCFBF3FC4FF055
:1002E000010E009B0EEB030908EB090363440A9C13
:1002F000E018013864420440E41ABBF1030F00F037
:100300008280A04403EB0A1300981B1A9A42C0F0A3
:100310007382A2EB0E03A3EB0803A3EB0C03B3FB66
:10032000FAF3BBF1030F71D0BBF1020F40F09680DE
:100330004FF6F570834278D91DB94FEA4A03402B36
:1003400018D9C9B9002D40F05B824FEA4A05802DCB
:10035000A8D90E2027E23F23009383E74FF0030B39
:100360000394CDF810909DE74FF0030B0394CDF864
:10037000109097E71D4695E74FF0030BBDB1AA46D5
:10038000B2FBFAF303F10208BDF82E0000EB880877
:1003900008F1FF38B8FBF0F82C4818442C4B984271
:1003A00000F22882DDF804C04FF0200E99E7540CCB
:1003B00028464FF0010A02E001304FEA4A0A254B75
:1003C00033F81030002BDBD0A342F5D9D8E7140B5B
:1003D00028464FF0010A02E001304FEA4A0A1E4B5C
:1003E00033F81030002B3FF464AFA342F4D960E738
:1003F00003EB430303F101084FEA580808F103082F
:100400004FF0010B60E7A644A1447BE74FF6F5707F
:10041000834289D8002D40F0F1814FEA5A05BAF1A4
:10042000010F3FF63FAF0E20BDE140F6F57083426D
:1004300014D8002D40F0E6814FEA4A05802D7FF662
:1004400031AF0E20AFE100BF441D00240A00FFFFC2
:10045000FFFFFE0F00E00108F0DF0108CDF818C033
:100460007546CDF81490039CDDF81090049340F687
:10047000F5721946BBF1010F14BF0023012391420D
:1004800098BF0023002B40F0BF81BDF82E20002133
:100490003046FFF7C7FB0B22D0493046FFF7B8FBC9
:1004A000BDF82E1006F10B00FFF7A4FB86F80DA097
:1004B000A9B206F10E00FFF79DFB0123337406F18C
:1004C0001100BBF1030F7DD04FF40071FFF792FBD9
:1004D0000999B1F5803F77D289B206F11300FFF791
:1004E00089FBF82373753F2106F11800FFF782FBA3
:1004F000FF2106F11A00FFF77DFB009906F11C00B1
:10050000FFF77CFBBBF1030F63D0FEF745F8014614
:1005100006F12700FFF772FB1FFA88F106F11600BB
:10052000FFF768FB802386F82430292386F82630DD
:100530001322AB4906F12B00FFF76AFB06F5FF73A8
:1005400003934AF655211846FFF754FB0123009AFE
:1005500031462046FFF726FB002840F05781BBF1CB
:10056000030F5ED03A4600213046FFF75BFB019B4C
:10057000002B00F08980BBF1030F00F0C080069FC4
:10058000DDF814803D464F4528BF4D462B46424678
:1005900031462046FFF706FB002840F03B81A84487
:1005A0007F1BEFD1BBF1030F00F0B080099BB3F5C7
:1005B000803F80F0F080BBF1020F00F0A4804FF08C
:1005C0000108A5E0002181E706F12000FFF716FBF6
:1005D00087E7FDF7E1FF014606F14300FFF70EFB59
:1005E000414606F12400FFF709FB022106F12C0029
:1005F000FFF704FB012106F13000FFF7FBFA0621AB
:1006000006F13200FFF7F6FA802386F840302923FE
:1006100086F842301322734906F14700FFF7F8FAD3
:100620008CE70123009DAA1D31462046FFF7BAFA48
:10063000BDF82E2000213046FFF7F4FA6A49304613
:10064000FFF7DCFA694906F5F270FFF7D7FA049B69
:10065000591E06F5F470FFF7D1FA022106F5F6707F
:10066000FFF7CCFA4AF655210398FFF7C3FA0123A6
:10067000EA1D31462046FFF795FA0123EA18314674
:100680002046FFF78FFA6DE7BBF1030F24D0BBF1D3
:10069000010F32D06FF007013046FFF7AFFA454641
:1006A0002F464D4528BF4F463B46059A31462046CA
:1006B000FFF778FA002840F0AB80BDF82E2000212B
:1006C0003046FFF7AFFA059B3B440593ED1BE7D19E
:1006D000019B013301934AE76FF007013046FFF7B2
:1006E0008DFA4FF0FF31301DFFF788FA6FF070413F
:1006F00006F10800FFF782FAD1E73D49CCE75746FB
:10070000DDF814803EE74FF0040801E04FF00C08DC
:10071000029BC3BBBDF82E2000213046FFF782FAB2
:100720004AF655210398FFF765FA002586F8BE5171
:10073000012786F8BF7186F8C07186F8C15186F826
:10074000C281099B00990B4443F6C162B3FBF2F3EB
:10075000FE2286F8C3219A0842F03F0286F8C4219F
:1007600086F8C53106F5E370FFF748FA099906F5F2
:10077000E570FFF743FA3B462A4631462046FFF72D
:1007800011FA002848D1002211462046FFF716FA38
:1007900048B1012007E04FF00608B9E70B2002E05E
:1007A000032000E00A200DB0BDE8F08F0120FAE739
:1007B0000120F8E70120F6E71320F4E71320F2E721
:1007C0001320F0E70E20EEE70120ECE70E20EAE729
:1007D0000E20E8E71320E6E71320E4E7BCDF01087A
:1007E000DCDF0108C8DF01085252614172724161C9
:1007F000F8FFFF000E20D6E70E20D4E70E20D2E748
:100800000E20D0E70E20CEE70E20CCE70120CAE76D
:100810000120C8E70120C6E70120C4E7134B9B7BFA
:10082000DBB2012B01D90120704710B404460F4BF5
:1008300093F80EC05FFA8CFC002003F80C0093F8CC
:100840000EC003EB8C0CCCF804409C7B1C44227340
:100850009A7B541CE4B29C7330320A703A234B707A
:100860002F238B70C8705DF8044B7047501D002417
:1008700008B50022FFF7D2FF08BD10B582B00C46C4
:100880000023009301930121684600F079F820606D
:10089000003818BF012002B010BD08B500F0F0F814
:1008A000012008BD08B54FF47A7100F08DF808B149
:1008B000002008BD0120FCE708B500F0B4F808BD31
:1008C000842801D00330704700207047EFF3058083
:1008D000003818BF0120704708B501F0CDFB00209B
:1008E00008BD08B501F068FE012801D0012008BD4F
:1008F0000020FCE708B5FFF7E9FF10B101F00EFC9E
:1009000008BD01F005FCFBE72DE9F04387B0044684
:100910000F464569BDB18669AEB1D0F80480D0F804
:100920000090B0F90800FFF7CBFF02960195009008
:100930003B4622694946404601F02CFB059005984C
:1009400007B0BDE8F08365682668D4F81080B4F974
:100950000800FFF7B5FF05AB019300903B461FFA77
:1009600088F23146284601F052FB0128E7D00020EA
:10097000E6E708B500B9012001F0E0FC002008BD61
:1009800010B582B044687CB1012903D00024204610
:1009900002B010BD0323009323460022114601201C
:1009A00000F029FD0446F2E70129F0D103220021DD
:1009B000012000F073FD04460028E8D000231A4609
:1009C000194600F08FFDE2E770B582B00023019375
:1009D00018B30C460646FFF779FF0546A0B101AAF9
:1009E0000021304601F084F8012818D1019D8DB115
:1009F0004FF0E0234FF08052C3F8042DBFF34F8F28
:100A0000BFF36F8F002505E02146304600F09DFFC3
:100A1000012806D1284602B070BD8025FAE7FF25DF
:100A2000F8E7FF25F6E710B582B0044600230193EE
:100A3000FFF74CFF98B101A9204600F07EFE012887
:100A40001AD1019BD3B14FF0E0234FF08052C3F88D
:100A5000042DBFF34F8FBFF36F8F002008E00023FA
:100A60001A461946204600F03DFD012802D0FF201D
:100A700002B010BD0020FBE7FF20F9E70020F7E7F8
:100A800010B50446FFF722FF20B9204601F09AF87E
:100A9000002010BD8220FCE700B583B0826842B11F
:100AA000C36833B1002100914168006800F0A3FCE5
:100AB00004E000224168006800F0F0FC03B05DF83B
:100AC00004FB30B585B0044601910023039315461D
:100AD00002B90125FFF7FAFEA8B1002303AA01A974
:100AE000204600F0C3FD012818D1039BC3B14FF08D
:100AF000E0234FF08052C3F8042DBFF34F8FBFF3B4
:100B00006F8F002008E000232A4601A9204600F04C
:100B1000E9FC012806D1002005B030BDFF20FBE72D
:100B20000020F9E7FF20F7E770B584B00446029192
:100B300000230193E1B10D46164600230393FFF70E
:100B4000C5FE00B303AA01A9284600F0D1FF012881
:100B500016D000230093039BFBB14FF0E0234FF02E
:100B60008052C3F8042DBFF34F8FBFF36F8F14E093
:100B7000802300936B4693E8070084E8070011E0A8
:100B800010230093E7E7324601A9284600F02EFE25
:100B900001280AD006B1402600966B4693E807006C
:100BA00084E80700204604B070BD10230093F4E7EA
:100BB00000F1080343604FF0FF328260C3600361BD
:100BC00000230360704700230361704743684B6054
:100BD0009A688A6051609960086103680133036014
:100BE000704730B40D68B5F1FF3F11D000F1080334
:100BF0001C465B681A68AA42FAD963684B60996020
:100C00008C606160086103680133036030BC704729
:100C10000469F2E70369416882688A60416851604B
:100C20005A68824206D0002202611A68013A1A60AC
:100C30001868704782685A60F5E7000082B00023A8
:100C400001930D4B1B68B3F1FF3F08D04FF05003E9
:100C500083F31188BFF36F8FBFF34F8FFEE74FF021
:100C6000500383F31188BFF36F8FBFF34F8F019B46
:100C7000002BFCD002B07047A80000240848006890
:100C8000006880F308884FF0000080F3148862B693
:100C900061B6BFF34F8FBFF36F8F00DF00BF00005F
:100CA00008ED00E0DFF80C00016841F4700101601C
:100CB0007047000088ED00E04FF0807340F8043C7E
:100CC00021F0010140F8081C054B40F80C3C40F8AD
:100CD000202C6FF0020340F8243C4438704700BFDA
:100CE0003D0C0108000000000000000000000000B2
:100CF000074B19680868B0E8F04F80F30988BFF324
:100D00006F8F4FF0000080F311887047AFF30080C1
:100D1000089400244FF0500383F31188BFF36F8FC2
:100D2000BFF34F8F0B4A136801331360012B00D0C0
:100D300070474FF0E023D3F8043D13F0FF0FF7D0D6
:100D40004FF0500383F31188BFF36F8FBFF34F8FC2
:100D5000FEE700BFA8000024094B1B6843B94FF011
:100D6000500383F31188BFF36F8FBFF34F8FFEE7FC
:100D7000013B034A13600BB983F31188704700BF2E
:100D8000A800002400000000000000000000000097
:100D9000EFF30980BFF36F8F154B1A681EF0100F29
:100DA00008BF20ED108A20E9F04F10602DE90900FE
:100DB0004FF0500080F31188BFF34F8FBFF36F8F58
:100DC00001F0E2FA4FF0000080F3118809BC1968C5
:100DD0000868B0E8F04F1EF0100F08BFB0EC108AA2
:100DE00080F30988BFF36F8F704700BFAFF30080B7
:100DF0000894002408B54FF0500383F31188BFF323
:100E00006F8FBFF34F8F01F091F928B14FF0E023BE
:100E10004FF08052C3F8042D002383F3118808BDDE
:100E20004FF0E022002313619361054B1B680549D5
:100E3000A1FB03139B09013B536107231361704717
:100E40000C000024D34D62104FF0E023D3F8002DA6
:100E50003D4B9A421CD04FF0E023D3F8002D3B4B82
:100E60009A421ED030B583B0394B1A78D2B2019273
:100E7000FF221A701B78DBB28DF803309DF8033027
:100E800003F05003334A1370334B07221A601BE000
:100E90004FF0500383F31188BFF36F8FBFF34F8F71
:100EA000FEE74FF0500383F31188BFF36F8FBFF35A
:100EB0004F8FFEE7284A1368013B13609DF803300B
:100EC0005B00DBB28DF803309DF8033013F0800F28
:100ED000F0D1214B1B68032B08D04FF0500383F354
:100EE0001188BFF36F8FBFF34F8FFEE71B021A4AC3
:100EF000136003F4E0631360019BDBB2144A1370C8
:100F00004FF0E024D4F8203D43F47003C4F8203DB2
:100F1000D4F8203D43F07043C4F8203DFFF780FF34
:100F200000250E4B1D60FFF7BDFED4F8343F43F0A3
:100F30004043C4F8343FFFF7A1FE01F025FAFFF764
:100F40007DFE284603B030BD71C20F4170C20F4113
:100F500000E400E0601D0024641D0024A8000024BB
:100F6000EFF305830F2B0FD9114A9B5CDBB2114ABB
:100F700012789A4208D94FF0500383F31188BFF3D7
:100F80006F8FBFF34F8FFEE74FF0E023D3F80C3D98
:100F900003F4E063084A1268934208D94FF0500303
:100FA00083F31188BFF36F8FBFF34F8FFEE7704756
:100FB000F0E300E0601D0024641D0024134A12F0D9
:100FC000070F1FD0D11D21F0070147F23E635B1AC6
:100FD00013440A460E480260002141601344083B56
:100FE00023F007030B48036059601960991A516098
:100FF0001360094B1960094B1960094B4FF000420F
:101000001A60704747F23E63E4E700BF6C1D00249E
:10101000C0930024681D0024B4930024B0930024DE
:10102000AC930024164B1A461B688342FBD35168CD
:1010300002EB010C844509D0416800EB010C6345CB
:1010400009D00360904219D0106070474068014495
:1010500051601046F0E710B40A4C2468A3420BD04C
:101060005B681944416013681B680360904200D0BC
:1010700010605DF8044B70470460F7E7704700BFED
:10108000C0930024681D002470B5054601F038F8AF
:10109000364B1B68A3B1364B1B681D424ED135B190
:1010A000083515F0070F02D025F007050835002D8B
:1010B00046D0304B1B68AB4251D32F4A146804E032
:1010C000FFF77CFFE7E722461C466368AB4202D28B
:1010D0002368002BF7D1254B1B68A34241D016682B
:1010E00008362368136063685B1B102B10D96019E6
:1010F00010F0070F08D04FF0500383F31188BFF3AF
:101100006F8FBFF34F8FFEE743606560FFF78AFF85
:10111000626818490B689B1A0B60184909688B4272
:1011200001D216490B60124B1B6813436360002306
:101130002360134A13680133136002E0002600E0C5
:10114000002601F07FF816F0070F0CD04FF0500387
:1011500083F31188BFF36F8FBFF34F8FFEE7002635
:10116000EFE70026EDE7304670BD00BF681D0024A4
:10117000AC930024B0930024C0930024B4930024C3
:10118000B8930024002834D038B50446A0F10805EF
:1011900050F8043C174A1268134208D14FF050032C
:1011A00083F31188BFF36F8FBFF34F8FFEE750F8C3
:1011B000081C41B14FF0500383F31188BFF36F8FC8
:1011C000BFF34F8FFEE723EA020340F8043C00F030
:1011D00097FF54F8041C084A13680B441360284610
:1011E000FFF720FF054A13680133136001F02AF866
:1011F00038BD7047AC930024B0930024BC93002406
:101200000346406A18B11B6B1868C0F107007047AD
:1012100010B50446FFF77EFDA26BE36B9A4204D043
:101220000024FFF799FD204610BD0124F9E710B511
:101230000446FFF76FFDA36B23B90124FFF78CFD74
:10124000204610BD0024F9E770B504461546866BAC
:10125000026C5AB903681BB100200136A66370BD49
:10126000806801F00FFA0023A360F6E76DB94068CB
:10127000EFF704FE226C636813446360A268934234
:1012800019D3236863602846E7E7C068EFF7F6FDE7
:10129000226C5142E3689B1AE3602268934202D2B7
:1012A000A3680B44E360022D01D00020D5E726B1EE
:1012B000013E0020D1E72846CFE70020CDE70346D6
:1012C000026C6AB110B50846D9681144D9609C68AF
:1012D000A14201D31968D960D968EFF7CFFD10BDDD
:1012E000704738B50546FFF715FD95F8454064B2DF
:1012F00001E0013C64B2002C0ADD6B6A43B105F1E8
:10130000240001F0BFF80028F3D001F04FF9F0E716
:10131000FF2385F84530FFF71FFDFFF7FBFC95F82D
:10132000444064B201E0013C64B2002C0ADD2B6948
:1013300043B105F1100001F0A5F80028F3D001F049
:1013400035F9F0E7FF2385F84430FFF705FD38BD98
:1013500038B5E0B10D460446FFF7DCFC2368E26BCC
:10136000216C01FB0230A0600020A0636360013AA1
:1013700002FB0133E360FF2384F8443084F84530F6
:10138000FDB9236963B9FFF7E7FC012038BD4FF0D1
:10139000500383F31188BFF36F8FBFF34F8FFEE7C6
:1013A00004F1100001F06EF80028ECD04FF0E023BB
:1013B0004FF08052C3F8042DBFF34F8FBFF36F8FF0
:1013C000E1E704F11000FFF7F3FB04F12400FFF75D
:1013D000EFFBD8E738B51D46049C0B4649B924609D
:1013E000E063236401212046FFF7B2FF84F84C50EC
:1013F00038BD2260F4E740B94FF0500383F3118801
:10140000BFF36F8FBFF34F8FFEE710B584B01C465C
:1014100083B10B1E18BF0123002A08BF43F001034C
:101420008BB94FF0500383F31188BFF36F8FBFF375
:101430004F8FFEE74FF0500383F31188BFF36F8F98
:10144000BFF34F8FFEE7B1FA81F35B09002A18BFA3
:1014500043F0010343B94FF0500383F31188BFF306
:101460006F8FBFF34F8FFEE750230393039B502BE7
:1014700008D04FF0500383F31188BFF36F8FBFF391
:101480004F8FFEE7039B012384F8463000949DF8BC
:101490001830FFF79FFF204604B010BD40B94FF051
:1014A000500383F31188BFF36F8FBFF34F8FFEE7B5
:1014B000F0B583B00D461446064601FB00F05030EF
:1014C000FFF7E2FD074650B1002380F84630009058
:1014D000234600F1500229463046FFF77BFF38468D
:1014E00003B0F0BDF0B585B0019288B10F461D463E
:1014F0000446B1B1022D20D1E36B012B1DD04FF07A
:10150000500383F31188BFF36F8FBFF34F8FFEE754
:101510004FF0500383F31188BFF36F8FBFF34F8FEA
:10152000FEE7036C002BE5D04FF0500383F31188E6
:10153000BFF36F8FBFF34F8FFEE701F03DF8064614
:1015400058B9019B002B48D04FF0500383F311880A
:10155000BFF36F8FBFF34F8FFEE700263DE02A46B3
:1015600039462046FFF770FE636A7BB948B14FF0F9
:10157000E0234FF08052C3F8042DBFF34F8FBFF329
:101580006F8FFFF7E9FB012005B0F0BD04F12400E7
:1015900000F078FF0028F4D04FF0E0234FF08052A5
:1015A000C3F8042DBFF34F8FBFF36F8FE9E7FFF749
:1015B000D3FB0020E8E702A800F0AAFF012619E00B
:1015C000002384F8443021E0002384F8453023E0F0
:1015D0002046FFF786FE00F035FEFFF79BFBA26B6F
:1015E000E36B9A42BBD3022DB9D0019B002BDED016
:1015F000002EE0D0FFF7B0FB00F082FDFFF78AFB82
:1016000094F8442052B2B2F1FF3FD9D094F845206B
:1016100052B2B2F1FF3FD7D0FFF79EFB01A902A85B
:1016200000F082FFD8B92046FFF7F2FD0028CFD0A6
:10163000019904F1100000F00DFF2046FFF751FE64
:1016400000F000FE0028C8D14FF0E0234FF0805298
:10165000C3F8042DBFF34F8FBFF36F8FBDE7204654
:10166000FFF73FFE00F0EEFD00208DE72DE9F84387
:1016700090B10F4616461C460546B1B1022C20D14A
:10168000EB6B012B1DD04FF0500383F31188BFF398
:101690006F8FBFF34F8FFEE74FF0500383F3118836
:1016A000BFF36F8FBFF34F8FFEE7036C002BE5D0C6
:1016B0004FF0500383F31188BFF36F8FBFF34F8F49
:1016C000FEE7FFF74DFCEFF311894FF0500383F372
:1016D0001188BFF36F8FBFF34F8FAA6BEB6B9A42EA
:1016E00006D3022C04D0002089F31188BDE8F883CA
:1016F00095F845804FFA88F8AB6B22463946284664
:10170000FFF7A2FDB8F1FF3F06D008F101035BB27D
:1017100085F845300120E7E76B6A0BB90120E3E764
:1017200005F1240000F0AEFE18B126B101203060B2
:10173000DAE70120D8E70120D6E768B170B50C469A
:101740000546036C8BB14FF0500383F31188BFF350
:101750006F8FBFF34F8FFEE74FF0500383F3118875
:10176000BFF36F8FBFF34F8FFEE70368EBB1FFF757
:10177000F7FBEFF311864FF0500383F31188BFF3AB
:101780006F8FBFF34F8FAA6BEB6B934226D995F8FF
:1017900045305BB20132AA63B3F1FF3F11D0013390
:1017A0005BB285F84530012019E08368002BDED05C
:1017B0004FF0500383F31188BFF36F8FBFF34F8F48
:1017C000FEE76B6A0BB9012009E005F1240000F087
:1017D00059FE38B144B10120206000E0002086F3BA
:1017E000118870BD0120FAE70120F8E7F0B585B057
:1017F000019290B10F460446C1B100F0DDFE0646ED
:1018000000BB019B002B5ED04FF0500383F3118887
:10181000BFF36F8FBFF34F8FFEE74FF0500383F39B
:101820001188BFF36F8FBFF34F8FFEE7036C002B60
:10183000E3D04FF0500383F31188BFF36F8FBFF3F2
:101840004F8FFEE700263EE039462046FFF737FD82
:10185000013DA563236923B9FFF77EFA012005B096
:10186000F0BD04F1100000F00DFE0028F4D04FF0A0
:10187000E0234FF08052C3F8042DBFF34F8FBFF326
:101880006F8FE9E7FFF768FA0020E8E702A800F0A9
:101890003FFE012621E0002384F8443029E00023A4
:1018A00084F845302BE02046FFF71BFD00F0CAFC12
:1018B00009E02046FFF715FD00F0C4FC2046FFF7C5
:1018C000B6FC00283FD1FFF725FAA56B002DBBD150
:1018D000019B002BD6D0002ED8D0FFF73DFA00F0A8
:1018E0000FFCFFF717FA94F844305BB2B3F1FF3FF7
:1018F000D1D094F845305BB2B3F1FF3FCFD0FFF7C2
:101900002BFA01A902A800F00FFE0028D1D1204631
:10191000FFF78DFC0028C6D0019904F1240000F0E7
:1019200099FD2046FFF7DDFC00F08CFC0028CAD1B1
:101930004FF0E0234FF08052C3F8042DBFF34F8FD8
:10194000BFF36F8FBFE7002089E770B584B00191C6
:1019500058B10446036C8BB14FF0500383F31188E8
:10196000BFF36F8FBFF34F8FFEE74FF0500383F34A
:101970001188BFF36F8FBFF34F8FFEE700F01CFE9F
:10198000054650B9019B5BB14FF0500383F31188BA
:10199000BFF36F8FBFF34F8FFEE70026354655E04C
:1019A000064653E0013BA36323683BB123694BB96F
:1019B000FFF7D2F90126304604B070BD00F016FFE3
:1019C000A060F3E704F1100000F05CFD0028EFD008
:1019D0004FF0E0234FF08052C3F8042DBFF34F8F38
:1019E000BFF36F8FE4E746B14FF0500383F31188E4
:1019F000BFF36F8FBFF34F8FFEE7FFF7ADF9DAE765
:101A000002A800F085FD01252AE0002384F8443077
:101A100032E0002384F8453034E0FFF77BF9A0681A
:101A200000F0DAFD0646FFF797F93BE02046FFF7A6
:101A300058FC00F007FC09E02046FFF752FC00F0DC
:101A400001FC2046FFF7F3FB002842D1FFF762F9C3
:101A5000A36B002BA6D1019B002BC4D0002DCFD0AF
:101A6000FFF77AF900F04CFBFFF754F994F8443093
:101A70005BB2B3F1FF3FC8D094F845305BB2B3F12D
:101A8000FF3FC6D0FFF768F901A902A800F04CFD9E
:101A90000028D1D12046FFF7CAFB0028C6D0236812
:101AA000002BBAD0019904F1240000F0D3FC2046A9
:101AB000FFF717FC00F0C6FB0028C7D14FF0E0236A
:101AC0004FF08052C3F8042DBFF34F8FBFF36F8FD9
:101AD000BCE70EB900266EE7FFF71CF92046FFF7BA
:101AE0008FFB0146A06800F027FEFFF735F9F1E70C
:101AF0002DE9F843B0B10D4616460446D9B1FFF7BB
:101B00002FFAEFF311884FF0500383F31188BFF3DE
:101B10006F8FBFF34F8FA76BCFB9002088F3118869
:101B2000BDE8F8834FF0500383F31188BFF36F8F44
:101B3000BFF34F8FFEE7036C002BE0D04FF0500354
:101B400083F31188BFF36F8FBFF34F8FFEE794F8D5
:101B500044904FFA89F929462046FFF7B0FB013F30
:101B6000A763B9F1FF3F06D009F101035BB284F826
:101B700044300120D2E723690BB90120CEE704F1FC
:101B8000100000F07FFC18B126B101203060C5E7DD
:101B90000120C3E70120C1E70023072B0FD8084A23
:101BA00002EBC3025268824201D00133F5E7044AD6
:101BB000002142F8331002EBC303596070477047AD
:101BC000C893002438B110B50446FFF7E5FF94F838
:101BD00046304BB110BD4FF0500383F31188BFF373
:101BE0006F8FBFF34F8FFEE72046FFF7CBFAF1E789
:101BF000084B1B681B6823B9074B4FF0FF321A6074
:101C00007047044B1B68DB68DB685A68024B1A603C
:101C1000704700BF0C940024E89400242DE9F0479D
:101C200080460D4617469946089EDDF824A00A9C7A
:101C30009200A521206B01F0DDFF236B6FF0404285
:101C40003A4403EB820727F00707002D66D04FF0D8
:101C5000000CBCF10F0F0BD815F80C2004EB0C0393
:101C600083F8342015F80C3013B10CF1010CF0E7B7
:101C7000002384F84330062E00D90626E662E66487
:101C800000252565201DFEF79EFF04F11800FEF7D4
:101C90009AFF2461C6F10706A66164626565C4F80F
:101CA000805484F884544FF48562294604F1580026
:101CB00001F0A0FF04F55173E36504F56B7323662F
:101CC00004F21443636601220023C4E9402343F273
:101CD0000E33A4F808314AF6CD33A4F80A3141F2A4
:101CE0003423A4F80C314EF26D63A4F80E314DF696
:101CF000EC63A4F810310523A4F812310B23A4F8E7
:101D000014314A4641463846FEF7D6FF2060BAF104
:101D1000000F01D0CAF80040BDE8F087002384F826
:101D20003430A8E738B5002407E004EB84029300C0
:101D30000E481844FEF73CFF0134062CF5D90C4D33
:101D40002846FEF735FF0B4C2046FEF731FF0A48C8
:101D5000FEF72EFF0948FEF72BFF0948FEF728FF84
:101D6000084B1D60084B1C6038BD00BF1494002454
:101D7000BC940024D0940024F494002420950024E2
:101D80000C9500240C9400241094002410B50446F3
:101D9000FEF7C0FF224A136801331360214B1B6812
:101DA0005BB1214B1B686BB91E4B1B68DA6AE36A97
:101DB0009A4207D81B4B1C6004E01A4B1C60136846
:101DC000012B29D0194A1368013313606364E06A58
:101DD00001238340164A11680B43136000EB800017
:101DE000211D144B03EB8000FEF7F0FEFEF7B4FF5D
:101DF0000D4B1B687BB10B4B1B68DA6AE36A9A4296
:101E000009D24FF0E0234FF08052C3F8042DBFF306
:101E10004F8FBFF36F8F10BDFFF784FFD2E700BF76
:101E2000A89400240894002408950024B494002465
:101E3000B89400241494002410B50446583001F0DE
:101E4000B9FF94F8853463B1012B11D0022B0ED069
:101E50004FF0500383F31188BFF36F8FBFF34F8FA1
:101E6000FEE7206BFFF78EF92046FFF78BF910BDD8
:101E70002046FFF787F9FAE70F4B1B68D3B110B57F
:101E8000FEF748FF0D4BDB68DC68201DFEF7C2FE45
:101E90000B4A1368013B1360074A1368013B136048
:101EA000FEF75AFF2046FFF7C7FF034B1B68002BC6
:101EB000E6D110BD704700BFAC94002420950024EB
:101EC000A894002470B504460D461F4B1E681F4B96
:101ED00018680430FEF79EFE50B91C4B1B68DA6A86
:101EE000012303FA02F21A490B6823EA02030B608A
:101EF000B4F1FF3F14BF00230123002D08BF0023CE
:101F00006BB93444114B1B685C60A6420ED9114B6F
:101F100018680E4B19680431FEF763FE70BD0B4B59
:101F2000196804310C48FEF751FEF7E70B4B1868AF
:101F3000064B19680431FEF754FE094B1B68A34297
:101F4000ECD9074B1C60E9E7349500240894002481
:101F5000B8940024109400240C9500240C940024C0
:101F6000E894002408B50BE04FF0E0234FF08052D6
:101F7000C3F8042DBFF34F8FBFF36F8FF0F755FBFE
:101F8000FFF77AFF024B1B68012BEDD8F6E700BF85
:101F90001494002430B587B00B9C8CB10C9DC5B156
:101FA0004FF491650495049DB5F5916F1AD04FF0EB
:101FB000500383F31188BFF36F8FBFF34F8FFEE79A
:101FC0004FF0500383F31188BFF36F8FBFF34F8F30
:101FD000FEE74FF0500383F31188BFF36F8FBFF319
:101FE0004F8FFEE7049D0C9D2C63022485F88544E9
:101FF00000240394029505AC01940A9C0094FFF719
:102000000DFE0C98FFF7C2FE059807B030BD2DE914
:10201000F04385B00746884614461E469000FFF7F9
:1020200033F808B381464FF49160FFF72DF8054669
:10203000B0B1C0F83090E5B1002385F88534039342
:1020400002950D9B01930C9B00933346224641461B
:102050003846FFF7E3FD2846FFF798FE012005E02C
:102060004846FFF78FF8E6E74FF0FF3005B0BDE8D0
:10207000F0834FF0FF30F9E710B588B000240594E5
:10208000069407AA06A905A8F0F7D0FA059B0293C3
:10209000069B019300942346079A11491148FFF7C4
:1020A00079FF114B1860C8B14FF0500383F31188CA
:1020B000BFF36F8FBFF34F8F0C4B1B6858330C4A25
:1020C00013600C4B4FF0FF321A600B4B01221A6069
:1020D0000A4B1C60F0F7A6FAFEF7B6FE08B010BD7A
:1020E00010E00108651F0108E4940024089400240E
:1020F00014010024E8940024089500243495002459
:10210000024A136801331360704700BFB094002483
:10211000014B1868704700BF3495002408B5FEF7DE
:102120001FFF014B186808BD34950024F8B53A4BE1
:102130001B68002B69D1394B1D6801351D60C5B97D
:10214000374B1B681B6843B14FF0500383F3118872
:10215000BFF36F8FBFF34F8FFEE7314A1168314BEA
:10216000186810601960304A136801331360FFF774
:102170003FFD2E4B1B68AB423DD900272C4B1B6803
:10218000DB6A03EB83039A002A4B9B58012B00D98F
:102190000127294B1B68002B3CD001273AE001277F
:1021A0001F4B1B681B6843B31D4B1B68DB68DC6857
:1021B00063689D4226D3261D3046FEF72BFDA36A99
:1021C0001BB104F11800FEF725FDE36A01229A40D5
:1021D0001A49086802430A6003EB83039A003146F8
:1021E00014481044FEF7F2FCE26A114B1B68DB6AEC
:1021F0009A42D4D2D4E70027D2E70C4B4FF0FF32FB
:102200001A60BBE7094A1360B8E70D4A1368013347
:10221000136000273846F8BDB0940024349500249C
:102220000C94002410940024EC940024E8940024DE
:10223000089400241494002438950024B8940024B1
:10224000F094002438B5354B1B6843B94FF0500368
:1022500083F31188BFF36F8FBFF34F8FFEE7FEF755
:1022600059FD2E4B1A68013A1A601B68002B4FD19A
:102270002B4B1B680BB900244BE00024294B1B6837
:102280001BB3284BDB68DC6804F11800FEF7C2FCC6
:10229000251D2846FEF7BEFCE06A01238340224A42
:1022A00011680B43136000EB800029461F4B03EBC2
:1022B0008000FEF78BFCE26A1D4B1B68DB6A9A42CA
:1022C000DCD31C4B01221A60D8E70CB1FFF790FC5D
:1022D000194B1C6884B9174B1C68D4B14FF0E0232C
:1022E0004FF08052C3F8042DBFF34F8FBFF36F8FB1
:1022F00001240EE0013C07D0FFF718FF0028F9D0B9
:102300000C4B01221A60F5E70B4B00221A60E2E742
:102310000024FEF721FD204638BD00BFB094002404
:10232000A8940024F4940024B89400241494002465
:102330000894002438950024F094002410B5A8B126
:102340000446104B1B6843B14FF0500383F31188D0
:10235000BFF36F8FBFF34F8FFEE7FFF7D1FE002172
:102360002046FFF7AFFDFFF76DFF48B94FF0E023C0
:102370004FF08052C3F8042DBFF34F8FBFF36F8F20
:1023800010BD00BFB094002408B52A4B1B681BB1D8
:10239000294B01221A6008BD274B00221A60F0F772
:1023A00042F9264B1860264B1B68984205D9254AEE
:1023B0001168C31A4A6D13444B65214B1860224BB8
:1023C0001B68B3FA83F3DBB2C3F11F0303EB830291
:1023D00092001E498A5842B94FF0500383F3118886
:1023E000BFF36F8FBFF34F8FFEE7184903EB8302F4
:1023F00001EB820250684068506003EB8302920058
:1024000008320A4490420DD003EB83030F4A02EBDB
:1024100083035B68DA680B4B1A601B6858330C4AFD
:102420001360B8E7406803EB8301084A02EB8102BE
:102430005060E9E7B094002438950024A494002467
:10244000A094002408940024B89400241494002438
:102450001401002458B110B50C46094A116818310E
:10246000FEF7BFFB01212046FFF72CFD10BD4FF00A
:10247000500383F31188BFF36F8FBFF34F8FFEE7D5
:102480000894002438B5C368DC6824B304F1180547
:102490002846FEF7BFFB184B1B682BBB251D2846A3
:1024A000FEF7B8FBE06A01238340144A11680B432E
:1024B000136000EB80002946114B03EB8000FEF710
:1024C00085FBE26A0F4B1B68DB6A9A4211D9012037
:1024D0000D4B186038BD4FF0500383F31188BFF3E4
:1024E0006F8FBFF34F8FFEE729460848FEF76EFB5C
:1024F000E7E70020EEE700BFB0940024B894002482
:10250000149400240894002438950024F4940024A2
:10251000034B1B680360034B1B684360704700BF9D
:10252000EC94002434950024F8B5C8B10C46054657
:10253000F9B1FEF7EFFB1B4B19686B68C81A2268EC
:10254000B2F1FF3F26D0184E36682F68B74201D04F
:102550008B4224D9824215D80023236001241AE03B
:102560004FF0500383F31188BFF36F8FBFF34F8F8A
:10257000FEE74FF0500383F31188BFF36F8FBFF373
:102580004F8FFEE75B1A134423602846FFF7C0FF16
:10259000002400E00024FEF7DFFB2046F8BD012404
:1025A000F9E700BF34950024EC940024014B01228C
:1025B0001A60704738950024054B1B6833B1054BF2
:1025C0001B680BB100207047022070470120704744
:1025D00008950024B0940024002849D038B504465A
:1025E000C36A254A1268D26A934239D28269002AA4
:1025F00005DB214A1268D26AC2F107028261616971
:1026000003EB83031D4A02EB8303994205D01A4B67
:102610001B68DB6AE362012038BD251D2846FEF7F2
:10262000F9FA40B9E26A012303FA02F214490B688D
:1026300023EA02030B60104B1B68D86AE062012496
:1026400004FA00F30E4A11680B43136000EB80009C
:1026500029460A4B03EB8000FEF7B8FA2046DBE779
:10266000C26C054B1B68DB6A9A4203D30020D3E798
:10267000002070470120CFE7089400241494002420
:10268000B894002400284CD038B50446274B1B686A
:10269000834208D04FF0500383F31188BFF36F8F4C
:1026A000BFF34F8FFEE7036D43B94FF0500383F341
:1026B0001188BFF36F8FBFF34F8FFEE7013B0365B8
:1026C000C16AC26C91422ED00BB1002038BD051DED
:1026D0002846FEF79FFA70B9E26A02EB82039B007C
:1026E0001349CB583BB9012303FA02F211490B6895
:1026F00023EA02030B60E06CE062C0F10703A36110
:10270000012404FA00F30B4A11680B43136000EB39
:1027100080002946064B03EB8000FEF757FA20465F
:10272000D4E7002070470020D0E700BF08940024C1
:1027300014940024B8940024002850D038B50446DE
:10274000036D43B94FF0500383F31188BFF36F8FCC
:10275000BFF34F8FFEE7C26C8A4200D20A46E16A9D
:10276000914201D0012B00D038BD1D4B1B68A34204
:102770002CD0E262A369002B02DBC2F10702A26146
:10278000626901EB8101174B03EB81018A42EBD1B6
:10279000251D2846FEF73EFA40B9E26A012303FAF6
:1027A00002F211490B6823EA02030B60E06A01237D
:1027B00083400D4A11680B43136000EB80002946EB
:1027C000084B03EB8000FEF701FACDE74FF0500312
:1027D00083F31188BFF36F8FBFF34F8FFEE770470E
:1027E0000894002414940024B8940024054B1B681A
:1027F00023B1044B1A68136D01331365014B18683C
:10280000704700BF089400242DE9F84380460D4628
:102810001746D0F8049000261BE0484800F02CFF33
:102820000134AC42F9DBD8F80830013BB34216D092
:10283000434800F021FF434800F01EFFD9F808107C
:10284000414800F019FF414800F016FFD9F81C90EC
:102850000136D8F80830B34210DD0024E1E73C48E7
:1028600000F00AFF374800F007FFD9F80810364893
:1028700000F002FF354800F0FFFEE7E7D8F80C60F3
:1028800015E02E4800F0F8FE0134AC42F9DB336A63
:1028900083B12B4800F0F0FE2E4800F0EDFE3168C9
:1028A000294800F0E9FE294800F0E6FE366A7EB1CC
:1028B0000024EAE7264800F0DFFE264800F0DCFEB0
:1028C0003168214800F0D8FE204800F0D5FEEDE741
:1028D000BD4230DCD8F87C6416E0D6F88034E3B131
:1028E000174800F0C9FE1C4800F0C6FE31681648C3
:1028F00000F0C2FE154800F0BFFE3A46691C3046A3
:10290000FFF782FFD6F88064AEB10024AC42E4DA6F
:102910000A4800F0B1FE0134F8E70D4800F0ACFEC3
:102920000D4800F0A9FE3168074800F0A5FE0748F1
:1029300000F0A2FEE1E7BDE8F88300BF18E001085F
:1029400028E0010820E00108CCE101086CBD010885
:102950001CE001082CE00108C8C5010808B50A46BA
:102960000021FFF751FF08BDF8B50D460A460346A2
:10297000002402E0013301320134002B18BF002A89
:1029800005D093F800E092F800C0E645F2D0EEF7EB
:1029900097FC06462746A04207D02846EEF790FC53
:1029A000874208D000242046F8BD2846EEF788FC70
:1029B0008442F2D2F7E7BE4201D80024F3E7644232
:1029C000F1E7000038B50446EEF77AFCF1F790FB2A
:1029D00005462046EEF774FC024621462846EEF7EF
:1029E0004DFA0B4B1C6801E0D4F880403CB1214605
:1029F0002846FFF7B9FF002807DCF5DA03E0284690
:102A0000F1F780FB0124204638BD0024FBE700BF1E
:102A10003C950024F8B507460C468020F1F768FB8A
:102A2000054680222146EEF729FA104B1C68002645
:102A300006E02046F1F766FB14E02646D4F8804015
:102A400084B129462046EEF7BFFA0028F5D1BC42F2
:102A5000F3D0002EEDD0D4F88030C6F88030204678
:102A6000F1F750FB2846F1F74DFBF8BD3C950024EB
:102A700038B505468020F1F73BFB04468022294605
:102A8000EEF7FCF92046FFF79DFF68B105460128E7
:102A90000BD02146FFF7BEFF802221462846EEF7E5
:102AA000EDF92046F1F72EFB38BD124B1B689BB1A8
:102AB0001D46D3F88030002BFAD18420F1F718FBA3
:102AC000C5F880000023C0F8803080222146094BE1
:102AD0001868EEF7D3F9E4E78420F1F709FB054A1B
:102AE00010600022C0F8802080222146EEF7C6F94F
:102AF000D7E700BF3C950024094B186858B110B5C2
:102B0000D0F88040F1F7FEFA2046002CF8D1044BB3
:102B100000221A6010BD024B00221A60704700BFED
:102B20003C950024F8B5F0F753FC124B1E680025C5
:102B30001CE08020F1F7DCFA044680273A460021A9
:102B400001F058F82046BB2300F8013B7F223146B4
:102B5000EEF794F93A46E9012046F0F7BDFC20462D
:102B6000F1F7D0FAD6F880600135EDB2002EE0D151
:102B7000F8BD00BF3C950024F8B58020F1F7B8FA05
:102B8000044680252A46002101F034F82A46002117
:102B90002046F0F7C3FC2378BB2B00D0F8BD2846B5
:102BA000F1F7A6FA0546671C394601F08BF928466D
:102BB000FFF75EFF284600F06BFC2846F1F7A2FA0B
:102BC00001250BE03046F1F793FA06467F2239469D
:102BD000EEF754F93046F1F795FA01352378BB2B1F
:102BE0000ED1802632460021204601F003F83246FD
:102BF000E9012046F0F792FC2378BB2BEDD1E1E709
:102C00002046F1F77FFAC9E7F8B5144C2046F2F7F1
:102C100037FA2046F1F750FF0446114BB3F8400055
:102C20001D8C401BEDF7DCFC02460B4600200D49D5
:102C3000EDF76AFE06460F46A0B2401BEDF7D0FC4A
:102C400032463B46EDF736FD0022074BEDF77CFBA5
:102C5000EDF742FF00EE100AF8BD00BF000B0024A4
:102C600000E8F11F0000544000003E4038B520202D
:102C7000F1F73EFA074C2060074B03602568074BCD
:102C80006B60F6F7ADFAA860236800200021C3E965
:102C9000040138BD4095002434E0010838E0010803
:102CA00010B5124C23681968114800F0E5FC236840
:102CB0005968104800F0E0FC236899680E4800F05D
:102CC000DBFCFFF7A1FF10EE100AEDF79BFC0246BC
:102CD0000B460A4800F0D0FC2368D3E906230848D5
:102CE00000F0CAFC074800F0C7FC10BD4095002466
:102CF00044E0010854E001086CE0010884E00108A8
:102D00009CE00108ACE0010870B505460E4640F2B3
:102D10008440F1F7EDF904463046EEF7D1FA013080
:102D2000F1F7E6F92060314601F0CCF8002363604A
:102D3000A3602374C4F87854C4F87C34C4F8803495
:102D4000E360D5F87C343BB11A46D3F88034002BCD
:102D5000FAD1C2F8804470BDC5F87C44FBE770B579
:102D600005460E4640F28440F1F7C2F9044630466B
:102D7000EEF7A6FA0130F1F7BBF92060314601F019
:102D8000A1F800236360A36001222274C4F8785480
:102D9000C4F87C34C4F88034E360D5F87C343BB1AB
:102DA0001A46D3F88034002BFAD1C2F8804470BDA3
:102DB000C5F87C44FBE738B50D46D0F87C4401E00B
:102DC000D4F880442CB129462068EEF7FDF800289D
:102DD000F6D1204638BD00002DE9F0418846164660
:102DE0001D460146244B1868FFF7E5FF00283CD03C
:102DF00007462420F1F77CF904463046EEF760FAE6
:102E00000130F1F775F9A0602846EEF759FA013064
:102E1000F1F76EF9E0603146A06801F053F82946F9
:102E2000E06801F04FF8C4F800809DF81C30237171
:102E30009DF8183063718020F1F75AF92061089BE2
:102E400063611820F1F754F90546F1F7BDFDA5615E
:102E500027620023E3617B684BB11A46DB69002BD4
:102E6000FBD1D461BB680133BB60BDE8F0817C60FD
:102E7000BB680133BB60F8E74895002410B50446F1
:102E80000749084B1868FFF796FF30B1C3682BB1AC
:102E90001A461B6A002BFBD1146210BDC460FCE70C
:102EA000D4E001084895002408B50549054B186889
:102EB000FFF781FF034600B1C368184608BD00BF95
:102EC000D4E001084895002470B584B040F28440F5
:102ED000F1F70EF9244D28601420F1F709F9234B7E
:102EE0001860002404612868214B036044608460FA
:102EF000C0F87844C0F87C44C0F88044C4601D4BDE
:102F000018601D4E3146FFF7FFFE1C492868FFF789
:102F1000FBFE1B492868FFF7F7FE1A492868FFF7F0
:102F2000F3FE19492868FFF7EFFE184800F016FF76
:102F300002940425019501230093154B154A164967
:102F40003046FFF749FF0294019505230093134B88
:102F5000134A14493046FFF73FFFEEF78BFD124846
:102F600000F0FCFE04B070BD489500244495002498
:102F700018C501084C950024DCE00108ECBD0108EF
:102F8000E0E00108D4E00108E4E00108E8E001081D
:102F9000F8E0010834E001084095002410E1010840
:102FA00024E10108501600242CE1010838B505463B
:102FB000144B1C681449EEF707F888B113492846EA
:102FC000EEF702F840B12B782F2B0BD00E49284694
:102FD00000F0D6FF01460CE00D4B1B68D3F8784497
:102FE000204638BD0135F1E70749002000F0C8FF51
:102FF00001460029F4D02046FFF7DDFE04460028F4
:10300000F2D1EDE74895002418C5010840E1010818
:103010004C95002470B50546EEF752F90130F1F7F2
:1030200067F80446294600F04DFF26782F2E1BD066
:103030001C4B1D681C492046EDF7C6FF70B32F2EB0
:1030400015D01949204600F09BFF04468CB121465B
:103050002846FFF7B0FE064658B11349002000F09D
:103060008FFF04463546F1E7104B1D68E2E7013457
:10307000E7E70D49204600F083FF01462046EDF7C3
:10308000A3FF68B96D6800E0ED692DB12146A8681D
:10309000EDF79AFF0028F7D1284670BD0025FBE721
:1030A0000025F9E74C95002418C50108489500242F
:1030B00070B5044606782F2E1BD01D4B1D681D4988
:1030C0002046EDF781FF70B32F2E15D01949204609
:1030D00000F056FF04468CB121462846FFF76BFEF0
:1030E000064658B11349002000F04AFF0446354611
:1030F000F1E7114B1D68E2E70134E7E70D4920468F
:1031000000F03EFF01462046EDF75EFF68B9ED682E
:1031100000E02D6A2DB121462868EDF755FF002803
:10312000F7D1284670BD0025FBE70025F9E700BF71
:103130004C95002418C501084895002470B5044634
:1031400006782F2E05D01C4B1D681C4B1B689D421A
:1031500001D11A4B1D681A492046EDF735FF40B3DF
:103160002F2E12D01649204600F00AFF0446E4B183
:1031700021462846FFF71FFE0646B0B11049002041
:1031800000F0FEFE04463546F1E70134EAE7214649
:103190002846FFF7E4FD21462846FFF70CFE0546CA
:1031A0000749002000F0ECFE0446002CEFD1284631
:1031B00070BD0025FBE700BF4C9500244895002416
:1031C00018C5010838B50446D0F87804D0F87C1446
:1031D0000A460B4602E01A46D3F880340BB1A342EC
:1031E000F9D1A3420BD1D1F8801499B1934215D0F3
:1031F000D3F88034C2F88034D4F87C0418E00F4847
:1032000000F03AFA21680E4800F036FA0D4800F056
:1032100033FA12E00023C0F87C34EDE7D3F88034B1
:10322000C0F87C34E8E7D0F88054FFF7CBFF28469D
:103230000028F8D12046F0F765FF38BD20C401080A
:1032400044E101086CBD0108E8B110B504464379BA
:103250000A2B0DD1036A5868034660B1A04202D020
:103260000346C069F9E7C269DA61F0F74BFF09E08C
:10327000054800F001FAA168044800F0FDF904488F
:1032800000F0FAF910BD704720C4010844E10108BC
:103290006CBD010870B504460E46EEF711F801301A
:1032A000F0F726FF0546214600F00CFE2846FFF702
:1032B0007DFE04462846FFF7ADFE002C08BF00281F
:1032C0000ED0221E18BF0122002E18BF00225AB9AC
:1032D000021E18BF0122012E18BF002242B970BD84
:1032E000054800F0C9F9FAE72046FFF76BFFF6E75B
:1032F000FFF7AAFFF3E700BF5CE1010838B5FFF76D
:1033000055FE002834D00546D0F87C440BE019481F
:1033100000F0B2F92168184800F0AEF9174800F043
:10332000ABF9D4F88044002CF1D1AB686BB16C6878
:103330005CB1134800F0A0F9A1680F4800F09CF9B7
:103340000E4800F099F9E469F2E7EC685CB90CE02A
:103350000C4800F091F921680B4800F08DF90748FE
:1033600000F08AF9246A002CF2D1084800F084F9B0
:1033700038BD00BFC8C5010884E101086CBD010863
:1033800020E001082CE001088CE1010884C3010859
:1033900008B5FFF70BFE08B1014B186008BD00BF70
:1033A0004C95002438B50C460E4B1B68834214D054
:1033B0000546D0F87804FFF7F5FF2968204600F0AD
:1033C00061FD2046EDF77CFF074B1B88235220460A
:1033D000EDF776FF0023235438BD034B1B880B8089
:1033E000FAE700BF4895002418C5010810B50C463F
:1033F000084B1B68834208D0FFF7D4FF2046EDF747
:103400005FFF01380023235410BD034B1B880B8042
:10341000FAE700BF4895002418C501082DE9F843D4
:1034200080460F4616469946184B1C682546246967
:10343000002CFBD11420F0F75BFE04464046EDF76C
:103440003FFF0130F0F754FE20603846EDF738FFBB
:103450000130F0F74DFE60603046EDF731FF01308E
:10346000F0F746FEA0604146206800F02BFD39468B
:10347000606800F027FD3146A06800F023FDC4F825
:103480000C90002323612C61BDE8F883449500244F
:1034900030B5ADF5017D0546EDF712FF0130F0F7CF
:1034A00027FE0446294600F00DFD4FF4007200216E
:1034B000684600F09FFB1449204600F061FD0023A0
:1034C00007E05C1C4DF823000F49002000F058FD78
:1034D00023460028F5D15D1E0C4B1B681C6900E0DB
:1034E000246954B100992068EDF76EFD0028F7D1EA
:1034F000E36801A92846984702E0054800F0BCF8B7
:103500000DF5017D30BD00BFE4C0010844950024E5
:1035100090E1010870B5A0B00646EDF7D1FE421C5F
:1035200031466846F0F7B5FD124B1B681C6912481E
:1035300000F0A2F89DF800303BB10BE0A368626890
:1035400021680E4800F098F82469002CF6D120B0CC
:1035500070BD2469002CFAD0256831462846EDF765
:1035600033FD0028F5D1A36862682946034800F0BE
:1035700083F8ECE744950024A4E10108C4E10108C4
:1035800010B5002219491A48FBF7E4FC10BB194991
:103590001748FBF7F6FC00BB17491548FBF77CFC06
:1035A000F0B91348FBF707FDE8B9F4F785FEF1F72A
:1035B00063FA04460E4B93F89C32DBB2032B05D022
:1035C000F1F75AFA001BB0F57A7FF3D9C820F1F76A
:1035D00059FA10BDEFF7D8FBD9E7EFF7D5FBDBE7DA
:1035E000EFF7D2FBDDE7EFF7CFFBDEE7C00000240B
:1035F0005095002420000024AC00002400207047D7
:10360000002070470020704710B50146044C20464A
:10361000FBF75BFC2046FBF781FC002010BD00BFE0
:103620005095002410B5064C002206492046FBF7B1
:103630003EFC05492046FBF748FC002010BD00BFBA
:10364000509500242CA000242C980024094BD3F87A
:10365000BC32D3F814320BB10120704710B5054CC1
:103660000A4601462046FBF722FC2046FBF739FCC0
:1036700010BD00BF509500240FB470B582B006ABEA
:1036800053F8042B01934FF40061114805F04CF8F6
:103690000446104B93F89C32DBB2032B08D0A1B246
:1036A0000B48FFF7D3FF02B0BDE8704004B070478D
:1036B000084BD3F8BC62FEF72BFD0546D6F8143252
:1036C000002BECD0FEF724FD431B032BF6D9E6E7D5
:1036D0002CA000245095002470B504460F4B93F89D
:1036E0009C32DBB2032B09D00C4D21462846FBF758
:1036F000ECFB2846FBF712FC002070BD074BD3F80B
:10370000BC62FEF705FD0546D6F81432002BEBD05F
:10371000FEF7FEFC431B032BF6D9E5E7509500248A
:1037200012230B8000487047E000002404230B8024
:1037300000487047F4000024002393421ED200B5D5
:1037400010E00CF1370C01F813C000014FEA430CF4
:103750000CF1010C4FF0000E01F80CE00133DBB26C
:10376000934209D24FEA107CB0F1204FE9D20CF11C
:10377000300C01F813C0E8E75DF804FB7047000067
:1037800038B50B4BD3F80008D3F80448D3F8083801
:10379000C01800D138BD074D0822A91CFFF7CCFF87
:1037A000042205F112012046FFF7C6FFF2E700BF31
:1037B00000E0F11FF800002408B51A230B80FFF782
:1037C000DFFF014808BD00BFF800002408B50A4625
:1037D00028B905490548FCF751F9034808BD0249D5
:1037E0000248FCF74BF9F8E72CA80024D0E10108C7
:1037F00010B50A46034C21460348FCF73FF9204622
:1038000010BD00BF2CA80024E8E1010808B50A4655
:1038100028B905490548FCF731F9034808BD0249B4
:103820000248FCF72BF9F8E72CA80024FCE101087A
:1038300008B50A4628B905490548FCF71FF90348A9
:1038400008BD02490248FCF719F9F8E72CA8002442
:1038500008E2010830B5B9B0044600213391349133
:10386000359136913791C02202A800F0C3F9226841
:10387000224B9A4201D039B030BD4FF48022002350
:10388000CDE902234FF44013249302A8F6F768F819
:1038900088BBF4F711FD1A4CD4F8E03043F0010373
:1038A000C4F8E030D4F8E03003F001030093009B4B
:1038B0004FF4C05333930223349300253595369546
:1038C0000A23379333A90F48F2F7F0FED4F8D83023
:1038D00043F00063C4F8D830D4F8D83003F0006364
:1038E0000193019B2A4605216520F1F7E5FE65203D
:1038F000F1F718FFBFE7EFF747FACAE70000084003
:10390000004402580000025808B500F29C41D0F86B
:10391000E004FBF766FB08BD08B501EBC10300EB53
:103920008303D3F86022D0F8E004FBF72CFC08BD39
:1039300008B501EBC10300EB83031A6AD0F8E00479
:10394000FBF784FC08BD08B5D0F8E004FBF7C6FB24
:1039500008BD10B50446C17911B1022909D1012170
:10396000D4F8E004FBF79BFBD4F8E004FBF765FB1D
:1039700010BDEFF709FA0121F2E7000010B5044687
:10398000D0F8E004FBF78EFB2268D2F8003E43F04B
:103990000103C2F8003EE37A23B1034A136943F0FE
:1039A0000603136110BD00BF00ED00E008B5D0F8BC
:1039B000E004FBF786FB08BD08B5D0F8E004FBF790
:1039C000B5FB08BD08B5D0F8E004FBF798FB08BDCF
:1039D00008B5D0F8E004FBF7C0FB08BD08B5D0F887
:1039E000E004FBF7BCFB08BD02780AB10020704779
:1039F00010B503461548C0F8E034C3F8C802144BAC
:103A00000360092303710222C27100238371427291
:103A10008372C372037343738373C373F3F714FE28
:103A200080B90A4C80212046F4F7FAFB402200219D
:103A30002046F4F7CFFB802201212046F4F7CAFB91
:103A4000002010BDEFF7A0F9EBE700BF2CAA00247F
:103A500000000840D0F8C83211F0800F08D101F002
:103A60007F0101EBC10103EB810191F85602704720
:103A700001F07F0101EBC10103EB8101887D7047FB
:103A800008B5D0F8C802F3F7E1FF08BD0048704759
:103A900010AF00247047032805D8DFE800F00504C4
:103AA0000205012070470320704708B5D0F8C8020E
:103AB000F3F74BFEFFF7EFFF08BD08B594461A4633
:103AC0006346D0F8C802F3F720FFFFF7E4FF08BD14
:103AD00008B5D0F8C802F3F75CFFFFF7DCFF08BDBC
:103AE00008B5D0F8C802F3F7DFFFFFF7D4FF08BD31
:103AF00008B5D0F8C802F4F71AF8FFF7CCFF08BDF4
:103B000008B5D0F8C802F3F7EDFEFFF7C4FF08BD13
:103B100008B5D0F8C802F3F7A2FFFFF7BCFF08BD55
:103B200008B5D0F8C802F3F76CFFFFF7B4FF08BD83
:103B300000B50B4C25681446EE681A4685B003465E
:103B40000D464CB107490095CDE9011430460649B0
:103B500000F018F804F094FE04490C46F3E700BFA7
:103B60001401002418E2010828E20108C8C0010875
:103B70000A22002100F0CEBA014B1868704700BF3E
:103B8000140100240EB410B583B005AB064C53F8F5
:103B9000042B01930146206802F080F803B0BDE8D1
:103BA000104003B0704700BF1401002470B50D4EE3
:103BB0000D4D761BB61006D0002455F8043B013499
:103BC0009847A642F9D1094E094D761B08F066F8D0
:103BD000B61006D0002455F8043B01349847A6429D
:103BE000F9D170BD3CE601083CE6010844E6010855
:103BF0003CE60108830730B548D0541E002A3FD068
:103C0000CAB2034601E0013C3AD303F8012B9D07F9
:103C1000F9D1032C2DD9CDB245EA05250F2C45EA63
:103C2000054536D9A4F1100222F00F0C03F1200E45
:103C3000E6444FEA121C03F1100242E9045542E93E
:103C4000025510327245F8D10CF1010214F00C0F3C
:103C500003EB021204F00F0C13D0ACF1040323F0B9
:103C600003030433134442F8045B9342FBD10CF08A
:103C700003042CB1CAB21C4403F8012B9C42FBD1B3
:103C800030BD64461346002CF4D1F9E703461446D0
:103C9000BFE71A46A446E0E70FB400B5074983B072
:103CA00004AB086853F8042B8168019302F034FFD9
:103CB00003B05DF804EB04B0704700BF14010024AA
:103CC00070B5054688B008460C46EDF7F9FA224E65
:103CD000AA6B059001214318CDE9066104A80221D1
:103CE00004940393AC680190029122B3636E13F0C5
:103CF000010FB4F90C309AB201D1980525D5910481
:103D000006D4626E43F4005322F40052A38162662B
:103D1000284601AA214606F047F9636E002814BF21
:103D20004FF0FF350A25DA0702D4A3899B0506D593
:103D3000284608B070BD284605F0B0FED6E7A06D55
:103D400006F0DEFA284608B070BDA06D06F0D6FA7F
:103D5000B4F90C309AB2D2E784C30108024B014691
:103D60001868FFF7ADBF00BF140100242DE9F04132
:103D70000E680C460546BEB137688FB1D7F8008093
:103D8000B8F1000F08D0D8F8001009B1FFF7EEFF26
:103D90004146284606F002F83946284605F0FEFF5F
:103DA0003146284605F0FAFF21462846BDE8F04195
:103DB00005F0F4BF224B1B68834240D0C16C70B544
:103DC000054681B100268C593CB12146246828461D
:103DD00005F0E4FF002CF8D1E96C0436802EF2D116
:103DE000284605F0DBFF296C11B1284605F0D6FF07
:103DF000D5F8484154B105F5A676B44206D021461F
:103E00002468284605F0CAFFA642F8D1696D11B1B1
:103E1000284605F0C3FFAB6B83B1EB6B2846984790
:103E2000D5F8E04254B1216811B12846FFF79EFF52
:103E300021462846BDE8704005F0B0BF70BD704710
:103E4000140100240EB410B59DB06FF000411FABFB
:103E5000CDE906010491094953F8042B0290084C5E
:103E60000868019302A9059400F06AF9029B0022F8
:103E70001A701DB0BDE8104003B070471401002453
:103E80000802FFFF830710B5044610D10268A2F1B3
:103E9000013323EA020313F0803F08D150F8042FC6
:103EA000A2F1013323EA020313F0803FF6D0037836
:103EB0001BB110F8013F002BFBD100F003F82046A6
:103EC00010BD00BF80EA0102844612F0030F4FD1FB
:103ED00011F0030F32D14DF8044D11F0040F51F8D9
:103EE000043B0BD0A3F101329A4312F0803F04BF90
:103EF0004CF8043B51F8043B16D100BF51F8044B79
:103F0000A3F101329A4312F0803FA4F101320BD1A8
:103F10004CF8043BA24312F0803F04BF51F8043B2D
:103F20004CF8044BEAD023460CF8013B13F0FF0F8A
:103F30004FEA3323F8D15DF8044B704711F0010FBD
:103F400006D011F8012B0CF8012B002A08BF70478E
:103F500011F0020FBFD031F8022B12F0FF0F16BF85
:103F60002CF8022B8CF8002012F47F4FB3D170474D
:103F700011F8012B0CF8012B002AF9D1704700BF72
:103F8000024A126801235C3200F002B814010024D6
:103F9000F0B4074610B33E468C4616F8010B01E01C
:103FA000A04216D01CF8014B002CF9D1D8B116F85C
:103FB000015B0C4601E0002BF9D014F8013B9D4257
:103FC000F9D14DB1002306F8013C16603846F0BC2B
:103FD00070475BB13746DEE72E46F6E71768002FDD
:103FE000D9D13846F3E7F0BC106070471660384608
:103FF0003B70ECE72DE9F04F814645488E4675460B
:104000001EF801CB10F80C4014F00804F7D1BCF1F5
:104010002D0FE34654D0BCF12B0F08BF9EF800B023
:104020006FF0004808BF05F1020E1BB1102B4FD0F6
:104030001F4604E0BBF1300F55D00A231F46002570
:10404000B8FBF7F6284607FB168A07E0864215D329
:1040500029D007FB00C001251EF801BBABF1300CD5
:10406000BCF1090F06D9ABF1410CBCF1190F08D80E
:10407000ABF1370C63450DDD002DE7DA4FF0FF356E
:10408000EAE7ABF1610CBCF1190F03D8ABF1570CA7
:104090006345F1DC002D0BDB04B140420AB195BB56
:1040A0001160BDE8F08FE245D3DA4FF0FF35D3E77A
:1040B0002223C9F800301AB30EF1FF314046EFE772
:1040C0009EF800B04FF0004805F1020E0124ACE765
:1040D000BBF1300FACD19EF8000000F0DF00582893
:1040E00007D01F46ABE79EF8003003F0DF03582BE4
:1040F0000BD110279EF801B03B460EF1020E9EE751
:104100004046BDE8F08F8046D6E708231F4696E775
:1041100001E30108012A09D0242A07D88446074868
:10412000134600680A466146FFF764BF10B5FFF703
:1041300023FD16230360002010BD00BF14010024DE
:104140002DE9F04F2DED0A8BCFB00C4691460AEECB
:10415000101A09930AEE900A06F0C8F80368139340
:104160001846EDF7ADF8A38912901A0603D5236916
:10417000002B00F0A0874D469FEDA57B2B780024F7
:1041800025AACDE92344CDE91544CDE917448DEDA9
:10419000107B1AEE909A0E942292904614940594F5
:1041A000002B00F0EC81AB4604E01BF8013F002B34
:1041B00000F01A81252BF8D1BBEB050640F01881E1
:1041C0009BF80030002B00F0DA8100234FF0FF3223
:1041D0009BF801708DF86B3006930BF1010B049284
:1041E0009A462B2420210BF1010BA7F120035A2B17
:1041F00000F23C81DFE813F0D5023A013A01D00227
:104200003A013A013A016A003A013A016502FE02B6
:104210003A017002E4023A01DF025B005B005B00DE
:104220005B005B005B005B005B005B003A013A01F6
:104230003A013A013A013A013A01D2013A01360211
:104240008500D201D201D2013A013A013A013A0184
:10425000CB023A013A01C6003A013A013A01400262
:104260003A0175023A013A014F073A013A013A011F
:104270003A013A013A013A013A01D2013A013602D1
:104280008700D201D201D201BE02870080003A012C
:10429000B1023A019902C800870280003A01400247
:1042A0007D002A073A013A012E073A017D00A7F165
:1042B000300300221BF8017B02EB820203EB420277
:1042C000A7F13003092BF5D906928EE7484606F090
:1042D0000DF8436817931846ECF7F2FF189006465E
:1042E000484606F003F8836815932021002E40F01D
:1042F000C2859BF8007076E79BF800704AF0200AB0
:1043000071E74AF0100A1AF0200F099B00F09A8119
:10431000073323F007031A465B6852F8084B0992EB
:104320001E46002BC0F26B85049B013301F03A80DE
:104330002AF08003039354EA060300F0E7840A2C72
:1043400076F1000380F0908730340123DDF80CA073
:104350008DF8374107930DF23715049907989DF8AA
:104360006B3081424FF00002B8BF014608920391C2
:104370000C920F920D92002B00F08980039A01326B
:10438000039284E04AF0100A1AF0200600F04B81F4
:10439000099B073323F007035E6853F8084B099322
:1043A0002AF480630393002300228DF86B20049A83
:1043B000551C00F02682039921F0800A54EA060178
:1043C00040F01D82002A41F02980002B40F0A48497
:1043D000039B13F00103079300F0428530238DF80F
:1043E00037310DF23715B8E7BBEB050600F0C78093
:1043F000249B33442493239B0133072BC8E90056A5
:10440000239309DC08F10808059B33440593D7E69C
:1044100000000000000000001AEE101A22AA484610
:1044200007F0D8F990B90DF19408EDE71AEE101ADB
:1044300022AA484607F0CEF9002800F09180089B98
:1044400023B108991AEE900A05F0A8FC1AEE103A6A
:104450009B8913F0400F059B18BF4FF0FF33059366
:1044600005984FB0BDEC0A8BBDE8F08F002F00F02F
:10447000868000238DF8D4708DF86B300122CDE951
:104480000723039204930C930F930D9335AD1AF009
:1044900002020A9202D0039A023203921AF08402B4
:1044A0000B9205D1069A0399561A002E00F30D833C
:1044B000249C8BB1239B0DF16B0201330134C8F8AE
:1044C0000020072B4FF0010224942393C8F8042006
:1044D00000F3338308F108080A9B83B1239B1BAACE
:1044E00001330234C8F80020072B4FF00202249455
:1044F0002393C8F8042000F32D8308F108080B9BD0
:10450000802B00F00F82049B079A9E1A002E00F366
:1045100050821AF4807F40F0AB81079BC8F80430CA
:104520001C44239BC8F800500133072B2494239389
:1045300000F3BE8208F108081AF0040F05D0069BAC
:10454000039A9D1A002D00F31283DDE905320399C9
:104550008A42ACBF9B185B180593002C7FF466AFB2
:1045600000232393089B1BB10899484605F016FCCD
:104570000DF194085D462B78002B7FF414AE249B3C
:10458000002B3FF463AF1AEE104A1AEE101A1AEE1F
:10459000900A22AA07F01EF9A3895AE7099B07335C
:1045A00023F00703B3EC027B8DED107BDDE91012E5
:1045B000099322F000430BEE101A0BEE903A4FF0E5
:1045C000FF32B0EE4B9AF0EE6B9AA54B51EC190B03
:1045D000ECF7BEFF002840F06784A14B51EC190BAB
:1045E0004FF0FF32ECF796FF002840F05D84DDE9E4
:1045F000100100220023ECF783FF002840F0A5877C
:104600009DF86B30974D984A2AF0800A0321472F76
:10461000C8BF1546002208920391079104920C929C
:104620000F920D92A7E61AF0100340F033841AF0AF
:10463000400200F05B87099A52F8044B09921E462B
:10464000A4B2ADE653F8044B09931AF0100F40F0F2
:104650000E841AF0400F00F0068444F3C03633464F
:1046600024B25EE6099A002352F8041B8DF86B30E1
:104670008DF8D410099201E7099C54F8045B0026D8
:104680008DF86B60002D00F0D986049B5A1C00F059
:1046900046851A4631462846ECF782FE08900028E7
:1046A00001F07A80089B0496591B079121EAE17179
:1046B0009DF86B300994039108960C960F960D9611
:1046C00059E6099B53F8042B0692002A80F2C38313
:1046D000069A0993524206929BF800704AF0040A27
:1046E00081E54AF010030393039B13F0200600F0CA
:1046F0007383099B073323F007035E6853F8084B65
:104700000993012350E6099B53F8044B0993302386
:104710004AF0020278278DF86C30544B14930392C0
:104720008DF86D70002602233EE61AF0200F40F04F
:1047300082841AF0100F40F078861AF0400F40F093
:104740004C871AF4007F00F07086099B059953F896
:10475000042B099311705D460DE79BF800706C2FD8
:1047600003BF9BF801704AF0200A0BF1010B4AF0DD
:10477000100A38E59BF80070682F03BF9BF80170A2
:104780004AF4007A0BF1010B4AF0400A2BE59BF842
:1047900000704AF0080A26E59BF800704AF0010A0A
:1047A00021E59DF86B30002B7FF4A3AD9BF80070E2
:1047B0008DF86B1017E59BF800704AF0800A12E53F
:1047C0005A4612F8017B2A2F01F0F381A7F130033A
:1047D000092B934698BF002200F2F4871BF8017B57
:1047E00002EB820203EB4202A7F13003092BF5D959
:1047F0000492FAE49BF800708DF86B40F3E4CDF876
:104800000CA0012B3FF49BAD022B4EAD12D1149A9C
:1048100004F00F032409D35C05F8013D44EA067453
:10482000360954EA0603F3D14EAB5B1BDDF80CA04E
:10483000079392E504F00703E40844EA4674F60897
:10484000303354EA06012A4605F8013DF2D10399B6
:10485000C80700F14C824EAB5B1B8A4607937CE590
:10486000FFFFEF7F5CE2010860E201086CE20108F3
:10487000652F40F3D780DDE9100100220023ECF71B
:1048800035FE002800F0B481239BBC4AC8F8002004
:10489000013301340122072B24942393C8F8042008
:1048A00000F3848508F108081C9B0E9A934280F25D
:1048B000CD82129B139A1C44C8E90023239B2494A5
:1048C0000133072B239300F3E98308F108080E9BBB
:1048D0005D1E002D7FF730AE102D239B41F34781E5
:1048E000A74F0A97224610261AEE104A05E008F153
:1048F0000808103D102D40F3678501331032072B57
:10490000C8E90076CDE92332F1DD22AA21464846E6
:1049100006F060FF00287FF492ADDDE923320DF14F
:104920009408E6E7069B039A9E1A002E7FF7EBADEC
:10493000102E239B41F34F8091490B9522461AEE8E
:10494000105A0A910C4604E0103E102E08F1080897
:1049500019DD013310321021072BCDE92332C8F8BD
:104960000040C8F80410EFDD22AA294648460DF1A0
:10497000940806F02FFF00287FF461AD103E102E42
:10498000DDE92332E5DC0B9D144601330A9AC8F8B1
:1049900000203444072BCDE92334C8F8046000F329
:1049A0002F85049B079A9E1A002E08F108087FF7AE
:1049B000B0AD102E239B40F3C48571480A90424647
:1049C00021461AEE108A044604E0103E102E02F131
:1049D000080216DD013310311020072BCDE92331F9
:1049E00014605060F1DD22AA4146484606F0F2FE0E
:1049F00000287FF424AD103E102EDDE9233125AAD6
:104A0000E8DC90460C4601330A9AC8F8002034448A
:104A1000072BCDE92334C8F8046000F3CF8108F1F7
:104A2000080876E50E9B012B40F37C81239EC8F895
:104A30000050013601340123072E24942396C8F830
:104A4000043000F3E78108F10808129B139A01363D
:104A50001C44072EC8E90023CDE9236400F3E88154
:104A600008F10808DDE9100100220023ECF73EFD03
:104A7000002840F076810E9B0136013B01351C4435
:104A8000072EC8F800502396C8F80430249400F389
:104A90005A8108F10808169BC8F8043001361C44F6
:104AA000072E1EABCDE92364C8F800307FF742AD76
:104AB0001AEE101A22AA484606F08CFE00287FF44F
:104AC000BEAC249C0DF1940836E5102EDDE92332AE
:104AD00022DD199510241AEE105A04E0103E102E13
:104AE00008F1080817DD013326491032072BC8E901
:104AF0000014CDE92332F1DD22AA294648460DF102
:104B0000940806F067FE00287FF499AC103E102E42
:104B1000DDE92332E7DC199DC8F804600133B418DD
:104B2000072B184AC8F80020CDE9233400F3E183AD
:104B30009DF86B3008F10808BBE41AEE101A22AA9F
:104B4000484606F047FE00287FF479AC249C0DF11E
:104B50009408C1E41AEE101A22AA484606F03AFE5A
:104B600000287FF46CAC249C0DF19408C7E4102D50
:104B7000239B26DD1AEE107A10260AE09CE201083B
:104B8000B0E20108A0E20108103D102D08F108086C
:104B900017DD0133C24A1034072BC8E90026CDE9DE
:104BA0002334F1DD22AA394648460DF1940806F077
:104BB00011FE00287FF443AC103D102DDDE92334B5
:104BC000E7DC0133B64AC8F804502C44072BCDE982
:104BD0002334C8F800207FF7B8AC1AEE101A22AAC6
:104BE000484606F0F7FD00287FF429AC249CACE48D
:104BF0001C9A002A40F39683DDE90D739F42A8BFFB
:104C00001F46002F0BDD239B01333C44072BC8E9D3
:104C100000572494239300F35C8508F108080D9E47
:104C2000002FA8BFF61B002E00F353820D9B1AF431
:104C3000806F2B44079340F083821C9B0E9A934213
:104C400003DB1AF0010F00F0B884129A1399144490
:104C5000C8E90012239A24940132072A239200F310
:104C6000768508F108080E9A0799AE18761AD51AB3
:104C7000AE42A8BF2E46002E0DDD239BC8F80010C3
:104C800001333444072BC8F804602494239300F3C1
:104C90009D8508F10808002EA8BFAD1B002D7FF7E9
:104CA0004BAC102D239B40F362877E4F0A97224620
:104CB00010261AEE104A05E008F10808103D102DE4
:104CC00040F3828301331032072BC8E90076CDE927
:104CD0002332F1DD22AA2146484606F07BFD00285A
:104CE0007FF4ADABDDE923320DF19408E6E7302B1C
:104CF0003FF49AAD3023023A05F8013C4EAB9B1AC3
:104D0000DDF80CA007931546FFF727BB049B002B8B
:104D10007FF41AABDDF80CA00023049307934EAD8B
:104D2000FFF71BBB1AF0010F7FF480AE239EC8F87B
:104D30000050013601340123072E24942396C8F82D
:104D400004307FF7A6AE1AEE101A22AA484606F0E3
:104D500041FD00287FF473ABDDE923640DF1940875
:104D600099E60E9B5D1E002D7FF795AE102D40F34A
:104D700015874C4ACDF810A023461AEE10AA0A92C5
:104D80001027144605E008F10808103D102D40F3E7
:104D90009D8301361033072EC8E90047CDE9236310
:104DA000F1DD22AA5146484606F014FD00287FF4A2
:104DB00046ABDDE923630DF19408E6E71AEE101A1D
:104DC00022AA484606F006FD00287FF438AB249C52
:104DD0000DF19408FFF79DBB039B13F0100340F007
:104DE0002381039A12F0400200F09B83099A52F843
:104DF000044B09921E46A4B20123FFF7D5BA2D2316
:104E000064428DF86B3066EB4606CDF80CA00123AA
:104E1000FFF7CDBA1AEE101A22AA484606F0DAFCBD
:104E200000287FF40CABDDE923640DF194080CE657
:104E30001AEE101A22AA484606F0CCFC00287FF48D
:104E4000FEAADDE923640DF194080BE61AF0010FC8
:104E50003FF472AB2DE59BF800700993FFF7C3B9DF
:104E60004EADFFF77ABA1AF4007F40F0B083E61730
:104E70003346FFF756BA159B002B3FF43AAA159B11
:104E80001B78002B3FF435AA9BF800704AF4806A27
:104E9000FFF7A9B9099B53F8044B0993FFF780BAB0
:104EA000A0E20108B0E20108DDE9100102460B466C
:104EB000ECF74EFB002840F0C385612F00F086859B
:104EC000412F00F09484049B013327F020030393C7
:104ED00000F0B083472B00F08285DDE910014AF431
:104EE0008072002907924FF00003C0F2248541EC44
:104EF000180B0A930893039B462B00F0F883452B6D
:104F000000F04E85B0EE480AF0EE680A20AB01933F
:104F10001DAB0093049A1CAB0221484603F054FDDC
:104F2000039B472B054640F069861AF0010F564651
:104F3000DDF81CA040F00B85209B5B1B0E93039BB0
:104F4000472B00F08B83039B462B00F00F841C9BA8
:104F50000D930D9B039A013B412A1C9300F0D785CA
:104F6000FAB20021002BB8BF0D9B8DF87820BABF94
:104F7000C3F101032D222B22092B8DF8792040F358
:104F8000B7850DF18704DFF898C3224610468CFBE5
:104F90000321DA17C2EBA10202EB8201A3EB41016C
:104FA000303100F8011C19466329134600F1FF3225
:104FB000ECDC3033D9B2831E9C4202F8011C40F273
:104FC000048613460DF17A0201E013F8011B02F882
:104FD000011B9C42F9D10DF189030DF17A021B1AD4
:104FE00013441EAA9B1A16930E9B169A012B1A4461
:104FF000079240F3B785079B129A13440793079AC9
:10500000002326F4806622EAE27246F4807A0C934A
:1050100003920F930D930A9B002B40F0458304935A
:105020009DF86B30FFF7A7B9099B53F8044B099320
:105030000123FFF7B9B9099B059853F8041B09939D
:10504000C217C1E900025D46FFF795BACDF80CA082
:10505000FFF74ABBAF4B14931AF0200600F0EF8025
:10506000099B073323F007035E6853F8084B099345
:105070001AF0010F09D054EA060306D030238DF848
:105080006D704AF0020A8DF86C302AF48063039345
:105090000223FFF789B9A04B1493DDE71AEE101A2B
:1050A00022AA484606F096FB00287FF4C8A9249C53
:1050B0000DF194080BE41AEE900A402105F092F9E4
:1050C00020602061002800F0848540236361FFF7A1
:1050D00052B8102E239B40F3698590480A904246AF
:1050E00021461AEE108A1027044604E00832103ECA
:1050F000102E40F32F8201331031072BC2E90047F5
:10510000CDE92331F2DD22AA4146484606F062FB92
:1051100000287FF494A9DDE9233125AAE7E7284692
:1051200004960994ECF7CCF820EAE0719DF86B3016
:105130000790039108960C960F960D96FFF71BB9F2
:105140000E9BCDF828B0DDF83CB0079E159FCDF83A
:105150001CA0EB1804934246DDF860A00C9B0B9555
:105160001AEE108AA446BBF1000F30D093BB013F6A
:105170000BF1FF3B179BC2E9003A239B0133D44458
:10518000072BCDF890C0239362DC0832049B38785B
:105190009B1B8342A8BF0346002B1C460CDD2398B3
:1051A00001309C440728C2E90063CDF890C02390E9
:1051B00000F3198138780832002CACBF051B054676
:1051C000002D0BDC06440C9BBBF1000FCED1002B55
:1051D00000F033820C9B013B0C93CBE7102D2398FE
:1051E0001FDD1024634604E0103D102D02F108027B
:1051F00016DD0130494910330728C2E90014CDE912
:105200002303F1DD22AA4146484606F0E3FA0028CE
:105210007FF415A9103D102DDDE9230325AAE8DC54
:105220009C4601303D4B5560AC440728CDE9230C2A
:10523000136000F34082387808320644C3E71AF05E
:10524000100300F0A480099B53F8044B09930FE767
:1052500022AA4146484606F0BDFA00287FF4EFA88E
:10526000DDF890C025AA91E7039B079703F48063BC
:10527000002209EE109ACDF82080DDF854900DF54B
:105280009C7A174698460CE00023204631460A22B5
:10529000EBF772FC0A2C76F100031CD304460E4691
:1052A000AA4620460A2200233146EBF765FC30323D
:1052B0000AF1FF3501370AF8012CB8F1000FE3D0ED
:1052C00099F800309F42DFD1FF2FDDD00A2C76F114
:1052D000000380F050814EAB5B1BCDF854900E97CD
:1052E00019EE109ADDE90778DDF80CA00793FFF7B7
:1052F00034B81AEE101A22AA484606F06BFA0028B3
:105300007FF49DA89DF86B30249C0DF19408FFF765
:10531000D0B800BF6CE2010880E20108B0E20108E9
:1053200067666666239BC049C8F8001001330134E4
:105330000121072B24942393C8F8041000F32F8134
:1053400008F10808002A40F08A800E9A0AF001034A
:1053500013433FF4F1A8129B139A1C44C8E900239D
:10536000239B24940133072B239300F33F8108F1FF
:1053700008080E9AC8F8005001331444072BCDE9F1
:105380002334C8F804207FF7D5A8FFF791BB1AF0A3
:10539000400200F0B980099A52F8044B09921E4667
:1053A000A4B265E6CDF80CA0FEF7C9BF1AEE101A3C
:1053B00022AA484606F00EFA00287FF440A8249C52
:1053C0000DF19408FFF770BA144601330A9AC8F831
:1053D00000202C44072BC8F80450CDE923347FF774
:1053E000A9A8FFF765BB22AA4146484606F0F2F994
:1053F00000287FF424A83878DDF890C025AADBE6E1
:105400001AEE101A22AA484606F0E4F900287FF4A2
:1054100016A8249C0DF19408FFF775B8012BCDF860
:105420000CA07FF4F1A9FEF78FBF099B059953F8F3
:10543000042B5D4611600993FFF79DB8049A089507
:10544000062A294628BF062204952B460392774D4B
:10545000099407920C910F910D91FEF78CBF129B4E
:1054600013991C44C8E90013239B24940133072B90
:10547000239300F3BB8008F10808002ABFF679AF38
:105480005642103280F2AE8369480A902146424665
:1054900010271AEE108A044604E00832103E102E3F
:1054A00040F3AF8201331031072BC2E90047CDE949
:1054B0002331F2DD22AA4146484606F08BF9002846
:1054C0007EF4BDAFDDE9233125AAE7E7DDF810A0C2
:1054D0001C4601360A9BC8F800302C44072ECDE943
:1054E0002364C8F804507FF7D4AA2CE4099B1AF46B
:1054F000007614BF53F8044B53F8044B09931CBFB8
:105500001646E4B2FEF74CBF099B1AF4007614BFAE
:1055100053F8044B53F8044B09931CBF1646E4B2EE
:10552000A6E5039B13F40076099B14BF53F8044BC4
:1055300053F8044B09931CBF1646E4B20123FEF74F
:1055400033BF3B4A0A92FFF75EBA2D238DF86B30CA
:10555000FFF758B890460C4601330A9AC8F8002065
:105560003444072BCDE92334C8F804604DDC08F13E
:105570000808FFF75BBB189B1799ED1A1A462846D7
:1055800006F0F6F899F801300BB109F1010920464F
:1055900031460A2200230027EBF7EEFA7EE61AEEE8
:1055A000101A22AA484606F015F900287EF447AFE3
:1055B0001C9A249C0DF19408C4E60E9A0799AE1823
:1055C000761AD51AAE42A8BF2E46FFF764BB44F345
:1055D000C016334664B2FEF7A4BE099B059953F882
:1055E000042B099311805D46FEF7C5BF1AEE101A11
:1055F00022AA484606F0EEF800287EF420AFDDE946
:1056000023341C9A0DF1940837E71AEE101A22AAD7
:10561000484606F0DFF800287EF411AF249C0DF117
:105620009408FFF703BB00BF9CE2010894E2010865
:10563000B0E20108062304934FE40B9D0E9BDDF8B6
:105640001CA0DDF828B01597EB189E429046324614
:1056500028BF1A4664460792FFF7EFBA1C9B0D93CA
:10566000DA1C02DB049A934204DD023F27F0200398
:1056700003936EE4DDE90D329342C0F29980F007A6
:1056800040F1DB81129A13440793710503D50D9BFA
:10569000002B00F3FF81079B23EAE3730393672743
:1056A00000230C930F93B6E42D2300228DF86B306A
:1056B0000492FEF763BE22AA4146484606F08AF8E5
:1056C00000287EF4BCAE3878DDF890C025AA0644E8
:1056D00079E51AEE101A22AA484606F07BF800284F
:1056E0007EF4ADAE249C0DF19408FFF798BA20AB80
:1056F00001931DAB0093049AB0EE480AF0EE680ADD
:105700001CAB0321484603F05FF90378302B0546B4
:1057100000F003821C9B049A56461344DDF81CA03B
:10572000EC1851EC180B00220023EBF7DFFE08B158
:10573000234602E4209BA342BFF4FFAB30215A1C56
:1057400020921970209B9C42F9D8FFF7F6BB1AEE05
:10575000101A22AA484606F03DF800287EF46FAEE3
:105760001C9B249C0DF19408FFF77DBA1C9A0D92A6
:10577000002A40F3FF81049906F001030B4340F037
:10578000B1810D9B07936627730500F18481079B08
:1057900023EAE373039383E7049B0393079309943A
:1057A0009DF86B3004900C900F900D90FEF7E3BDC8
:1057B0000E9B129A9A180D9B0792002B40F3BB8107
:1057C0006727E1E700230493FEF70FBD1AEE101AD6
:1057D00022AA484605F0FEFF00287EF430AE1C9D4C
:1057E0000E9B249C5D1B0DF19408FFF754BA3023E7
:1057F0008DF86C3058238DF86D30049B632B4AF084
:10580000020400F3A7800023089335ADDDE91012F0
:105810004AF481730793002A27F02003A2460393DA
:10582000C0F28A80002342EC181B0A93612F00F01B
:105830001581412F7FF45FABB0EE480AF0EE680AA5
:105840001CA805F0C1FE00224FF07F5351EC100B55
:10585000EAF730FF02460B4643EC192B00220023E7
:10586000EBF744FE08B101231C93B74B0B93049B49
:105870001995CDE90CB7CDE90EA80CEE109ADDF81C
:105880002CB059EC198B5E1E2C4605E0002200233B
:10589000013EEBF72BFEE0B9AC4B002240464946F7
:1058A000EAF708FF89468046EBF768FE0546EAF707
:1058B00097FE0B46024649464046EAF743FD1BF871
:1058C0000530A24604F8013B731C374680468946E2
:1058D000DCD149EC198B9E4BDDF830B0DDF83C8013
:1058E000CDF830A051EC190B00223E46DDF838A06F
:1058F0000D9F0D951CEE109A199DEBF71FFE98BB9E
:1059000051EC190B924B0022EBF7F0FD10B10D9BFF
:10591000D90729D4002E334606DB01332344302235
:1059200004F8012BA342FBD1631B56460E93DDF80E
:105930001CA0FFF704BB0893DDE9103408EE103A11
:1059400004F1004308EE903A2D230A936EE7049B7E
:10595000EC18E6E6591C484604F044FD05460028CC
:1059600000F04381089051E70C9B20930B9B14F8A7
:10597000012CD97B8A42234609D1302003F8010C3F
:10598000209B5A1E209213F8012C9142F6D0392AFE
:105990000BBF0B9A0132927AD2B203F8012CC3E703
:1059A000049BB0EE480AF0EE680A5C1C20AB019341
:1059B0001DAB009322461CAB0221484603F004F8BD
:1059C000054656462C44DDF81CA0AAE630238DF887
:1059D0006C3078230FE75F4A0A92FEF7D6BF049B2C
:1059E000002B08BF01230493119B4AF48072002B03
:1059F0000792C0F2D9809DED108B08900A90FFF7B6
:105A000081BA0C46904601330A9AC8F80020344403
:105A1000072BCDE92334C8F804607FF7A8AC1AEE51
:105A2000101A22AA484605F0D5FE00287EF407ADDC
:105A3000DDE923340DF194089BE40D9B079324E6E4
:105A4000119B454D454A002BB6BF2D239DF86B3069
:105A50008DF86B302AF0800AFEF7D8BD1CA8B0EE96
:105A6000480AF0EE680A05F0AFFD00224FF07F53C0
:105A700051EC100BEAF71EFE02460B4643EC192BC5
:105A800000220023EBF732FD08B101231C93344BB5
:105A90000B93ECE6672715990B78FF2B00F0B0808D
:105AA00000240D9A204603E001300131FF2B08D07D
:105AB000934206DAD21A4B78002BF5D10B780134D9
:105AC000F4E715910D920F900C940C9A0F9B189976
:105AD0001344079A01FB0323079323EAE373039319
:105AE000FFF799BA129BD3181944079166274BE622
:105AF000002956D130228DF87A200DF17B02303307
:105B000002F8013B1EABD31A1693FFF76DBA07F1EB
:105B10000F02D2B20121FFF725BA51EC180B002277
:105B20000023EBF7E3FC00287FF4F4AD049BC3F102
:105B300001031C93EFE5C3F101031A4422EAE27367
:105B4000079203936727ABE580E20108000030402D
:105B50000000E03FB0E2010864E2010868E20108E9
:105B60006CE20108F4077FF54AAAFFF744BA264A17
:105B70000A922AE4049A06F0010656EA020304D1C6
:105B800001230393662707938AE5129B01331A4486
:105B900022EAE27307920393662781E51A4B0A9380
:105BA00097E40DF17A02AAE70890C5E6164A0A9230
:105BB000D2E4099B9BF80170934653F8042B099398
:105BC00042EAE2720492FEF70EBB02231693FFF73D
:105BD0000BBA1AEE902A0C2313604FF0FF33059393
:105BE000FEF73EBC084A0A920DE71AEE101A8B899E
:105BF00043F0400213468A81FEF72BBC049CE0E68A
:105C000000230C930F9360E7B0E201082DE9F84FF1
:105C10004B6E9C0490462DD59368126843B38B4617
:105C2000064602F1080959E9025A5FEA9A0715D0B7
:105C3000043D002401E0A7420ED055F8041F5A4647
:105C4000304604F027F8431C04F10104F3D100238B
:105C5000C8E90133BDE8F88FD8F808302AF0030A04
:105C6000A3EB0A03C8F8083009F10809002BDAD1C0
:105C70000020ECE704F098F90023C8E90133BDE8FF
:105C8000F88F00BF10B494681CB15DF8044BFFF7A7
:105C9000BDBF204654605DF8044B70472DE9F04FBE
:105CA0002DED028BBBB008EE101A08EE900A1C46D0
:105CB0001746039318B1836B002B00F09C8218EEFB
:105CC000102A536EDE0740F19E81B2F90C108AB2A1
:105CD000900409D441F4005218EE101A4B6E8A81D8
:105CE00023F4005392B24B66110740F1F88018EE8E
:105CF000103A1B69002B00F0F28002F01A030A2B05
:105D000000F0FE8011AB0E930023CDE90F33CDE9F7
:105D1000083306930DF14409079302933B78002B57
:105D200000F05B813C4604E014F8013F002B00F0DA
:105D30003481252BF8D1E51B40F031812378002BED
:105D400000F04B814FF0000300258DF83330671CC5
:105D5000637801954FF0FF3B2B240137A3F120021C
:105D60005A2A00F26181DFE812F0AB025F015F01A5
:105D7000A7025F015F015F016A005F015F014902E5
:105D80007E025F015402B9025F01B5025B005B0055
:105D90005B005B005B005B005B005B005B005F0126
:105DA0005F015F015F015F015F015F015F015F01F3
:105DB000360284005F015F015F015F015F015F01E7
:105DC0005F015F015F015F01E5005F015F015F014E
:105DD0001A025F016C025F015F014C055F015F0108
:105DE0005F015F015F015F015F015F015F015F01B3
:105DF000360286005F015F015F016202860080005B
:105E00005F0158025F019402E700820280005F0197
:105E10001A027E006C055F015F016E055F017E0066
:105E2000A3F13002002117F8013B01EB810102EBE5
:105E30004101A3F13002092AF5D901918EE718EE4C
:105E4000900A04F053FA436808931846EBF738FABF
:105E50000990064618EE900A04F048FA8368079302
:105E6000002E40F0A9843B7877E73B7845F0200589
:105E700073E745F01005AC06039E40F182810736BA
:105E800026F007063246736852F8086B039298466C
:105E9000002BC0F25984BBF1FF3F00F03E8556EA6B
:105EA000080325F0800A00F034840A2E78F10003FC
:105EB00080F0EB84303601238DF8E760554600937F
:105EC0000DF1E704009A9DF833305A45B8BF5A46A1
:105ED0009046002B00F0B78002F10108B3E018EE05
:105EE000101A18EE900A18EE105A02F055FC00280D
:105EF00040F0AC85AA8902F01A030A2B7FF402AFA6
:105F000018EE101AB1F90E30002BFFF6FBAE4B6EF7
:105F1000DE0702D4950540F1778518EE101A18EEC9
:105F2000900A23463A463BB0BDEC028BBDE8F04FE9
:105F300000F0B2BD45F0100515F0200800F0128108
:105F4000039E073626F007063346D6F8048053F83A
:105F5000086B039325F4806A00234FF000028DF84C
:105F60003320BBF1FF3F00F0D38156EA08022AF04C
:105F7000800540F0CC81BBF1000F40F0D184002BB4
:105F800040F0CC831AF00103009300F0FC8330232F
:105F90008DF8E7300DF1E70494E7E51B1DD00F9B6A
:105FA000109A01332A44072BC9E9007510920F9308
:105FB00005DC09F10809029B2B440293BEE6002A86
:105FC00000F0A38318EE101A18EE900A0EAAFFF73D
:105FD0001DFE40B90DF14409EDE7109B002B40F088
:105FE000248500230F9318EE102A536ED90740F131
:105FF000AE8093895B0600F1328502983BB0BDEC20
:10600000028BBDE8F08FB2F90C108D0518EE103A36
:106010008AB23FF55DAE18EE105A986D04F06EF935
:10602000B5F90C108AB253E6002BD6D08DF8843027
:106030004FF001084FF000038DF83330CDF80080A9
:1060400021AC4FF0000B15F00203049318BF08F1C8
:10605000020815F08403059305D1019BA3EB080604
:10606000002E00F37F82DDE90F21501C9DF8336084
:106070008EB10DF133020131C9F8002007284FF02D
:106080000102CDE90F01C9F8042000F34C82024659
:1060900009F108090130049BEBB10DAB0231C9F8DD
:1060A000003007284FF00203CDE90F01C9F8043092
:1060B00040F35382002900F0238318EE101A18EEE3
:1060C000900A0EAAFFF7A2FD00288CD1DDE90F216E
:1060D0000DF14409501C059B802B00F05A81009B58
:1060E000ABEB0306002E00F3BD81009BC9F8004016
:1060F00019440728CDE90F01C9F8043040F346815F
:10610000002900F0898218EE101A18EE900A0EAAE3
:10611000FFF77CFD00287FF466AF10990DF144096C
:10612000680705D5019BA3EB0804002C00F37E82D1
:10613000DDE901234245ACBF9B184344029300298B
:1061400040F0E08100230F930DF14409E6E59389C7
:106150009A053FF54FAF18EE104AA06D04F0D0F845
:10616000A38947E715F0100340F03E8315F0400285
:1061700000F0FD83039A52F8046B03929846B6B27E
:10618000E8E656F8043B0396E80600F10883690642
:1061900040F1028343F3C0381EB2434678E6039EC3
:1061A00056F8044B4FF000038DF83330002C00F00C
:1061B000C583BBF1FF3F00F049835A4600212046CA
:1061C000EBF7EEF8002800F02484031B00930396FD
:1061D0004FF0000B76E6039E4FF000038DF833304E
:1061E0004FF0010856F8043B8DF884300396CDF843
:1061F000008021AC25E703F051FC60E5039B53F8D8
:10620000042B0192002A80F2BA82019A039352422F
:1062100001923B7845F004059FE53B786C2B03BF6A
:106220007B7845F02005013745F0100595E53B7872
:10623000682B03BF7B7845F40075013745F04005B6
:106240008BE545F0100A1AF0200800F06E82039EDC
:10625000073626F007063346D6F8048053F8086B55
:106260000393012379E63B788DF8334075E5039B72
:1062700053F8046B039330238DF8343078238DF872
:106280003530C24B069345F0020A4FF00008022356
:1062900063E6AE0600F19E82EC0600F147836806D5
:1062A00000F1A483A90540F14183039E029A56F8A8
:1062B000043B03961A7031E53B7845F001054CE547
:1062C0009DF83330002B7FF4CEAD20238DF8333092
:1062D0003B7842E53B7845F080053EE5394611F8CC
:1062E000013B2A2B00F0C483A3F13002092A0F4698
:1062F0004FF0000B3FF632AD17F8013B0BEB8B0B69
:1063000002EB4B0BA3F13002092AF5D926E5AA4688
:10631000012B3FF4CAAD022B3AAC12D1069A06F01B
:106320000F033609D35C04F8013D46EA08764FEACC
:10633000181856EA0803F2D13AAB1B1B55460093D6
:10634000C0E506F00703F60846EA48764FEAD808A3
:10635000303356EA0801224604F8013DF1D11AF023
:10636000010FE9D0302BE7D03023023A04F8013C8A
:106370003AAB9B1A554600931446A3E50099119435
:106380000123129110910F930DF1440909F10809AD
:10639000C6E6019BA3EB0806002E7FF7A0AE102EE9
:1063A00040F36283DFF8E8A15346CDE90445BA46DD
:1063B00018EE904A18EE105A084696461F4607E017
:1063C0000EF1020C09F108099646103E102E1FDD51
:1063D0000EF1010210301023072ACDE90F20C9F871
:1063E0000070C9F80430EBDD0EAA002800F095809B
:1063F000294620460DF14409FFF708FC00287FF4E8
:10640000F2ADDDE90FE0103E102E0EF1010CDFDCE5
:10641000DDE904453B46014657469A463144BCF106
:10642000070FCDE90FC1C9F800A0C9F8046040F317
:10643000AD81002900F0CA8218EE101A18EE900AF9
:106440000EAAFFF7E3FB00287FF4CDAD009BDDE94A
:106450000F21ABEB0306002E02F101000DF1440900
:106460007FF743AE102EDFF828A137DD5346CDE984
:106470000445BA4618EE904A18EE105A4FF0100B29
:10648000084694461F4607E00CF1020E09F1080980
:106490009446103E102E1ADD0CF101021030072A2E
:1064A000C9E9007BCDE90F20EEDD0EAA20B3294615
:1064B00020460DF14409FFF7A9FB00287FF493ADB6
:1064C000DDE90FC0103E102E0CF1010EE4DCDDE919
:1064D00004453B460146574670469A4631440728D4
:1064E000CDE90F01C9F800A0C9F8046000F3F280FB
:1064F00009F108090130F8E54FF0010E84460DF16D
:106500004409C6E718EE101A18EE900A0EAAFFF713
:106510007DFB00283FF416AE65E54FF0010C864682
:106520000DF1440951E7002900F0E78018EE101A38
:1065300018EE900A0EAAFFF769FB00287FF453AD0E
:10654000DDE90F210DF14409501CA4E502210DAB3A
:106550001291119301200DF14409024609F1080935
:10656000501CB8E5102E40F35A82DDE90FC1DFF868
:1065700024A0CDF828B00B95A34618EE105A544627
:10658000102318EE90AA08460EE000BF6CE2010846
:10659000D0E20108C0E201080CF1020E09F108097D
:1065A0009446103E102E1CDD0CF101021030072A1B
:1065B000C9E90043CDE90F20EEDD0EAA30B329462C
:1065C00050460DF14409FFF721FB00287FF40BAD85
:1065D000DDE90FC0103E102E0CF1010E4FF010033C
:1065E000E2DCA2460B9D5C46DDF828B0014672460F
:1065F0003144072ACDE90F21C9F800A0C9F8046089
:1066000000F3AB8009F10809501C2FE584464FF0D8
:10661000010E0DF14409C4E76C070F9152D5019B9F
:10662000A3EB0804002C4DDD0DF14409102C40F3C0
:106630000882DFF85CA40F9A0B46BB4649465746D2
:1066400018EE109A18EE90AA102505E0901C08315B
:106650003246103C102C18DD561C1033072EC1E9B1
:106660000075CDE90F63F1DD0EAA3BB349465046F4
:10667000FFF7CCFA00287FF4B6ACDDE90F23103C1D
:10668000102C02F1010011A9E6DC8946BA46194630
:106690005F4621440728C9E900A4CDE90F017FF72F
:1066A00047AD79B118EE101A18EE900A0EAAFFF74E
:1066B000ADFA00287FF497AC109939E501201A460D
:1066C00011A9C6E7DDE901234245ACBF9B1843444D
:1066D000029337E500293FF451AE18EE101A18EE78
:1066E000900A0EAAFFF792FA00287FF47CAC0F986C
:1066F000109901300DF14409F7E4049B002B79D186
:1067000001200A460DF14409E5E40F920DF1440918
:1067100051E4BBF1000F7FF4CDAB55464FF0000BB9
:10672000CDF800B03AACFFF7CDBB1AF010033CD166
:106730001AF0400200F00C81039A52F8046B0392A5
:106740009846B6B2012308E42D2376428DF8333003
:1067500068EB4808AA46012303E400297FD018EE1D
:10676000101A18EE900A0EAAFFF750FA00287FF4CC
:106770003AACDDE90F210DF14409501C76E4039396
:106780003B78FFF7EABA3AACFFF79CBB09F108097E
:106790000CF101006246A2E4AA0500F12F814FEA44
:1067A000E3781E464346FFF773BB039B53F8046B25
:1067B00003930123FFF7D1BB079B002B3FF453AB9F
:1067C000079B1B78002B3FF44EAB3B7845F480656C
:1067D000FFF7C3BADDE9021656F8042B0396CB1770
:1067E000C2E90013FFF79ABA039B53F8046B0393B3
:1067F000FFF7B0BB02210DAB129111930DF14409CB
:10680000ACE6A04A069215F0200836D0039E073663
:1068100026F007063246D6F8048052F8086B039239
:10682000EA0709D556EA080206D08DF8353030233C
:1068300045F002058DF8343025F4806A0223FFF715
:106840008CBBAA46FFE4904A0692DCE720460396FA
:10685000EAF736FD4FF0000B0090FFF733BB9DF8D1
:106860003320002A00F0B88001200DF1330212908D
:1068700011920DF14409014609E415F0100242D0CD
:10688000039A52F8046B0392CAE70AF48063CDF8C6
:1068900000B0CDF81090BB46DDF81C9000253AAC56
:1068A0001F4609E030464146EAF766F90A2E78F1BC
:1068B00000031BD306468846304641460A22002381
:1068C000EAF75AF91146303104F8011C0A22002374
:1068D000013C0135002FE5D099F80010A942E1D123
:1068E000FF2DDFD00A2E78F100035BD23AAB1B1BE1
:1068F000CDF81C905F46DDF81090DDF800B00093F5
:106900005546FFF7DFBA15F040013ED0039951F824
:10691000046B03919046B6B282E7AA46FFF7C5BA68
:10692000012BAA467FF4F7ACFFF7C4BA039E029A84
:1069300056F8043B1A600396FFF7F0B95B46062B46
:1069400028BF0623514C009303969846FFF779BB66
:10695000039B1AF4007814BF53F8046B53F8046BCC
:1069600003931CBF9046F6B20123FFF7F6BA039BD0
:1069700015F4007814BF53F8046B53F8046B0393B9
:106980001CBF9046F6B2FFF7E5BA039A15F40078FB
:1069900014BF52F8046B52F8046B03921CBF884674
:1069A000F6B23DE7099B0899E41A1A46204604F01E
:1069B000DFFE99F801300BB109F10109304641467B
:1069C0000A2200230025EAF7D7F873E701200A46D8
:1069D0000DF14409FFF783BB049B002B7FF4B6AD98
:1069E0000A4601200DF14409FFF779BB039E029A84
:1069F00056F8043B03961A80FFF790B943F3C0188A
:106A00005EB24346FFF744BA886D03F079FCFFF7A6
:106A100084BACDF800B003968346FFF753BA0F9AB5
:106A20001099DFF86CA00132E2E518EE101A18EEAA
:106A3000900A0EAAFFF7EAF800283FF4D2AAFFF75F
:106A4000D2BA0F98DFF848A0013022E66B6EDB0760
:106A500005D4AB899F0502D4A86D03F051FC4FF01B
:106A6000FF330293FFF7C9BADFF828A08446D5E4C4
:106A7000039A7B780F4652F8041B039241EAE17BAC
:106A8000FFF76BB980E201086CE2010894E20108AB
:106A9000C0E20108D0E2010870B50C468989ADF565
:106AA0008E6D21F00201ADF81410616E1B91E18929
:106AB000ADF81610E1690991616A0B911CA9029168
:106AC00006914FF4806106460491079118A80021B1
:106AD000CDE90032089103F00DFCDDE9003202A996
:106AE0003046FFF7DBF8051E07DB02A9304602F04F
:106AF000A1FF002818BF4FF0FF35BDF814305B062A
:106B000003D5A38943F04003A381189803F0F4FB55
:106B100028460DF58E6D70BD2DE9F04F2DED0A8BD9
:106B2000CFB01C460AEE101A91460AEE900A0546AE
:106B300003F0DCFB0368139318460994EAF7C0FBE3
:106B400012901DB1AB6B002B00F048821AEE102A98
:106B5000536EDB0740F14781B2F90C309AB29604CC
:106B600009D41AEE101A43F400538B819AB24B6E7B
:106B700023F400534B66150740F1CC801AEE103A0F
:106B80001B69002B00F0C68002F01A030A2B00F0EC
:106B9000D2804D469FED9C7B2B78002425AACDE921
:106BA0002344CDE91544CDE917448DED107B1AEE51
:106BB000909A0E942292904614940694002B00F022
:106BC000B081AB4604E01BF8013F002B00F0CD8004
:106BD000252BF8D1BBEB050640F0CB809BF80030AD
:106BE000002B00F09E8100234FF0FF329BF80170D4
:106BF0008DF86B3005930BF1010B04929A462B2410
:106C000020210BF1010BA7F120035A2B00F2008188
:106C1000DFE813F00A03FE00FE000503FE00FE009D
:106C2000FE006A00FE00FE0076029E02FE00810267
:106C3000A802FE00A3025B005B005B005B005B0040
:106C40005B005B005B005B00FE00FE00FE00FE00E0
:106C5000FE00FE00FE008E01FE001602ED018E0118
:106C60008E018E01FE00FE00FE00FE000003FE000D
:106C7000FE004502FE00FE00FE002002FE00C202F1
:106C8000FE00FE009907FE00FE00FE00FE00FE0072
:106C9000FE00FE00FE008E01FE001602EF018E01D6
:106CA0008E018E01E602EF01E801FE00F302FE0014
:106CB00086024702D402E801FE0020027D0075072B
:106CC000FE00FE007907FE007D00A7F130030022E0
:106CD0001BF8017B02EB820203EB4202A7F13003B7
:106CE000092BF5D905928EE7484603F0FFFA436871
:106CF00017931846EAF7E4FA18900646484603F058
:106D0000F5FA836815932021002E40F0E9869BF860
:106D1000007076E71AEE101A1AEE900A1AEE105A60
:106D200001F03AFD002841F02783AA8902F01A03F6
:106D30000A2B7FF42EAF1AEE101AB1F90E30002B89
:106D4000FFF627AF4B6ED90702D4920541F15A8165
:106D50001AEE101A1AEE900A23464A464FB0BDECBE
:106D60000A8BBDE8F04F01F09FBCBBEB050600F0BD
:106D7000D880249B33442493239B0133072BC8E9F9
:106D80000056239305DC08F10808069B334406935C
:106D900024E71AEE101A22AA4846FEF773FF90B9AC
:106DA0000DF19408F1E71AEE101A22AA4846FEF7F0
:106DB00069FF002800F0A680089B23B11AEE900A14
:106DC000194602F0EBFF1AEE102A536ED80740F175
:106DD000FA8093895A0601F1D88206984FB0BDEC2B
:106DE0000A8BBDE8F08FB2F90C309F059AB23FF5DF
:106DF000B6AE1AEE105AA86D03F080FAB5F90C3051
:106E00009AB2ACE6AFF30080000000000000000082
:106E1000002F00F0868000238DF8D4708DF86B3041
:106E20000122CDE90723039204930C930F930D9352
:106E300035AD1AF002020A9202D0039A023203928E
:106E40001AF084020B9205D1059A0399561A002E66
:106E500000F36883249C8BB1239B0DF16B020133FB
:106E60000134C8F80020072B4FF00102249423932B
:106E7000C8F8042000F39F8308F108080A9B83B137
:106E8000239B1BAA01330234C8F80020072B4FF0C4
:106E9000020224942393C8F8042000F3998308F194
:106EA00008080B9B802B00F06A82049B079A9E1AAD
:106EB000002E00F3AB821AF4807F40F00682079B1D
:106EC000C8F804301C44239BC8F800500133072B3A
:106ED0002494239300F3198308F108081AF0040F8F
:106EE00005D0059B039A9D1A002D00F38583DDE9EB
:106EF000052303998A42ACBF9B185B180693002CAC
:106F00007FF451AF00232393089B1BB10899484697
:106F100002F044FF0DF194085D462B78002B7FF4BE
:106F200050AE249B002B41F01B82002323934AE7A1
:106F3000099B073323F00703B3EC027B8DED107B35
:106F4000DDE91012099322F000430BEE101A0BEE4C
:106F5000903A4FF0FF32B0EE4B9AF0EE6B9AB74B8F
:106F600051EC190BEAF7F4FA002840F0E884B34B2F
:106F700051EC190B4FF0FF32EAF7CCFA002840F041
:106F8000DE84DDE9100100220023EAF7B9FA0028C7
:106F900040F067879DF86B30A94DAA4A2AF0800A15
:106FA0000321472FC8BF154600220892039107917D
:106FB00004920C920F920D92002B3FF43AAF039A79
:106FC0000132039235E7938999053FF503AF1AEE35
:106FD000104A906D03F094F9A389FBE6284602F06D
:106FE0005DFDB3E59BF800704AF0200A09E64AF01F
:106FF000100A1AF0200F099B00F04084073323F099
:1070000007031A465B6852F8084B09921E46002B8C
:10701000C0F24384049B013300F0BC822AF0800359
:10702000039354EA060340F0B782049B002B40F020
:10703000B882DDF80CA00023049307934EAD1FE146
:10704000099A002352F8041B8DF86B308DF8D41088
:107050000992E5E6099C54F8045B00268DF86B6004
:10706000002D00F08F85049B5A1C00F051861A46B3
:1070700031462846EAF794F90890002801F02F815C
:10708000089B0496591B079121EAE1719DF86B302A
:107090000994039108960C960F960D968CE74AF08A
:1070A000100A1AF0200600F0C983099B073323F069
:1070B00007035E6853F8084B09932AF4806303932F
:1070C000002300228DF86B20049A551C00F0C0802C
:1070D000039921F0800A54EA060140F0B780002AA3
:1070E00040F00786002BA6D1039B13F00103079302
:1070F00000F0148430238DF837310DF23715BFE0DE
:10710000099B53F8042B0592002A80F2D583059A37
:107110000993524205929BF800704AF0040A70E508
:107120001AF0200F40F0D1841AF0100F40F0E785DC
:107130001AF0400F40F0A9861AF4007F00F0DF85B6
:10714000099B069953F8042B099311705D46E4E6F8
:107150009BF800708DF86B4053E59BF800704AF087
:10716000800A4EE55A4612F8017B2A2F01F06F8201
:10717000A7F13003092B934698BF002201F2EC805F
:107180001BF8017B02EB820203EB4202A7F1300302
:10719000092BF5D9049236E54AF010030393039BBB
:1071A00013F0200600F05983099B073323F00703EF
:1071B0005E6853F8084B0993012382E7099B53F853
:1071C000044B099330234AF0020278278DF86C3083
:1071D0001D4B149303928DF86D700026022370E707
:1071E0009BF80070682F03BF9BF801704AF4007A87
:1071F0000BF1010B4AF0400A03E59BF800706C2F7D
:1072000003BF9BF801704AF0200A0BF1010B4AF012
:10721000100AF6E49BF800704AF0080AF1E49BF8C3
:1072200000704AF0010AECE49DF86B30002B7FF40B
:107230006EAD9BF800708DF86B10E2E4FFFFEF7FFE
:107240005CE2010860E201086CE20108CDF80CA0E4
:10725000012B00F0A181022B4EAD20D1149A04F035
:107260000F032409D35C05F8013D44EA067436098E
:1072700054EA0603F3D14EAB5B1BDDF80CA0079379
:10728000049907989DF86B3081424FF00002B8BF17
:107290000146089203910C920F920D928CE604F035
:1072A0000703E40844EA4674F608303354EA06015A
:1072B0002A4605F8013DF2D10399CC0700F1758209
:1072C0004EAB5B1B8A460793DAE7652F40F3D78006
:1072D000DDE9100100220023EAF708F9002800F098
:1072E000C681239BC14AC8F8002001330134012222
:1072F000072B24942393C8F8042000F3DE8408F1BC
:1073000008081C9B0E9A934280F2D182129B139A1A
:107310001C44C8E90023239B24940133072B2393A7
:1073200000F3228408F108080E9B5D1E002D7FF7F4
:10733000D5AD102D239B41F36981AD4F0A972246AD
:1073400010261AEE104A05E008F10808103D102D2D
:1073500040F3C18401331032072BC8E90076CDE930
:107360002332F1DD22AA21464846FEF78BFC002895
:107370007FF422ADDDE923320DF19408E6E7059BA9
:10738000039A9E1A002E7FF790AD102E239B41F397
:107390003F8097490B9522461AEE105A0A910C46E7
:1073A00004E0103E102E08F1080819DD01331032F8
:1073B0001021072BCDE92332C8F80040C8F804108B
:1073C000EFDD22AA294648460DF19408FEF75AFC43
:1073D00000287FF4F1AC103E102EDDE92332E5DC0D
:1073E0000B9D144601330A9AC8F800203444072B39
:1073F000CDE92334C8F8046000F3A883049B079AFE
:107400009E1A002E08F108087FF755AD102E239B19
:1074100040F30F8576480A90424621461AEE108ABC
:10742000044604E0103E102E02F1080216DD01337E
:1074300010311020072BCDE9233114605060F1DDAD
:1074400022AA41464846FEF71DFC00287FF4B4AC52
:10745000103E102EDDE9233125AAE8DC90460C46CB
:1074600001330A9AC8F800203444072BCDE92334AD
:10747000C8F8046000F3D48108F108081BE50E9BEE
:10748000012B40F37381239EC8F80050013601346C
:107490000123072E24942396C8F8043000F3968322
:1074A00008F10808129B139A01361C44072EC8E9FC
:1074B0000023CDE9236400F3978308F10808DDE990
:1074C000100100220023EAF711F8002840F07B8128
:1074D0000E9B0136013B01351C44072EC8F80050B5
:1074E0002396C8F80430249400F3518108F1080869
:1074F000169BC8F8043001361C44072E1EABCDE99C
:107500002364C8F800307FF7E7AC1AEE101A22AAFD
:107510004846FEF7B7FB00287FF44EAC249C0DF1E3
:107520009408DBE4102EDDE9233222DD19951024C6
:107530001AEE105A04E0103E102E08F1080817DD6C
:1075400001332C491032072BC8E90014CDE923324E
:10755000F1DD22AA294648460DF19408FEF792FB78
:1075600000287FF429AC103E102EDDE92332E7DC41
:10757000199DC8F804600133B418072B1D4AC8F8D8
:107580000020CDE9233400F37D839DF86B3008F1B2
:10759000080860E4CDF80CA00A2C76F1000380F016
:1075A000318330340123DDF80CA08DF83741079387
:1075B0000DF2371564E61AEE101A22AA4846FEF7B5
:1075C00061FB00287FF4F8AB249C0DF1940855E48E
:1075D0001AEE101A22AA4846FEF754FB00287FF440
:1075E000EBAB249C0DF194085BE400BF9CE2010826
:1075F000F0E20108E0E20108102D239B20DD1AEEE5
:10760000107A102604E0103D102D08F1080817DD4F
:107610000133AC4A1034072BC8E90026CDE92334E6
:10762000F1DD22AA394648460DF19408FEF72AFBFF
:1076300000287FF4C1AB103D102DDDE92334E7DCD9
:107640000133A04AC8F804502C44072BCDE9233459
:10765000C8F800207FF74BAC1AEE101A22AA484651
:10766000FEF710FB00287FF4A7AB249C3FE41C9A94
:10767000002A40F32B81DDE90D739F42A8BF1F460E
:10768000002F0BDD239B01333C44072BC8E9005737
:107690002494239300F3D58508F108080D9E002F4C
:1076A000A8BFF61B002E00F344830D9B1AF4806FD5
:1076B0002B44079340F0E3841C9B0E9A934203DB18
:1076C0001AF0010F00F0D283129A13991444C8E9FA
:1076D0000012239A24940132072A239200F3BF85D3
:1076E00008F108080E9A0799AE18761AD51AAE4214
:1076F000A8BF2E46002E0DDD239BC8F800100133D5
:107700003444072BC8F804602494239300F30986BB
:1077100008F10808002EA8BFAD1B002D7FF7DEABD7
:10772000102D239B40F37287674F0A97224610263D
:107730001AEE104A05E008F10808103D102D40F33C
:10774000CA8201331032072BC8E90076CDE9233213
:10775000F1DD22AA21464846FEF794FA00287FF47C
:107760002BABDDE923320DF19408E6E71AF0010FA7
:107770007FF489AE239EC8F80050013601340123FE
:10778000072E24942396C8F804307FF7AFAE1AEE84
:10779000101A22AA4846FEF775FA00287FF40CABAF
:1077A000DDE923640DF19408A2E6302B3FF463ADCC
:1077B0003023023A05F8013C4EAB9B1ADDF80CA0D1
:1077C000079315465CE50E9B5D1E002D7FF790AE7E
:1077D000102D40F321873C4ACDF810A023461AEE25
:1077E00010AA0A921027144605E008F10808103D77
:1077F000102D40F3E38201361033072EC8E900470D
:10780000CDE92363F1DD22AA51464846FEF73AFA54
:1078100000287FF4D1AADDE923630DF19408E6E79F
:107820001AEE101A22AA4846FEF72CFA00287FF416
:10783000C3AA249C0DF19408FFF73DBB1AF0100376
:1078400040F03D811AF0400200F0C882099A52F8D7
:10785000044B09921E46A4B22FE4039B13F01003BD
:1078600066D1039A12F0400200F0C682099A52F8DB
:10787000044B09921E46A4B2012322E453F8044BA0
:1078800009931AF0100F4FD11AF0400F48D044F36B
:10789000C036334624B2FFF7BABB2D2364428DF8BD
:1078A0006B3066EB4606CDF80CA001230CE41AF011
:1078B000010F3FF413AB29E59BF800700993FFF724
:1078C000A0B900BFE0E20108F0E20108239BB6493D
:1078D000C8F80010013301340121072B24942393AD
:1078E000C8F8041000F3848408F10808002A40F066
:1078F00046820E9A0AF0010313433FF4EFAA129B4B
:10790000139A1C44C8E90023239B24940133072BBA
:10791000239300F3688308F1080841E24EADAFE419
:107920001AF4007F40F0AB82E6173346FFF76FBBD7
:10793000099B53F8044B09930123FFF7C2BBDDE910
:10794000100102460B46E9F703FE002840F02E86A0
:10795000612F00F07F85412F00F0A082049B01334E
:1079600027F02003039300F0C085472B00F0AB8580
:10797000DDE910014AF48072002907924FF00003FC
:10798000C0F2458441EC180B0A930893039B462BE5
:1079900000F07484452B00F02585B0EE480AF0EE27
:1079A000680A20AB01931DAB0093049A1CAB022123
:1079B000484601F009F8039B472B054640F05E86D8
:1079C0001AF0010F5646DDF81CA040F0E384209B1E
:1079D0005B1B0E93039B472B00F01B83039B462BE3
:1079E00000F089841C9B0D930D9B039A013B412A57
:1079F0001C9300F0E985FAB20021002BB8BF0D9B63
:107A00008DF87820BABFC3F101032D222B22092B58
:107A10008DF8792040F36D850DF18704DFF898C16A
:107A2000224610468CFB0321DA17C2EBA10202EBBF
:107A30008201A3EB4101303100F8011C1946632992
:107A4000134600F1FF32ECDC3033D9B2831E9C4286
:107A500002F8011C40F20E8613460DF17A0201E095
:107A600013F8011B02F8011B9C42F9D10DF18903A7
:107A70000DF17A021B1A13441EAA9B1A16930E9B31
:107A8000169A012B1A44079240F3B285079B129A6B
:107A900013440793079A002326F4806622EAE272D1
:107AA00046F4807A0C9303920F930D930A9B002B5C
:107AB00040F0DE8204939DF86B30FFF77DBA099B9E
:107AC00053F8044B0993FFF7F8BA099B069853F84B
:107AD000041B0993C217C1E900025D46FFF71DBAF6
:107AE000159B002B3FF413A9159B1B78002B3FF42B
:107AF0000EA99BF800704AF4806AFFF782B8CDF8AF
:107B00000CA0FFF74CBB294B14931AF0200655D05C
:107B1000099B073323F007035E6853F8084B09936A
:107B20001AF0010F09D054EA060306D030238DF86D
:107B30006D704AF0020A8DF86C302AF4806303936A
:107B40000223FFF7BEBA1A4B1493DEE71AEE101A9F
:107B500022AA4846FEF796F800287FF42DA9249C17
:107B60000DF19408FFF7A1B91AEE101A22AA48469F
:107B7000FEF788F800287FF41FA9249C0DF19408D3
:107B8000FFF7D2BB049A0895062A294628BF062289
:107B900004952B460392074D099407920C910F917F
:107BA0000D91FFF709BA00BF9CE201086CE20108E1
:107BB00080E2010894E20108676666661AF0100325
:107BC00070D0099B53F8044B0993A9E71AEE101AD9
:107BD00022AA4846FEF756F800287FF4EDA8DDE912
:107BE00023640DF194085DE41AEE101A22AA4846A7
:107BF000FEF748F800287FF4DFA8DDE923640DF1E3
:107C000094085CE4039B002203F48063CDE90778C9
:107C100009EE109A0DF59C7ADDF8549017469846B7
:107C20000CE00023204631460A22E8F7A5FF0A2C83
:107C300076F100031CD304460E46AA4620460A22CB
:107C400000233146E8F798FF30320AF1FF3501375B
:107C50000AF8012CB8F1000FE3D099F800309F42E8
:107C6000DFD1FF2FDDD00A2C76F1000380F0E58014
:107C7000CDF854900E97DDF82080079F19EE109AEA
:107C8000FFF7F9BA1AEE101A22AA4846FDF7FAFFD2
:107C900000287FF491A89DF86B30249C0DF1940886
:107CA000FFF7D9B81AF0400200F0B680099A52F8EE
:107CB000044B09921E46A4B232E71AEE101A22AA09
:107CC0004846FDF7DFFF00287FF476A8249C0DF1DD
:107CD0009408FFF716BB144601330A9AC8F800202F
:107CE0002C44072BC8F80450CDE923347FF7F4A8BF
:107CF0000BE4012BCDF80CA07FF4ADAA51E4099B55
:107D0000069953F8042B5D4611600993FFF705B9F6
:107D1000284604960994E9F7D3FA20EAE0719DF821
:107D20006B300790039108960C960F960D96FFF70F
:107D300043B9102E239B40F39684BC480A904246D8
:107D400021461AEE108A1027044604E00832103E3D
:107D5000102E40F33B8201331031072BC2E900475C
:107D6000CDE92331F2DD22AA41464846FDF78AFFDC
:107D700000287FF421A8DDE9233125AAE7E7129B3B
:107D800013991C44C8E90013239B24940133072B47
:107D9000239300F3288108F10808002AC0F2FD822D
:107DA0000E9AC8F8005001331444072BCDE9233450
:107DB000C8F804207FF790A8FFF7A7BBDDF810A054
:107DC0001C4601360A9BC8F800302C44072ECDE92A
:107DD0002364C8F804507FF789ABD8E4099B1AF4F0
:107DE000007614BF53F8044B53F8044B09931CBF9F
:107DF0001646E4B2FFF761B9039B13F40076099BC2
:107E000014BF53F8044B53F8044B09931CBF164698
:107E1000E4B20123FFF755B9099B1AF4007614BFA9
:107E200053F8044B53F8044B09931CBF1646E4B2B5
:107E300076E67E4A0A92FFF713BB189B1799ED1A54
:107E40001A46284603F094FC99F801300BB109F169
:107E50000109204631460A2200230027E8F78CFE5C
:107E6000E9E62D238DF86B30FFF796B80E9A079947
:107E7000AE18761AD51AAE42A8BF2E464AE444F38D
:107E8000C016334664B2FFF7C2B8099B069953F88F
:107E9000042B099311805D46FFF73FB830238DF81E
:107EA0006C3058238DF86D30049B632B4AF002042C
:107EB00000F3D5820023089335ADDDE910124AF4B2
:107EC00081730793002A27F02003A2460393C0F290
:107ED0009F81002342EC181B0A93612F00F04A8314
:107EE000412F7FF453ADB0EE480AF0EE680A1CA8AB
:107EF00003F06AFB00224FF07F5351EC100BE8F7C0
:107F0000D9FB02460B4643EC192B00220023E9F76C
:107F1000EDFA08B101231C93454B0B93049B199573
:107F2000CDE90C7BCDE90EA80CEE109ADDF82CB053
:107F300059EC198B5E1E2C4605E000220023013E01
:107F4000E9F7D4FAE0B93B4B002240464946E8F74E
:107F5000B1FB89468046E9F711FB0546E8F740FB8F
:107F60000B46024649464046E8F7ECF91BF8053057
:107F7000A24604F8013B731C374680468946DCD193
:107F800049EC198B2C4BDDF83C8051EC190B00228D
:107F90003E461CEE109ADDE90C7BCDF830A00D9525
:107FA000DDF838A0199DE9F7C9FA002840F03682BB
:107FB00051EC190B204B0022E9F798FA18B10D9BF0
:107FC000D90700F12B82002E334606DB0133234410
:107FD000302204F8012BA342FBD1631B56460E93BB
:107FE000DDF81CA0F6E41AEE101A22AA4846FDF7A6
:107FF00049FE00287EF4E0AEDDE923341C9A0DF141
:108000009408CAE61AEE103A986D02F079F9FEF774
:108010009FBE1C9B0D93DA1C02DB049A93420DDD7C
:10802000023F27F020030393DEE400BFF0E20108E3
:1080300080E20108000030400000E03FDDE90D3241
:108040009342C0F27F81F00740F19182129A13446B
:108050000793710503D50D9B002B00F35A82079BF4
:1080600023EAE3730393672700230C930F931DE523
:108070002D2300228DF86B300492FEF7A0BF0E9BDB
:10808000CDF828B0DDF83CB0079E159FCDF81CA0B8
:10809000EB1804934246DDF860A00C9B0B951AEE9A
:1080A000108AA446BBF1000F30D0002B71D1013FE4
:1080B0000BF1FF3B179BC2E9003A239B0133D444E9
:1080C000072BCDF890C0239367DC0832049B3878E7
:1080D0009B1B8342A8BF0346002B1C460BDD239845
:1080E00001309C440728C2E90063CDF890C023907A
:1080F0005FDC38780832002CACBF051B0546002D2C
:1081000017DC06440C9BBBF1000FCED1002B40D1F5
:108110000B9D0E9BDDF81CA0DDF828B01597EB1821
:108120009E429046324628BF1A4664460792FFF7A1
:10813000C3BA102D23981FDD1024634604E0103DC0
:10814000102D02F1080216DD0130B3491033072863
:10815000C2E90014CDE92303F1DD22AA41464846D5
:10816000FDF790FD00287EF427AE103D102DDDE9CF
:10817000230325AAE8DC9C460130A74B5560AC449C
:108180000728CDE9230C13604DDC3878083206440B
:10819000B8E70C9B013B0C938CE722AA414648466A
:1081A000FDF770FD00287EF407AEDDF890C025AA2B
:1081B0008CE722AA41464846FDF764FD00287EF47C
:1081C000FBAD3878DDF890C025AA94E790460C46C0
:1081D00001330A9AC8F800203444072BCDE9233430
:1081E000C8F8046000F3618108F10808FFF75DBA80
:1081F0001AEE101A22AA4846FDF744FD00287EF424
:10820000DBAD1C9A249C0DF19408FFF76FBB08931B
:10821000DDE9103408EE103A04F1004308EE903A1C
:108220002D230A9359E622AA41464846FDF72AFD26
:1082300000287EF4C1AD3878DDF890C025AA064448
:1082400060E71AEE101A22AA4846FDF71BFD002827
:108250007EF4B2AD249C0DF19408FFF71FBA1AEE1C
:10826000101A22AA4846FDF70DFD00287EF4A4ADA1
:108270001C9B249C0DF19408FFF734BA20AB0193AA
:108280001DAB0093049AB0EE480AF0EE680A1CABEE
:108290000321484600F098FB0378302B054600F098
:1082A00099811C9B049A56461344DDF81CA0EC18D7
:1082B00051EC180B00220023E9F718F910B12346FE
:1082C000FFF786BB209BA342BFF482AB30215A1C30
:1082D00020921970209B9C42F9D8FFF779BB049B30
:1082E0000393079309949DF86B3004900C900F90C2
:1082F0000D90FEF761BE1C9A0D92002A40F390810A
:10830000049906F001030B4340F02B810D9B07936A
:108310006627730500F1FE80079B23EAE37303934E
:10832000A2E61AEE101A22AA4846FDF7ABFC002876
:108330007EF442AD1C9D0E9B249C5D1B0DF19408A8
:10834000FFF7E8B90E9B129A9A180D9B0792002B23
:1083500040F353816727DCE700230493FEF753BC07
:108360001AEE101A1AEE900A22AAFDF78BFC0028CA
:108370003EF4DBADFEF727BD6B6EDC0705D4AB89A1
:10838000980502D4A86D01F0BBFF4FF0FF330693B0
:10839000FEF723BD049BEC188AE75642103280F2A8
:1083A0006F811D480A90424621461AEE108A102716
:1083B000044603E00832103E102E5ADD013310311E
:1083C000072BC2E90047CDE92331F3DD22AA41465C
:1083D0004846FDF757FC00287EF4EEACDDE923317A
:1083E00025AAE8E7049BB0EE480AF0EE680A5C1C98
:1083F00020AB01931DAB009322461CAB02214846E3
:1084000000F0E2FA054656462C44DDF81CA04FE782
:10841000014A0A92FEF7E6BFF0E201080C9B2093A6
:108420000B9B14F8012CD97B8A42234609D13020BA
:1084300003F8010C209B5A1E209213F8012C914244
:10844000F6D0392A0BBF0B9A0132927AD2B203F8D6
:10845000012CC2E530238DF86C30782322E5591CBD
:10846000484601F0BFFF0546002800F00C81089047
:1084700023E590460C4601330A9AC8F8002034449C
:10848000072BCDE92334C8F804607FF744AA1AEE1D
:10849000101A22AA4846FDF7F5FB00287EF48CACA2
:1084A000DDE923340DF194087AE41AEE101A22AAB9
:1084B0004846FDF7E7FB00287EF47EAC249C0DF1D6
:1084C0009408FFF7F2B8049B002B08BF0123049324
:1084D000119B4AF48072002B0792C0F29B809DEDA5
:1084E000108B0A900890FFF758BA06230493FFF701
:1084F0003FBA002940F0A88030228DF87A200DF193
:108500007B02303302F8013B1EABD31A1693FFF700
:10851000B6BA672715990B78FF2B00F0A7800024C7
:108520000D9A204603E001300131FF2B08D0934221
:1085300006DAD21A4B78002BF5D10B780134F4E728
:1085400015910D920F900C940C9A0F9B189913444F
:10855000079A01FB0323079323EAE3730393FFF7CF
:10856000A5BA129BD318194407916627D1E60D9B33
:1085700007936EE51CA8B0EE480AF0EE680A03F017
:1085800023F800224FF07F5351EC100BE8F792F8DC
:1085900002460B4643EC192B00220023E8F7A6FF06
:1085A00008B101231C933C4B0B93B7E4119B3B4D4B
:1085B0003B4A002BB6BF2D239DF86B308DF86B30F6
:1085C0002AF0800AFEF7ECBC07F10F02D2B20121BB
:1085D000FFF713BA51EC180B00220023E8F786FFCF
:1085E00000287FF45EAE049BC3F101031C9359E69F
:1085F000F4077FF54FAAFFF749BAC3F101031A4404
:1086000022EAE2730792039367272DE5254A0A922F
:10861000FFF762BB0890FBE5224B0A93FFF7D1BB43
:10862000049A06F0010656EA020304D101230393DB
:108630006627079318E5129B01331A4422EAE27376
:108640000792039366270FE50DF17A0259E7099B1C
:108650009BF80170934653F8042B099342EAE272A7
:108660000492FEF7CEBA0F4A0A92B1E500230C93AA
:108670000F9369E702231693FFF701BA049CC2E641
:10868000084A0A92F7E61AEE102A938943F040034B
:108690009381FEF798BB00BF6CE2010864E2010819
:1086A00068E20108F0E2010870B50C468989ADF571
:1086B0008E6D21F00201ADF81410616E1B91E189FD
:1086C000ADF81610E1690991616A0B911CA902913C
:1086D00006914FF4806106460491079118A8002185
:1086E000CDE90032089101F005FEDDE9003202A972
:1086F0003046FEF711FA051E07DB02A9304601F0ED
:1087000099F9002818BF4FF0FF35BDF814305B060B
:1087100003D5A38943F04003A381189801F0ECFD31
:1087200028460DF58E6D70BD10B51A4C00292468D1
:108730009AB02ADB009004904FF40270ADF80C0060
:1087400013D001394FF6FF7002910591ADF80E007C
:1087500069462046FBF7F4FC421C01DA8B232360B8
:10876000009B00221A701AB010BD4FF6FF700291E4
:108770000591ADF80E0069462046FBF7E1FC431C6D
:1087800001DA8B2323601AB010BD8B2323604FF0D6
:10879000FF30F8E71401002438B5334B1B68054659
:1087A0000C460BB19A6B12B3B4F90C3018079AB29D
:1087B00025D5216900292DD012F0010007D0002015
:1087C000A06060694042A06139B1002038BD9507C2
:1087D00058BF6069A0600029F7D1120658BF08464B
:1087E000F4D543F04003A3814FF0FF3038BD184665
:1087F00001F054F9B4F90C3018079AB2D9D4D10663
:108800002AD5520714D4216943F00803A3819AB2F0
:108810000029D1D102F42070B0F5007FCCD02146E0
:10882000284601F06FFDB4F90C3021699AB2C3E714
:10883000216B51B104F14002914204D0284601F06D
:10884000ADFAB4F90C300022226321690022C4E998
:10885000001223F02403D7E7092243F040032A60E3
:108860004FF0FF30A38138BD14010024024B13B137
:10887000024800F00DB8704700000000C19B0108DD
:1088800008B5062002F0E8FE0120EBF733F800BF40
:10889000002301461A46184603F0B2B82DE9F04FFE
:1088A00003690C69A34283B0C0F28780013C01F1E7
:1088B0001405A30000F11408009355F8243058F86B
:1088C0002420013381469A4208EB840005EB84079B
:1088D0000190B2FBF3F63BD30023AE4640469B46E5
:1088E0005EF804AB02681FFA8AFC06FB0C334FEA01
:1088F000134C4FEA1A4A06FB0ACA1FFA83FCABEB79
:108900000C0C1FFA8AF31CFA82FCC3EB124202EB36
:108910002C421FFA8CFC4CEA0243774540F8043B9A
:108920004FEA224B4FEA1A43DAD2009B58F8033041
:1089300073B9019B043B984504D307E0984504F1C3
:10894000FF3403D253F80429002AF7D0C9F81040A5
:10895000484602F01DFB00282BDB01364046002371
:1089600055F8041BD0F800C08AB29A1A0B0C12FA00
:108970008CF2C3EB1C4303EB224392B242EA034264
:10898000AF4240F8042B4FEA2343E9D258F82420A1
:1089900008EB84036AB9043B984504D307E0984583
:1089A00004F1FF3403D253F80429002AF7D0C9F8A0
:1089B0001040304603B0BDE8F08F002003B0BDE8A2
:1089C000F08F00BF000000002DE9F04F2DED068B69
:1089D00095B08DED020B0191016C249D099259EC2B
:1089E000108B0446069341B1426C4A6001239340C8
:1089F0008B6002F06BF800232364B9F1000AB4BF66
:108A0000012300232B607C4BBCBF2AF0004ACDF829
:108A10000CA033EA0A0300F0B2809DED027B002235
:108A200051EC170BB0EE479AF0EE679A0023E8F787
:108A30005DFD074680B1069A01231360259B002B3C
:108A400000F0DB826D481860431E0093009815B05B
:108A5000BDEC068BBDE8F08F12AA13A92046B0EE3C
:108A6000490AF0EE690A02F05BFBB0EE498AF0EECB
:108A7000698A5FEA1A56054640F09980DDE9127668
:108A80003E4406F23240202840F3AB83C0F1400060
:108A90000AFA00FA06F2124028FA00F04AEA000048
:108AA000E7F78EFD0123013E0D93A1F1F871544BC0
:108AB0000022E7F747FC4AA3D3E90023E7F7FAFDD2
:108AC00049A3D3E90023E7F73FFC804630468946B7
:108AD000E7F786FD46A3D3E90023E7F7EBFD02465F
:108AE0000B4640464946E7F72FFC80468946E8F7A3
:108AF00045FD00228346002340464946E8F700FD35
:108B0000002840F06D82BBF1160F00F25C823D4BF5
:108B100003EBCB03D3E9002351EC190BE8F7F0FC8E
:108B2000002875D00023BE1B0C93731E0BF1FF3B76
:108B3000049300F14F8200230893BBF1000F6EDA1B
:108B4000089BCDF814B0A3EB0B030893CBF1000303
:108B50000B93019B092B4FF0000B69D8052B40F3B9
:108B60003E83043B01930026019B023B032B00F252
:108B70009986DFE813F04E044B0443042604069A5A
:108B800042F20F73CAF3130A13605AEA08031DD1A5
:108B9000259B002B00F07D861B4B00930833259A04
:108BA0000098136015B0BDEC068BBDE8F08F18EE91
:108BB000903AC3F3130351EC190B43F07F510D9717
:108BC000A6F2FF36129F41F4401170E7259B002B5F
:108BD00040F0DB830D4B009338E700BFAFF300801C
:108BE00061436F63A787D23FB3C8608B288AC63FB3
:108BF000FB799F501344D33F0000F07F9DE20108B2
:108C00000000F83F60E5010808E4010804E40108F9
:108C1000BE1B731E049300F19A840C900890049B71
:108C20005B44CDE9043B00230B93019B092B95D9B1
:108C3000002301264FF0FF3201930A960792099311
:108C4000079B0F9300216164204601F019FF0090FB
:108C5000002800F02F86009B2364079B0E2B00F258
:108C6000F980002E00F0F6800599002940F3718408
:108C7000BD4B01F00F0203EBC2034FEA2118C905F7
:108C8000D3E9006740F10384B84B51EC190BD3E9E9
:108C90000823E7F739FE41EC180B08F00F084FF0F6
:108CA000030AB8F1000F13D0DFF8C09218F0010FDB
:108CB00009D030463946D9E90023E7F7FBFC0AF131
:108CC000010A06460F465FEA680809F10809EDD176
:108CD00051EC180B32463B46E7F716FE41EC1A0BF7
:108CE0000C9B5BB157EC1A6BA14B1AEE100A0022D9
:108CF0003946E8F705FC002840F052855046E7F772
:108D00006FFC53EC1A2BE7F7D5FC9A4B0022E7F7E0
:108D10001BFB079B8046A1F15079002B00F0F383E9
:108D2000059B1093079B0E930A9B002B00F0C084B9
:108D30000E9A8D4B9049DDF800A003EBC20353E976
:108D400002230020E7F7E0FD42464B46E7F7FAFA38
:108D500059EC1A8B41EC180B49461AEE100AE8F749
:108D60000DFC0746E7F73CFC02460B461AEE100ADC
:108D70004946E7F7E7FA30370AF8017B53EC182B3E
:108D800006460F46E8F7BCFB002840F055854FF03B
:108D900000080AEE105ACDF844B055465BEC18AB0B
:108DA00008EE104A44462AE00E9B01349C424BDAFE
:108DB000724B504659460022E7F77CFC6F4B00226D
:108DC00082468B4630463946E7F774FC8946804632
:108DD000E8F7D4FB0746E7F703FC02460B4640469C
:108DE0004946E7F7AFFA303705F8017B52465B4654
:108DF00006460F46E8F784FB002840F01885324607
:108E00003B465B490020E7F79DFA52465B46E8F790
:108E100077FB0028C8D0109B009A0593AA4618EE4D
:108E2000104A1AEE105A02E0924500F0EA84D14648
:108E30001AF8013D392BF7D00133DBB28AF8003044
:108E4000059B01330593ABE1DDF844B01AEE105AEF
:108E500018EE104A139B002BC0F29480059A0E2A3C
:108E600000F39080404B03EBC203D3E90089099BD8
:108E7000002B1BDA079B002B18DC40F05D83404B76
:108E8000002240464946E7F715FC02460B4651ECE6
:108E9000190BE8F73FFBDDF81CA05646002800F050
:108EA000D082099BDDF80080DF43D2E242464B4688
:108EB00051EC190BE7F728FDE8F760FB06468346FF
:108EC000E7F78EFB42464B46E7F7F4FB0B460246BC
:108ED00051EC190BE7F736FADDF800A033463033D2
:108EE0000AF8013B079B012B00F08E834FF0010B2A
:108EF00008EE105A08EE904A1D465446DA461DE028
:108F000042464B4630463946E7F7FEFCE8F736FB6B
:108F10008346E7F765FB42464B46E7F7CBFB0AF192
:108F2000010A0B46024639463046E7F70BFA0BF1C9
:108F30003003AA4504F8013B00F061830F4B002287
:108F4000E7F7B8FB0022002306460F46E8F7CEFA03
:108F50000028D5D0A24618EE105A18EE904A059B6C
:108F600001330593D1461BE160E5010838E50108AE
:108F70000000F03F00001C400000E03F00002440E3
:108F8000000014400A9A002A3FD0019A012A40F3B7
:108F90009C82079B03F1FF380B9B4345C0F26E8216
:108FA000A3EB0808079B002BC0F26683049A1A44BF
:108FB0000492089A17461A4408920121204601F0AB
:108FC00033FE064625E00123BE1B0C93731E04935B
:108FD0007FF5B1ADC6F10103089300230493ACE51E
:108FE0005846E7F7FDFA42464B46E8F77FFA002875
:108FF0007FF489AD0BF1FF3B85E5874B009300982B
:1090000015B0BDEC068BBDE8F08FDDF82C80089F15
:109010000A9E002F0CDD049A002A09DD0899BA4245
:109020001346A8BF3B46C91AFF1AD31A08910493E6
:109030000B9BDBB10A9B002B00F08282B8F1000F82
:109040000FDD31464246204601F0CAFE2A4601465F
:109050000646204601F016FE29460546204601F048
:1090600035FD0B9BB3EB080240F000830121204645
:1090700001F0DAFDBBF1000F824600F3B780019BDF
:10908000012B40F386814FF000080120BBF1000F57
:1090900040F0B880049A104410F01F0000F0968051
:1090A000C0F12003042B40F3F883089BC0F11C009F
:1090B00003440244089307440492089B002B05DDF7
:1090C00029461A46204601F0EBFE0546049B002B7C
:1090D00005DD51461A46204601F0E2FE82460C9B11
:1090E000002B40F03781079B002B40F31E810A9B29
:1090F000002B40F0A180059B01330593DDF8008033
:10910000DDF81C90012707E0294600230A222046AB
:1091100001F0E6FC0137054651462846FFF7BEFB45
:109120004F4500F1300008F8010BEDDB079A002AEB
:10913000C8BF9346009AD8BF4FF0010B0346934433
:109140000027294601222046019301F0A9FE51463D
:10915000054601F01DFF002840F3A5811BF8013CE6
:10916000009A0BF1FF3B04E05A4500F0A7811BF881
:10917000013D392B0BF10109F6D001338BF800309A
:109180005146204601F0A2FC56B12FB1B74203D0A0
:109190003946204601F09AFC3146204601F096FC03
:1091A0002946204601F092FC002389F80030DDE9D1
:1091B00005231A60259B002B3FF448AC0098C3F8A8
:1091C000009015B0BDEC068BBDE8F08F1C20089B0D
:1091D00003440893049B0344074404936DE701266A
:1091E000C2E4C0F1200008FA00F059E401465A46F2
:1091F000204601F0F5FD019B012B824640F3D5810D
:109200004FF00008DAF810300AEB8303186901F018
:10921000BBFCC0F120003DE79CE201083146002381
:109220000A22204601F05CFC0F9B002B064640F30F
:109230002383CDF814900793002F00F31881B8F121
:10924000000F40F0FC81B046029B009F079903F09D
:1092500001027B1E1944019B0A9213430891099352
:1092600051462846FFF71AFB31468346284601F04F
:109270008FFE424651468146204601F0ABFEC26851
:1092800001460BF13003002A42D10490284607938F
:1092900001F07EFE04990290204601F017FC029A2C
:1092A000079B1AB90999002900F0D682B9F1000F7D
:1092B000C0F28781019949EA01090A9951EA090135
:1092C00000F07F81002A00F3E781089A3B7007F1E4
:1092D00001099742CB4600F0E581294600230A2286
:1092E000204601F0FDFB4645054631464FF00003A0
:1092F0004FF00A02204612D001F0F2FB414606462A
:1093000000230A22204601F0EBFB4F468046A7E7E8
:109310002046029301F0DAFB029B0122C6E701F02E
:10932000DFFB4F46064680469AE7019B022B77DC1F
:109330000A9B002B80D1059B51460133284605939B
:10934000FFF7ACFADDF800B000F130030BF8013B99
:109350000027F6E65146284601F01AFE0028BFF61F
:10936000C2AE294600230A22204601F0B9FB059B24
:1093700003F1FF390A9B0546002B7FF44FAF0F9B8B
:10938000002B40F370820793B8E6BD4B0093033384
:1093900005E4DDE9021200297FF475AEC2F3130380
:1093A000002B7FF470AEB74B1340002B00F03D82D2
:1093B000089B01330893049B013304934FF0010889
:1093C00063E601230A93099B059A13440F93013323
:1093D000012B1F460793B8BF01270021172F616497
:1093E0007FF732AC012204235B0003F11400B84282
:1093F000114602F10102F7D9616425E401230A93C1
:10940000099F002F4ADD0F970797E6E700230A938D
:10941000D9E700230A93F3E70F9BCDF81490079345
:10942000079B002B7FF43DAD51460522204601F0FD
:1094300057FB01468246284601F0AAFD00287FF727
:1094400030AD0098059F3123804600F8013B01377D
:1094500000905146204601F039FB7B1CDDF800905E
:109460000593CDF80080002E7FF496AE98E6314645
:109470003A46204601F014FD0646E0E60B9BCDF887
:109480002C80A8EB03039B444FF000088AE54FF0C3
:10949000020AB0EE498AF0EE698A02E401230993D8
:1094A0000793FFF7CDBB03D1019BDB073FF556AE1A
:1094B000D9461BF8013D302BFAD061E6059B009A96
:1094C00001330593312313705AE60D9A002A00F0F8
:1094D000638103F23343049ADDF82C801A4404922A
:1094E000089A17461A44089267E55046E7F778F855
:1094F00053EC1A2BE7F7DEF8634B0022E6F724FF64
:109500008046A1F15079614B002251EC1A0BE6F72D
:1095100019FF42464B4606460F46E8F70FF800286B
:1095200040F07F8130463946424609F10043E7F773
:10953000E7FF00283FF48EAC4FF0000A5646B0E437
:1095400029460B9A204601F04BFC05468EE50C900F
:1095500040E500F04E81059A4D4B564206F00F0251
:1095600003EBC203D3E9002351EC190BE7F7A2F890
:10957000361141EC1A0B00F08881464F00234FF062
:10958000020AF20706D5D7E90023E7F793F80AF1B4
:10959000010A0123761007F10807F2D1002B3FF4EE
:1095A0009FAB41EC1A0BFFF79BBB029B002B7FF498
:1095B00027AEDDE90212C2F31303002B3FF4F3AE32
:1095C0001EE6002A12DD294601222046019301F001
:1095D00067FC5146054601F0DBFC0028019B40F387
:1095E0003581392B00F013810BF13103B94609F8AD
:1095F000013B059B0133374605934646C0E5A2462D
:1096000018EE105A18EE904A02460B46E6F79CFEFA
:1096100042464B4606460F46E7F790FF60B9424682
:109620004B4630463946E7F761FF00283FF497ACD8
:109630005FEACB717FF593AC009AFFF7F8BB7168D6
:10964000204601F01DFA0746002800F03A813369F0
:1096500002339A0006F10C010C30E7F70FFC394693
:109660000122204601F01CFC8046EDE529462046FB
:1096700001F0B6FB0546F9E4DDE907239F1A9CE4F7
:1096800004E401080000F07F00001C4000001440CA
:1096900060E5010838E50108392B00F0B880B946CB
:1096A0000133A4E7059A013237460592464648E55C
:1096B0000E988D4901EBC00142464B4651E902012B
:1096C000E6F7F8FF5AEC1A9B41EC180B51461AEEDC
:1096D000100AE7F753FF0746E6F782FF02460B46FC
:1096E0001AEE100A5146E6F72DFE06460E98DDF8F2
:1096F00000803037012808F8017B0F4600F0BA805F
:109700000E9B009ACDF838B013449B46C246774B67
:10971000002230463946E6F7CDFF89468046E7F716
:109720002DFF0746E6F75CFF303702460B46404602
:109730004946E6F707FE0AF8017BDA4506460F467A
:10974000E5D1DA46DDF838B0694B59EC188B0022C8
:1097500018EE100A4946E6F7F7FD32463B46E7F7B2
:10976000CFFE00286DD118EE102A4B46604900202C
:10977000E6F7E8FD32463B46E7F7E0FE00283FF417
:1097800069ABD1460AF1FF3A19F8013C302BF8D009
:10979000109B0133059303E5129BC3F136039AE650
:1097A000079B002B3FF4A1AE0F9B002B7FF752AB22
:1097B000059A0E93013A4D4B10921AEE100A394653
:1097C0000022E6F777FF024616460F460AF101002F
:1097D000E6F706FF32463B46E6F76CFF454B0022B4
:1097E000E6F7B2FD47EC1A6B8046A1F15079FFF71E
:1097F0009BBA4FF0020AB0EE49AAF0EE69AAFFF751
:109800006FBA059B013305933123FFF717BB059B07
:10981000BB4601330593392337460BF8013B4646D7
:109820009EE44FF0000A56460BE698462DE4AA4601
:1098300018EE104A1AEE105A109B01330593D146C8
:10984000AEE4109B009A0593FFF7F1BA7FF4CEAE19
:10985000DA077FF5CBAEC4E6392BD8D0B9F1000FCB
:109860003FF7C2AEC2E6019B022B3FF7D5ADCDF864
:10987000149060E5C24667E7019B022B3FF7CCAD31
:109880000F9BCDF814900793D6E44FF0020AFFF730
:1098900027BA194B0093FFF7D9B83FF40EACC0F1CB
:1098A0003C0094E4002666643146204601F0E8F866
:1098B000009068B9114B124800224FF4D571FAF7A5
:1098C00037F90E4B0E483A4640F2EA21FAF730F9E2
:1098D000009B236401224FF0FF3309960F930A92F5
:1098E0000793FFF7B7BA00BF60E501080000244006
:1098F0000000E03F00001C4008E4010814E40108F7
:1099000028E40108B1F90C202DE9F0410C461107BB
:10991000804647D4636842F40062002BA2815EDD7A
:10992000A56A002D58D00023D8F80060C8F8003090
:1099300093B212F4805256D10123E1694046A84700
:10994000431C67D0A389A56A5F0705D56368C01A61
:10995000236B0BB1E36BC01AE1690246002340465A
:10996000A847411C41D1D8F80030002B3DD01D2B19
:1099700001D0162B56D1A3892269226023F40063FB
:1099800000216160A381216BC8F8006021B304F15C
:109990004003994202D0404600F000FA00202063C4
:1099A000BDE8F0812669BEB193B2256826609A07AA
:1099B0000CBF63690023AD1BA3600BE02B4632464E
:1099C000E169676A4046B847B0F1000CA5EB0C05A9
:1099D000664417DD002DF1DC0020BDE8F081E36B6B
:1099E000002B9DDCF8E7206DAEE7B4F90C3022695E
:1099F000226023F40063A3810022DB046260C2D5ED
:109A00002065C0E7A38943F040034FF0FF30A381F6
:109A1000BDE8F081D8F80030002B93D01D2B06D084
:109A2000162B04D0A38943F04003A381D5E7C8F8DF
:109A30000060D1E738B50C46054608B1836BA3B189
:109A4000B4F90C00B8B1636EDB0701D4810515D5FC
:109A500028462146FFF756FF636EDA07054602D413
:109A6000A3899B050ED5284638BD00F017F8B4F938
:109A70000C000028E7D10546284638BDA06D00F04F
:109A80003DFCE5E7A06D00F03BFC284638BD00BF7B
:109A9000014900F001BC00BF29BB01082DE9F047D6
:109AA0008246394800F02AFCDAF83840002C66D1AA
:109AB000DAF80450354ACAF83C200323CAE9B8430F
:109AC000DFF8DC90DFF8DC80314F324E04230AF5FA
:109AD0003B72CAF8E8222146C5E90243C5E90044C1
:109AE000C5E904446C660822AC6105F15C00FAF734
:109AF00081F8C5E90759C5E90987EE6205F1580003
:109B000000F0F8FBDAF80850234BEB602146C5E97A
:109B10000044C5E904446C66AC60AC61082205F100
:109B20005C00FAF767F8C5E90759C5E90987EE62ED
:109B300005F1580000F0DEFBDAF80C50174BEB6033
:109B40002146C5E90044C5E904446C66AC60AC61DB
:109B5000082205F15C00FAF74DF805F15800C5E957
:109B60000759C5E90A76C5F8248000F0C3FB012334
:109B7000CAF838300448BDE8F04700F0C1BBBDE882
:109B8000F047014800F0BCBB40B10024919A0108A5
:109B900049B7010869B70108090001001200020075
:109BA000E5B6010809B70108014800F0A7BB00BFEE
:109BB0003CB10024014800F0A3BB00BF3CB100242D
:109BC00038B5084B084D5B1B9C1007D0043B1D4467
:109BD000013C55F804399847002CF9D1BDE83840CC
:109BE00002F062B848E6010844E601082DE9F047B2
:109BF00082B082468846144600F072FB012803D1E9
:109C000008F1FF33FE2B36D9424604F15C0301A96B
:109C1000504601F0B3FE421C064632D030B39DF8E8
:109C200004C00DF10509002509E023685A1C2260D3
:109C300083F800C00135B54218D219F801CBA368EA
:109C4000013B002BA360F0DAA769BB4261462246C4
:109C5000504602DBBCF10A0FE7D101F037FE431C8E
:109C6000E8D10646304602B0BDE8F08746463046A9
:109C700002B0BDE8F0875FFA88FC8DF804C00646A4
:109C8000CFE7A389304643F04003A38102B0BDE88B
:109C9000F08700BF30B5536E13F0010FB2F90C30EE
:109CA000144683B005469AB201D198051CD590049C
:109CB00006D4626E43F4005342F40052A3816266FC
:109CC00022462846FFF792FF636EDA07054602D464
:109CD000A3899B0502D5284603B030BDA06D00F0D6
:109CE0000FFB284603B030BDA06D019100F006FBCC
:109CF000B4F90C3001999AB2D9E700BFF8B5244FF6
:109D00000C46064600F0B0FEBA685568C4F57E639E
:109D10000F3325F003052B4423F47F6323F00F0357
:109D2000A3F58054B4F5805F07DB0021304601F0D5
:109D300081FCBB682B44984204D0304600F09AFE68
:109D40000020F8BD6142304601F074FC01300DD0B6
:109D5000104ABB682D1B45F001055D601368304655
:109D60001B1B136000F086FE0120F8BD0021304669
:109D700001F060FCBA68831A0F2BDEDD43F00103AB
:109D80005360054B03491B68C01A0860D5E700BF44
:109D9000B006002444B10024B80A0024002961D090
:109DA000F8B50C46064600F05FFE54F8042C7B4FD5
:109DB000A4F1080522F0010105EB010CB868DCF8FC
:109DC0000430604523F0030300F08B80D207CCF809
:109DD000043032D454F8082CAD1A1144AA6807F1A3
:109DE000080082426AD00CEB0304D4F804E0EC686B
:109DF000D4601EF0010FA26000F0978041F00103D3
:109E00006B60CCF80010B1F5007F35D27A68CB08D2
:109E100048090121013381401143796007EBC302F6
:109E200057F83310083AC5E9021247F83350CD60AD
:109E30003046BDE8F84000F01DBE0CEB030252684E
:109E4000D00710D4194407F10800DCF80830834229
:109E500073D0DCF80C20DA60936041F001036B6092
:109E60006950D0E7704741F00103B1F5007F44F835
:109E7000043CCCF80010C9D3B1F5206F4FEA512350
:109E800048D28B0903F1390003F13802C300F818F6
:109E9000FB580838984259D05A6822F003028A4287
:109EA00002D99B689842F7D1D868C5E9023085602D
:109EB000DD603046BDE8F84000F0DCBD0CEB03028D
:109EC0005268D20763D40B44DCE90212CA60916085
:109ED00043F001026A603046EB50BDE8F84000F004
:109EE000C9BD0B44D10707D454F8082CAD1A13444C
:109EF000D5E90212CA60916043F001026A60284A03
:109F0000BD6012689A4293D8264B30461968FFF715
:109F1000F5FE8DE7142B0AD9542B1FD80B0B03F138
:109F20006F0003F16E02C300B1E719448DE703F13E
:109F30005C0003F15B02C300A9E741F00103C7E93C
:109F40000455C5E902006B60695071E779689210A9
:109F5000012404FA02F20A437A60A6E7B3F5AA7F65
:109F600006D8CB0B03F1780003F17702C3008EE72C
:109F700040F25452934206D88B0C03F17D0003F15A
:109F80007C02C30083E74FF47E737E227FE741F0BB
:109F900001036B60CCF800104AE700BFB006002454
:109FA000BC0A002474B100249368002B00F0858063
:109FB0002DE9F04FB1F90C300C461907804683B0FB
:109FC000174698B225D523691BB310F002033D68EC
:109FD0002DD04FF0000ADFF8BCB25646B9465E45B8
:109FE0003346524628BF5B464046002E52D0E169B8
:109FF000676AB847002856DDD9F808301B1A824432
:10A00000361AC9F80830002BE9D1002003B0BDE8AA
:10A01000F08F21464046FEF7BFFB002840F0368116
:10A02000B4F90C303D6898B210F00203D1D110F0B1
:10A03000010944D14E46009746B38205D4F808B0D2
:10A0400040F18380B3455A4600F2B28010F4906F1D
:10A0500040F0BF8020680192494600F089FCA36867
:10A06000019AA3EB0B012368A1601344B24623605D
:10A070000026009B9868A0EB0A00D1449860002855
:10A08000C3D0B4F90C0080B2002ED6D1D5E9009629
:10A090000835D1E7D5E900A60835A0E721464046B6
:10A0A000FFF7C8FC80B3B4F90C3043F040034FF025
:10A0B000FF30A38103B0BDE8F08F002070471E463B
:10A0C000AA46994618461D46009756B388B34A4695
:10A0D000D4E904132068B24228BF3246884205D929
:10A0E000A16803EB010B5A4500F3A680934263DCA1
:10A0F000E169676A2A464046B847B0F1000BD2DDF5
:10A10000B9EB0B09CAD00120009A9368A3EB0B03AB
:10A110005D44A6EB0B069360002B3FF476AF002E58
:10A12000D4D10AF1080353E902569A460833002EA7
:10A13000F9D032460A212846E7F732F9002800F024
:10A140009C800130A0EB0509C1E720682369984293
:10A1500016D86369B34213D86FF00042B24228BFE9
:10A160003246E16992FBF3F2676A02FB03F3404671
:10A170004A46B847B0F1000A95DDA6EB0A0678E733
:10A18000B345DA4628BFB2465246494600F0F0FBD6
:10A19000A3682268A3EB0A035244A3602260002B49
:10A1A000EBD121464046FFF745FC0028E5D07AE791
:10A1B0002068B34632464EE72946019200F0D8FBAC
:10A1C000019AA3689B1AA3602368134423609346F3
:10A1D00096E723682169A3EB010B636903EB430A4C
:10A1E0000AEBDA7A0BF101034FEA6A0A334453456A
:10A1F000524684BF9A46524643052CD511464046E6
:10A2000000F0F0F800283BD05A4621690190E6F7AB
:10A2100035FEA289019B22F4906242F08002A28165
:10A2200003EB0B002361AAEB0B03C4F814A0A3609B
:10A230002060B34632460EE729465A4600F098FBA6
:10A2400023685B44236021464046FFF7F3FB002868
:10A250003FF456AF27E7404600F0CAFF0346002808
:10A26000DED121694046FFF799FDB4F90C300C228C
:10A2700023F08003C8F8002017E7721C914627E7F7
:10A280000C22B4F90C30C8F800200EE74FF0FF3074
:10A29000BCE600BF00FCFF7F2DE9F8430746884677
:10A2A00000F538764FF00009D6E90154013D11D48C
:10A2B000A389012B05F1FF3508D9B4F90E3001331C
:10A2C000214603D03846C04749EA00096B1C04F117
:10A2D0006804EDD13668002EE6D14846BDE8F88323
:10A2E000014B93F82801704744050024004870474B
:10A2F00034060024704700BF704700BF704700BF9E
:10A30000704700BF2DE9F0418B890C46990796B044
:10A3100008D504F143030122C4E90432236016B0D6
:10A32000BDE8F081B4F90E100029064627DB6A4625
:10A3300001F060FC002821DB019D05F47045A5F5C6
:10A340000055B5FA85F54FF480686D094FF4006744
:10A350004146304600F046F8B4F90C30F0B1204ADE
:10A36000F26343F08003C4F81480A381206020616D
:10A3700035BB3B43A38116B0BDE8F081A38913F040
:10A38000800519D04FF040084146304600F02AF8C9
:10A390000025B4F90C302F460028E0D19A05BED430
:10A3A00023F0030304F1430243F002030121C4E953
:10A3B0000421A3812260B2E74FF480682F46C7E7EB
:10A3C000B4F90E10304601F02BFC10B9B4F90C3082
:10A3D000CFE7A38923F0030343F001031BB2C8E7CF
:10A3E000919A01082DE9F04F01F10B06162E83B06A
:10A3F000044624D8102900F2BA8000F035FB10265C
:10A4000018220220B54F3A44A2F1080153688B424A
:10A4100000F0BA805A68D96822F003021A449D6895
:10A42000E9608D60516841F001012046516003F1FF
:10A43000080500F01FFB284603B0BDE8F08F36F09A
:10A44000070600F19480B14200F2918000F00CFB0D
:10A45000B6F5FC7FC0F09A81730A00F08F80042B60
:10A4600000F26F81B30903F1390003F1380CC30026
:10A470009A4F3B44A3F108055B689D4206D10CE06E
:10A48000002980F22781DB689D4206D05A6822F0BD
:10A490000302911B0F29F3DD60463D69DFF850C2CE
:10A4A00065457CD06A6822F00302931B0F2B00F3F2
:10A4B0007B81002BC7E904CC80F26C81B2F5007F70
:10A4C00080F01A81D308796801334FEA521E0122C5
:10A4D00002FA0EF20A4357F833E0C5F808E007EB3A
:10A4E000C3010839E9607A6047F83350CEF80C5060
:10A4F000831001219940914257D8114206D120F092
:10A5000003004900114200F10400FAD007EBC00932
:10A510004D468646D5F80C80454508D11DE1002BF7
:10A5200080F22481D8F80C80454500F01681D8F8D7
:10A53000042022F00302931B0F2BF0DD2046D8E904
:10A54000025408EB060146F00106C8F80460EC600E
:10A55000A56043F00104C7E90411C1E902CC4C60D5
:10A5600048F8023000F086FA08F1080502E00C23F2
:10A5700023600025284603B0BDE8F08F4FF4007338
:10A5800040204FF03F0C73E7D3689A4208BF023077
:10A590007FF440AF3D69DFF858C1654582D17A68E4
:10A5A0008310012199409142A7D9BD686B6823F0BF
:10A5B00003094E4503D8A9EB06030F2B7ADCDFF81D
:10A5C00034B1474BDBF800201B680132334405EB04
:10A5D000090A00F0338103F580530F3323F47F68B9
:10A5E00028F00F084146204601F024F8411C02469D
:10A5F00000F0F380824500F2EE803A4B1968414446
:10A600001960084600F04E81DBF80010019301311B
:10A610001BBFA2EB0A0A5044CBF80020186012F0CE
:10A62000070B00F01781CBF108010A44CBF58051EC
:10A6300090440831A1EB0801C1F30B0A51462046B2
:10A64000009200F0F7FF421CDDE9002300F04F818B
:10A65000801A00EB0A081968BA6048F001005144FA
:10A66000BD425060196000F02981B9F10F0F40F22E
:10A6700027816868A9F10C0C2CF0070C00F0010090
:10A6800040EA0C0068604FF0050E05EB0C00BCF1D1
:10A690000F0FC0E901EE00F2328150681546124BEF
:10A6A0001A688A4238BF1960104B1A688A4238BF4C
:10A6B000196094E0AA1943F0010346F001066E60A8
:10A6C0002046BA60536000F0D5F90835284603B03B
:10A6D000BDE8F08FD9681A44A1E600BFB006002497
:10A6E00074B1002444B100246CB1002470B1002482
:10A6F000B8060024B80A0024B2F5206F4FEA5223AE
:10A7000063D3142B00F2B78003F15C01C9005B3303
:10A7100007EB010E7958AEF1080E8E4500F09180DE
:10A720004B6823F00303934202D989688E45F7D121
:10A73000D1F80CE07A68C5E9021ECEF80850CD6069
:10A74000D6E6142B59D9542B00F29D80330B03F11C
:10A750006F0003F16E0CC3008AE60EF1010E1EF0CD
:10A76000030F05F108057FF4D5AE51E0424445469C
:10A770005368D8F80C1043F00103536055F8083FB4
:10A780002046D9608B6000F075F9F3E6F00806F119
:10A79000080237E62A442046536843F00103536019
:10A7A000083500F067F9E5E6A919204646F00106EC
:10A7B00043F001046E60C7E90411C1E902CC4C60AA
:10A7C000AB5000F057F90835D4E6930903F139018D
:10A7D000C90038339CE7BD425FD0BD68686820F08F
:10A7E00003084645A8EB060302D80F2B3FF762AFDC
:10A7F000204600F03FF90025BCE603F15C0003F1C0
:10A800005B0CC30034E659F808394B4540F096809C
:10A8100010F0030F00F1FF30F5D17B6823EA01034C
:10A820007B60490099423FF6C0AE19B9BDE64900C8
:10A830000EF1040E1942FAD0704667E603F11008D3
:10A84000D0E69A104FF001087B6808FA02F21A432A
:10A850007A6070E702EB08014942C1F30B0A5146E6
:10A860002046009200F0E6FE431CDDE900237FF461
:10A87000EFAEDA46EFE6542B25D8130B03F16F0148
:10A88000C9006E3344E7B3F5AA7F25D8F30B03F173
:10A89000780003F1770CC300EAE5294B18684044BF
:10A8A0001860B1E6CAF30B0CBCF1000F7FF4ACAE3C
:10A8B000BD68C84448F001006860F0E61546EEE661
:10A8C0000123536094E7B3F5AA7F23D8D30B03F198
:10A8D0007801C90077331BE740F25452934223D8E2
:10A8E000B30C03F17D0003F17C0CC300C0E5ABF1B8
:10A8F000080BD844A8EB02084FF0000AABE605F1BC
:10A90000080120460093FFF749FABD68009B68687C
:10A910001968C4E640F254518B420BD8930C03F1F2
:10A920007D01C9007C33F3E64FF47E737F204FF046
:10A930007E0C9DE54FF47E717E23E9E67B6870E72F
:10A9400044B1002482B049B15AB16BB113780B60A5
:10A950001278101E18BF012002B0704701A9002A0A
:10A96000F3D1104602B070476FF00100F4E700BF6A
:10A9700088420DD98B1883420AD900EB020CBAB178
:10A98000624613F801CD02F801CD9942F9D1704722
:10A990000F2A0ED8034602F1FF3C4AB10CF1010C1C
:10A9A000013B8C4411F8012B03F8012F6145F9D1CB
:10A9B000704740EA01039B0750D1A2F1100370B524
:10A9C00001F1200C23F00F0501F1100E00F110042D
:10A9D000AC441B095EF8105C44F8105C5EF80C5C3B
:10A9E00044F80C5C5EF8085C44F8085C5EF8045CB3
:10A9F00044F8045C0EF1100EE64504F11004E9D1B0
:10AA0000013312F00C0F01EB031102F00F0400EB05
:10AA1000031327D0043C24F003064FEA940C1E4491
:10AA20001C1F8E465EF8045B44F8045FB442F9D103
:10AA30000CF1010402F0030203EB840301EB840137
:10AA400002F1FF3C4AB10CF1010C013B8C4411F8BE
:10AA5000012B03F8012F6145F9D170BD02F1FF3CD4
:10AA600003469BE72246EBE70148FFF747BC00BFE0
:10AA700038B100240148FFF743BC00BF38B10024BF
:10AA8000C36C70B505460C464BB153F8240080B139
:10AA9000026843F824200023C0E9033370BD21225B
:10AAA000042100F0F3FF0346E8640028EDD1002004
:10AAB00070BD012101FA04F6721D9200284600F0D3
:10AAC000E5FF0028F3D0C0E90146E4E731B1C36CEB
:10AAD0004A6853F82200086043F82210704700BF0C
:10AAE000F0B50C69064683B00D4601F1140E002046
:10AAF000DEF800101FFA81FC02FB0C334FEA134C06
:10AB0000090C02FB01CC01309BB203EB0C438442E5
:10AB10004EF8043B4FEA1C43EADC3BB1AA68A24270
:10AB200007DD05EB8402013453612C61284603B034
:10AB3000F0BD6968019301313046FFF7A1FF019B29
:10AB40000746B8B12A690193023205F10C0192005F
:10AB50000C30E6F793F9F26C6968019B52F821001A
:10AB6000286042F821503D4605EB840201345361D0
:10AB70002C61DBE7024B03483A46B521F8F7D8FFD2
:10AB800014E40108B8E40108030C1B04D3B9000461
:10AB9000102310F07F4F04BF0002083310F0704FF5
:10ABA00004BF0001043310F0404F04BF80000233A3
:10ABB000002805DB10F0804F03F1010308BF2023BC
:10ABC000184670470023E4E7036813F007020146C4
:10ABD00007D0DA071FD4980721D55B080B60012046
:10ABE000704798B2A0B11046DAB20AB908301B0A11
:10ABF0001A0704BF1B0904309A0704BF9B080230E0
:10AC0000DA0703D45B0800F1010006D00B6070473F
:10AC10001B0C1020E8E700207047202070479B089D
:10AC20000B600220704700BF38B5C36C04460D4668
:10AC30004BB15868B0B102685A6000220123C0E9E4
:10AC40000435C26038BD2122042100F01FFF0346F5
:10AC5000E0640028EDD1094B094800224FF4A071AF
:10AC6000F8F766FF1C220121204600F00FFF0028A4
:10AC7000F1D001220223C0E90123DEE714E4010838
:10AC8000B8E401082DE9F04F0E691569AE4285B0B0
:10AC90008846144605DB2A46234635460C461646AA
:10ACA0009846A3686168AF19BB42B8BF0131FFF78E
:10ACB000E7FE0190002800F08780019B03F1140952
:10ACC00009EB870AD14505D24B46002243F8042BF5
:10ACD0009A45FBD808F1140808EB860B04F114031D
:10ACE000D8451A4603EB85055FD22B1B153B23F095
:10ACF000030304331534A54238BF0423CDE902A76A
:10AD0000AC461F46924605E0000C29D1C34509F127
:10AD1000040948D958F8040B85B2002DF4D05646E2
:10AD20004C46002356F8040B216882B21FFA81FEBC
:10AD300005FB02EE000C0A0C734405FB002202EB3B
:10AD400013429BB243EA0243B44544F8043B4FEA42
:10AD50001243E7D849F8073058F8040C000CD5D056
:10AD6000D9F80030544619464D4600222688090C71
:10AD700000FB06110A449BB243EA024345F8043B38
:10AD800054F8046B2968360C8BB200FB063303EBD6
:10AD90001243A4454FEA1342E8D8C34549F80730A7
:10ADA00009F10409B6D8DDE902A7002F02DC05E0AD
:10ADB000013F03D05AF8043D002BF9D0019B1846FF
:10ADC0001F6105B0BDE8F08F034B0448019A40F2C3
:10ADD0005D11F8F7ADFE00BF14E40108B8E4010806
:10ADE00012F003032DE9F0411446064632D10D4618
:10ADF000A41020D0D6F84880B8F1000F33D0E30774
:10AE00004FF0000707D4641015D0D8F80000A8B19F
:10AE10008046E307F7D5424629463046FFF732FF22
:10AE2000B5B16968F36C641053F821202A6043F8C7
:10AE300021500546E9D12846BDE8F0814246414609
:10AE40003046FFF71FFFC8F8000007608046E0E7C4
:10AE50000546D8E7013B0F4A52F823200023FFF7AD
:10AE60003FFE0546C4E701213046FFF709FE804654
:10AE700040B1012340F27122C0E904320023B064E2
:10AE80000360BCE7044B054842464FF4A071F8F755
:10AE90004FFE00BF28E6010814E40108B8E40108E9
:10AEA0002DE9F0470C4690462669A368496806EBF1
:10AEB0006216751C9D4207464FEA621904DD5B006D
:10AEC0009D4201F10101FADC3846FFF7D9FD8446C5
:10AED000002851D0B9F1000F00F114000EDD09F186
:10AEE00005024FEA820E03460CEB8202002143F872
:10AEF000041B9342FBD1AEF114031844216904F101
:10AF0000140318F01F0803EB81012DD0C8F12009AC
:10AF100086464FF0000A1A6802FA08F242EA0A026C
:10AF20004EF8042B53F8042B994222FA09FAF2D86E
:10AF30000B1B153B23F00303043304F1150291426C
:10AF400038BF0423BAF1000F18BF2E4640F803A003
:10AF5000FB6C6268CCF8106053F8221021606046E8
:10AF600043F82240BDE8F087043853F8042B40F83A
:10AF7000042F9942F9D8EBE7034B0448624640F2AC
:10AF8000D911F8F7D5FD00BF14E40108B8E40108B1
:10AF90000B6984460069C01A16D10CF1140C1431E7
:10AFA0000CEB830210B401EB830301E0944508D25B
:10AFB00052F8044D53F8041D8C42F7D005D24FF0DF
:10AFC000FF305DF8044B7047704701205DF8044B7B
:10AFD000704700BF2DE9F84F0F691369FF1A002F62
:10AFE0000E4690467AD101F11405143202EB830229
:10AFF00005EB830301E09D4273D253F8041D52F820
:10B00000044DA142F7D064D37168FFF739FD814642
:10B01000002872D03569D8F81020C76008F1140EE6
:10B0200006F1140009F1140A06F1100C0EEB82026D
:10B0300000EB8507564600215EF8044B5CF804BF20
:10B04000A3B211FA8BF1CB1A210CC1EB1B4101EB1E
:10B0500023419BB243EA0143724546F8043B4FEA61
:10B060002141E9D8A2EB0804153C08F11508424536
:10B0700024F0030606F1040638BF0426304424F009
:10B08000030238BF002287425244B24416D95646C2
:10B09000044654F8043B11FA83F10A1402EB1342FC
:10B0A00089B241EA0243A74246F8043B4FEA2241F3
:10B0B000EFD87A1E101A20F00302524423B952F836
:10B0C000043D013D002BFAD0C9F810504846BDE8B8
:10B0D000F88F334601274646984695E7F9DB002767
:10B0E00092E70021FFF7CCFC814668B101220023E2
:10B0F000C9E904234846BDE8F88F074B07484A468C
:10B100004FF41071F8F714FD034B04484A4640F21F
:10B110003221F8F70DFD00BF14E40108B8E401087E
:10B120002DE9F043884683B0012157EC106B15469A
:10B13000FFF7A6FC044600284FD0C7F30A59C7F30F
:10B140001303B9F1000F01D043F48013002E0193D3
:10B1500024D068460096FFF737FD002839D0DDE996
:10B160000013C0F1200203FA02F20A43C3406261F5
:10B170000193002B14BF02220122A3612261B9F1C5
:10B18000000F16D0A9F233430344C0F13500C8F8CC
:10B1900000302860204603B0BDE8F08301A8FFF727
:10B1A00013FD019B6361012220302261B9F1000F80
:10B1B000E8D104EB8203A0F23240C8F8000018691D
:10B1C000FFF7E2FCC0EB42102860204603B0BDE868
:10B1D000F083009B6361019BCBE7034B034822464E
:10B1E00040F20A31F8F7A4FC14E40108B8E40108BD
:10B1F0002DE9F84F1746002900F0988007F10B055C
:10B2000080460C46FFF730FC162D5DD810252A46E7
:10B21000AF425ED854F8041C21F003069642A4F114
:10B22000080962DABC4BD3F808C009EB0600844574
:10B2300000F09780D0F804C02CF0010303445B6851
:10B24000DB0768D42CF0030C06EB0C03934247DABF
:10B25000CB0710D454F8083CA9EB030ADAF8043001
:10B2600023F003018C44B444944580F21181731897
:10B27000934280F2E88039464046FFF7B3F807462C
:10B28000E0B154F8043C23F001034B44A0F1080260
:10B29000934200F0D280321F242A00F2F580132A54
:10B2A00000F2AC800346224611681960516859606B
:10B2B00092689A6021464046FEF770FD4046FFF7CF
:10B2C000D9FB3846BDE8F88F25F00705002D2A4642
:10B2D0009EDA0C23C8F8003000273846BDE8F88F06
:10B2E0001E46D0E90223D3609A60731B0F2B22D82D
:10B2F000D9F8043003F0010333434E44C9F8043055
:10B30000736843F00103736040462746FFF7B2FBC2
:10B310003846BDE8F88FC907ADD454F8083CA9EB0E
:10B32000030ADAF8041021F00301A0E7BDE8F84FA2
:10B330001146FFF757B8D9F8041001F0010129436D
:10B34000C9F8041009EB05014E4443F001034B60BA
:10B35000736843F00103083173604046FEF71EFD39
:10B36000D2E7DCF8040020F0030B06EB0B0C05F130
:10B37000100084454DDAC9073FF57DAF54F8081C2D
:10B38000A9EB010ADAF8041021F003018B44B3445D
:10B3900058453FF76CAF5746DAF80C1057F8080FCE
:10B3A000321F242AC160886000F2DB80132A40F239
:10B3B000D6802168CAF808106168CAF80C101B2AE8
:10B3C00000F2DF8008340AF1100221681160616820
:10B3D0005160A16891600AEB0501ABEB050242F0F8
:10B3E000010299604A60DAF8043003F001031D435A
:10B3F0004046CAF80450FFF73DFB6EE72368036040
:10B40000636843601B2A68D804F1080200F108034E
:10B410004AE709EB05029A60ACEB050343F0010330
:10B42000536054F8043C03F001031D43404644F8C4
:10B43000045CFFF71FFB27464FE750F8043C23F05E
:10B4400003031E4451E75746DAF80C1057F8080F6B
:10B45000321F242AC16088604CD8132A48D9216839
:10B46000CAF808106168CAF80C101B2A56D80834AC
:10B470000AF110021E462368136063685360A368D4
:10B480009360D1463C4630E72146FFF771FA11E759
:10B49000D0E902135746CB60996057F8081FDAF8D5
:10B4A0000C30CB60321F242A99602DD8132A29D959
:10B4B0002368CAF808306368CAF80C301B2A42D8DF
:10B4C00008340AF1100322681A6062685A60A268A0
:10B4D0009A606646D1463C4607E7A3688360E36806
:10B4E000C360242A26D004F1100200F11003DBE629
:10B4F0003A46BFE7214638461E46D146FFF738FA9E
:10B500003C46F2E63B46DEE7214638466646D146F3
:10B51000FFF72EFA3C46E8E6B0060024A168CAF818
:10B520001010E168CAF81410242A20D010340AF14F
:10B5300018029FE7236903616169416104F1180200
:10B5400000F11803B0E6A368CAF81030E368CAF83F
:10B550001430242A21D010340AF11803B3E73A46F4
:10B5600033E721463846FFF703FA164B33E72269E3
:10B57000CAF818206269CAF81C2018340AF120029F
:10B5800078E7A168CAF81010E168CAF81410242AF4
:10B590000DD010340AF1180217E72369CAF81830E1
:10B5A0006369CAF81C3018340AF120038BE722695A
:10B5B000CAF818206269CAF81C2018340AF120025F
:10B5C00003E700BFB006002453EC102B70B5164EF5
:10B5D00023F000410025B1420446056021DC10EE55
:10B5E000106A0E431DD0114E1E40184666B919460A
:10B5F000002210EE100A0E4BE5F75CF86FF03505EF
:10B600000246084621F0004120F0FF40091520F4D1
:10B61000E000A1F2FE3140F07F53294443F40013CF
:10B62000216043EC102B70BDFFFFEF7F0000F07F27
:10B630000000504338B5074D0022044608462A60F2
:10B64000E8F788F9431C00D038BD2B68002BFBD0ED
:10B65000236038BD30B1002438B5154B1F281D6854
:10B6600020D8D5F8DC22044662B152F820304BB124
:10B67000012B15D0591C0FD0002542F820509847B7
:10B68000284638BD284600F02BF8224601462846B9
:10B69000BDE8384000F00EB816232B60012038BDFD
:10B6A000002038BD16232B604FF0FF3038BD00BF9F
:10B6B0001401002470B50C46084D034600262046B0
:10B6C00011461C462E60E8F70DF9431C00D070BDF2
:10B6D0002B68002BFBD0236070BD00BF30B100246D
:10B6E000E8F7FEB810B50C46B1F90E1000F0C0FA3C
:10B6F000002803DB236D0344236510BDA38923F4D5
:10B700008053A38110BD00BF2DE9F0410C46B1F973
:10B710000C101F46CB05054616460BD421F480516C
:10B72000A1813B46B4F90E1032462846BDE8F041EF
:10B7300000F050B9B4F90E100223002200F082FA92
:10B74000B4F90C10EAE700BF10B50C46B1F90E10C1
:10B7500000F078FAA389421C0EBF23F4805343F40F
:10B7600080532065A38110BDB1F90E1000F0CAB955
:10B7700030B540EA0104A30701D1032A0FD884465B
:10B7800001F1FF3E07E01EF8011F03F8011B541EE4
:10B79000C1B19C4622466346002AF4D130BD0B4617
:10B7A0008446194653F8045BA5F1013424EA0504E4
:10B7B00014F0803FE4D1043A032A4CF8045B1946A4
:10B7C000EFD8DDE76244002CE8D003F8011B934278
:10B7D000FBD130BD2DE9F04F936883B09146002B2B
:10B7E0006ED017688D6880460C460868083744E0BC
:10B7F000A38913F4906F2ED0D4E90415A0EB010AAD
:10B8000005EB450505EBD5750AEB06006D1001301B
:10B81000A8422A4684BF05462A465B0537D511460D
:10B820004046FEF7DFFD00283BD0524621690190DB
:10B83000E5F724FBA289019B22F4906242F080028A
:10B84000A281A5EB0A0203EB0A006561A2602361F5
:10B8500020603546B24659465246FFF789F8A0683F
:10B86000D9F808102368451B8E1B03EB0A00A5605E
:10B870002060C9F808601EB3083757E902B6002EE9
:10B88000FAD0B542AA46B3D93546B246E3E74046B8
:10B89000FFF7AEFC03460028D3D121694046FEF7EE
:10B8A0007DFA0C23C8F80030A389002243F040033E
:10B8B0004FF0FF30A381C9E9012203B0BDE8F08F4A
:10B8C0000020C9F8040003B0BDE8F08FF8B50D46BC
:10B8D0001446064610B1836B002B43D0B4F90C20FC
:10B8E000A369A360170790B21BD52369CBB1EDB252
:10B8F00081042F4622D522686169D31A994229DD35
:10B900000133A1680139A160511C21601570626981
:10B910009A422AD0A389DB0701D50A2D25D03846C3
:10B92000F8BD21463046FCF737FF20BBB4F90C20A8
:10B93000236990B2EDB281042F46DCD442F4005268
:10B94000A281626E616922F4005262662268D31A93
:10B950009942D5DC21463046FEF76CF858B922688A
:10B960000123CEE7FEF79AF8B8E721463046FEF706
:10B9700061F80028D3D04FF0FF37D0E770B5054607
:10B9800084B01C4639B10B4ED6F8E060B047431C7A
:10B9900009D004B070BD0A460649D1F8E06001A99B
:10B9A000B047431CF5D100228A2322602B6004B0EB
:10B9B00070BD00BF4405002449B1FF2A02D80A70B7
:10B9C000012070478A2303604FF0FF30704708461C
:10B9D000704700BF38B50C46084D844611462046D6
:10B9E0001A4600232B606446E7F79AFF431C00D0F9
:10B9F00038BD2B68002BFBD0236038BD30B100244C
:10BA00002DE9F047DFF880A00646DAF800009846F6
:10BA10000F469146FEF772FC1A4B1B68D3F848415B
:10BA200024B365681F2D26DC5EB96B1C0235DAF87D
:10BA30000000636044F82570FEF762FC0020BDE85A
:10BA4000F08704EB85010123C1F88890D4F88821A0
:10BA5000AB401A43022EC4F88821C1F80881E4D112
:10BA6000D4F88C211343C4F88C31DEE703F5A674B7
:10BA7000C3F84841D5E7DAF80000FEF741FC4FF083
:10BA8000FF30DCE758E201084005002438B5A1FB8F
:10BA900002148CBBFEF7A6FC0546E0B150F8042C5E
:10BAA00022F00302043A242A17D8132A1AD91B2A8F
:10BAB000C0E900441DD9242A14BF00F1100200F18E
:10BAC00018024FF00003C0E9024404BF046144615E
:10BAD000C2E900339360284638BD2146F8F78AF85A
:10BAE000284638BD02460023C2E900339360284649
:10BAF00038BD00F10802F6E7F8F73EF80C23002500
:10BB00000360E8E738B5074D0022044608462A607E
:10BB1000E7F714FF431C00D038BD2B68002BFBD087
:10BB2000236038BD30B1002470B500294BD00646E3
:10BB30000C4610B1836B002B48D0636ED80734D508
:10BB4000B4F90C30002B3ED021463046FDF7DAFE2A
:10BB5000E36A054633B1E169304698470028B8BF2B
:10BB60004FF0FF35A3891A063BD4216B41B104F194
:10BB70004003994202D03046FEF710F900232363B8
:10BB8000616C21B13046FEF709F900236364FEF7CA
:10BB90000BF8636E0022DB07A28127D5A06DFEF7AC
:10BBA000ABFBFEF707F8284670BDA3899905CBD4F7
:10BBB000A06DFEF7A3FBB4F90C30002BC4D1656E69
:10BBC00015F0010508D00025284670BDFDF766FF79
:10BBD000636ED807B4D4E8E7A06DFEF791FB284662
:10BBE00070BD21693046FEF7D9F8BEE7A06DFEF7BB
:10BBF00087FBD3E770B50C46084D03460026204668
:10BC000011461C462E60E7F79CFE431C00D070BD19
:10BC10002B68002BFBD0236070BD00BF30B1002427
:10BC200038B5074D0022044608462A60E7F78EFE25
:10BC3000431C00D038BD2B68002BFBD0236038BDDF
:10BC400030B1002438B50C46084D844611462046D4
:10BC50001A4600232B606446E7F77AFE431C00D0A7
:10BC600038BD2B68002BFBD0236038BD30B10024D9
:10BC700038B50C46084D8446114620461A46002326
:10BC80002B606446E7F73CFE431C00D038BD2B68B0
:10BC9000002BFBD0236038BD30B10024F8B500BFC5
:10BCA000F8BC08BC9E467047F8B500BFF8BC08BC9D
:04BCB0009E467047F5
:10BCB80088BE0108B117000800000000000000005D
:10BCC80000020000000000000000000094BE01080F
:10BCD8002516000800000000000000000002000017
:10BCE80000000000000000009CBE01085D1800086C
:10BCF800010000000000000000010000000000003A
:10BD080000000000ACBE0108CD15000800000000CE
:10BD18000000000000020000000000000000000019
:10BD280014C60108F5150008000000000000000016
:10BD38008000000000000000000000000A00000071
:10BD48000200000000000000000000001B5B313B07
:10BD580033366D00726F6F740000000025733A2F40
:10BD6800240A00001B5B306D0000000025733A2593
:10BD780073240A005B785461736B496E69745D3A89
:10BD88002053442043617264204361706163697485
:10BD9800793A20256C6C644D420A00005B78546146
:10BDA800736B496E69745D3A205344204361726431
:10BDB800204E6F7420466F756E640000436865639B
:10BDC8006B20573235517878204661696C6564007C
:10BDD8005175616420535049000000005153504987
:10BDE800000000006D6E74005B785461736B496EDF
:10BDF80069745D3A205153504920466C617368203C
:10BE0800537563636565642C2049443A20256C7832
:10BE18000A0000005B785461736B496E69745D3A7F
:10BE280020466174667320537563636565640D000D
:10BE38004641542066696C652073797374656D009A
:10BE480053446361726400000A5B785461736B4900
:10BE58006E69745D3A20534420496E6974204661C6
:10BE6800696C642C20706C65617365207265706CF8
:10BE780061636520534420636172640D0000000013
:10BE8800785461736B496E69740000007853686573
:10BE98006C6C0000785461736B4D616E61676572FC
:10BEA80000000000785461736B54657374000000DF
:10BEB800784E6F6E655461736B0000006C73202DB3
:10BEC80070617468206F72206C7300004C69737421
:10BED8002066696C657300006364202D7061746866
:10BEE800000000004368616E6765204469726563FD
:10BEF800746F72790000000063640000696E666FF9
:10BF0800202D706174682F66696C65006C697374A4
:10BF180020736F6D657468696E6720696E666F6DF2
:10BF28006174696F6E000000696E666F0000000042
:10BF38006563686F20796F75722077616E74207001
:10BF480072696E74207468696E6773006563686FE0
:10BF580020736F6D657468696E6700006563686F4C
:10BF68000000000068656C70202D636F6D6D616E58
:10BF78006400000068656C70207573696E672063E3
:10BF88006F6D6D616E64000068656C700000000084
:10BF980074726565202D64657074680073686F77C6
:10BFA8002066696C652073797374656D207374728B
:10BFB8007563742074726565000000006D6B6469B8
:10BFC80072202D70617468006D616B6520796F75E2
:10BFD80072206F776E657220666F6C646572000000
:10BFE8006D6B6469720000007265626F6F740000A7
:10BFF8007265737461727420746865206D69637208
:10C008006F636F6E74726F6C6C65720073617665C6
:10C0180000000000736166656C79207361766520A5
:10C02800746865206F7065726174696E67207379D2
:10C038007374656D00000000707764006F7574702C
:10C048007574207468652063757272656E742070EB
:10C0580061746800726D000072656D6F766520749A
:10C0680068652066696C65206F7220666F6C646510
:10C078007200000073797374656D206469736B20B6
:10C08800726573657400000063643A206E6F2073F4
:10C09800756368206469726563746F727920000043
:10C0A800256300000D0A000063643A20746F6F2056
:10C0B8006D616E7920617267756D656E74730D0AB6
:10C0C8000000000055736167653A206563686F205A
:10C0D8003C737472696E673E0A000000200000001D
:10C0E80055736167653A2068656C70205B636F6D96
:10C0F8006D616E645D0A0000696E666F3A206D6955
:10C108007373696E6720617267756D656E740A0076
:10C11800696E666F3A20646576696365206E6F7430
:10C1280020666F756E64206F72206E6F74206120B8
:10C138006465766963650A005461736B090909507F
:10C1480049440909095072696F72697479090909C2
:10C158004C6F61640909095374617475730A0000AE
:10C1680025730909256400000909094E6F726D617C
:10C178006C00000009090948696768000909095243
:10C188006F6F740009090953797374656D000000B5
:10C19800090909556E6B6E6F776E00000909090968
:10C1A8003C312E3025250000090909256625250082
:10C1B80009090952656164790A00000009090952F0
:10C1C800756E6E696E670A000909095375737065A3
:10C1D8006E640A0009090953746F700A00000000B0
:10C1E800090909556E6B6E6F776E0A0044657669AA
:10C1F80063653A2025730A00446573637269707435
:10C20800696F6E3A2025730A000000005479706542
:10C218003A2054696D65720A00000000547970650F
:10C228003A204261736963204465766963650A0050
:10C23800547970653A2053746F726167652044655C
:10C24800766963650A000000547970653A2044698C
:10C2580073706C6179204465766963650A00000033
:10C26800547970653A20496E707574204465766912
:10C2780063650A00547970653A2053657269616C88
:10C28800204465766963650A00000000547970658A
:10C298003A205472616E73706F72742044657669C7
:10C2A80063650A00547970653A20566F6C7461674B
:10C2B80065204465766963650A00000054797065F5
:10C2C8003A2046696C652053797374656D0A0000DD
:10C2D800547970653A2046696C650A00547970652E
:10C2E8003A2045786563757461626C652066696C8F
:10C2F800650A0000547970653A20556E6B6E6F7749
:10C308006E0A00005374617475733A204F66660AAA
:10C31800000000005374617475733A204F6E0A0070
:10C328005374617475733A2053757370656E640A3B
:10C33800000000005374617475733A204572726F7F
:10C34800720A00005374617475733A2042757379E8
:10C358000A0000005374617475733A20556E6B6E51
:10C368006F776E0A000000003D2D3D2D3D2D3D2DBF
:10C378003D2D3D2D3D2D3D2D3D2D3D2D0A0000002F
:10C38800696E666F202F706174682F6465766963C3
:10C39800650A00006C733A20746F6F206D616E79C6
:10C3A80020617267756D656E74730D0A0000000078
:10C3B8006D6B646972202573000000005573616716
:10C3C800653A206D6B646972202D706174680A008B
:10C3D8007077643A20746F6F206D616E7920617296
:10C3E80067756D656E7473007265626F6F743A205D
:10C3F800746F6F206D616E7920617267756D656EFF
:10C40800747300007761697420666F7220736176B7
:10C4180065696E672E2E2E001B5B313B33316D0034
:10C4280072657365743A2041726520796F7520735F
:10C4380075726520746F2072657365742074686501
:10C448002073797374656D3F2028792F6E290A004F
:10C45800790000001B5B313B33336D0072657365F7
:10C46800743A2053797374656D206973207265730B
:10C47800657474696E672E2E2E0A000072657365E6
:10C48800743A20466C61736820636869702065722D
:10C49800617365642E0A000072657365743A2049F9
:10C4A800742077696C6C2074616B652065666665BD
:10C4B8006374206166746572207265737461727446
:10C4C8000A00000072657365743A20466C617368EF
:10C4D8002063686970206572617365206661696CA4
:10C4E80065642E0A000000001B5B303B33376D008B
:10C4F80072657365743A2053797374656D2072653B
:10C508007365742063616E63656C65642E0A000050
:10C518002F000000257325730000000025732F25C8
:10C5280073000000726D202D72202573000000003A
:10C53800726D2025730000002D720000557361672D
:10C54800653A20726D203C706174683E2F3C6669C4
:10C558006C653E206F7220726D202D72203C7061D8
:10C5680074683E0A00000000736176653A20746FB3
:10C578006F206D616E7920617267756D656E747379
:10C5880000000000536176696E6720696E20707242
:10C598006F67726573732C20706C656173652064B6
:10C5A8006F206E6F7420706572666F726D20616E99
:10C5B80079206F7065726174696F6E730A0000008C
:10C5C8001B5B313B33326D005361766520446F6EDF
:10C5D80065210A00496E76616C6964206E756D622A
:10C5E8006572206F6620617267756D656E74732C55
:10C5F8002075736520636F6D6D616E643A20747287
:10C608006565202D64657074680A0000784E6F6E49
:10C6180065000000000000000000000000000000AD
:10C628000000000000000000000000000000000002
:10C6380000000000000000000000000000000000F2
:10C648000000000000000000000000006000600022
:10C658006000600060006000600040002000200072
:10C668002000000000000000600060006000000082
:10C67800000000000000000060066006300398011A
:10C6880088004400000000000000000000000000D6
:10C698000000000000000000000000000000000092
:10C6A800000000000000000000000000100210025E
:10C6B80010021002FE07FE0708020801080108011F
:10C6C8000801FE07FE07040104010401040100003B
:10C6D8000000000000000000000040004000F001E1
:10C6E80058034C03CC034C0058007000E000C00114
:10C6F800C00140034C035C034C034801F0004000B8
:10C708004000000000000000000000000E010A01C7
:10C71800910091009100510051003A00AE03A0022F
:10C728005004500448044804480484028403000068
:10C7380000000000000000000000000038006C004D
:10C748006C006C006C006C002C0098071C011A012E
:10C75800330133016301E300C308C6093C07000045
:10C7680000000000000000000C001C001000100079
:10C7780008000400000000000000000000000000A5
:10C7880000000000000000000000000000000000A1
:10C79800000000000000000000040002000180000A
:10C7A80080004000400020002000200020002000E1
:10C7B80020002000400040008000800000010002AE
:10C7C800000400000000000002000400080010003F
:10C7D80010002000200040004000400040004000C1
:10C7E8004000400020002000100010000800040055
:10C7F800020000000000000000000000000000002F
:10C808004000C0004000460C4E0FD001F0015E0F02
:10C81800460C4000400040000000000000000000FE
:10C828000000000000000000000000000000000000
:10C83800000040004000400040004000FE0F400063
:10C8480040004000400040000000000000000000E0
:10C8580000000000000000000000000000000000D0
:10C8680000000000000000000000000000000000C0
:10C8780000000000000000000C001C001000100068
:10C888000800040000000000000000000000000094
:10C89800000000000000000000000000FE0700008B
:10C8A8000000000000000000000000000000000080
:10C8B8000000000000000000000000000000000070
:10C8C8000000000000000000000000000000000060
:10C8D80000000000000000001C001C001C000000FC
:10C8E8000000000000000000000400060002000331
:10C8F800000100018000800040004000600020002E
:10C90800200010001000080008000C0004000600B9
:10C918000200000000000000000000000000F0001D
:10C9280098010C030C03060606060606060606060C
:10C938000606060606060C030C039801F000000024
:10C94800000000000000000000000000000040009F
:10C958007C006000600060006000600060006000B3
:10C96800600060006000600060006000FC03000080
:10C978000000000000000000000000000000F800B7
:10C988008401020306030603000300018001C000BE
:10C99800600020001000080204020602FE030000E6
:10C9A8000000000000000000000000000000780007
:10C9B800C6008601860180018001C00070008001E8
:10C9C800000100030003060306038601F8000000C7
:10C9D80000000000000000000000000000008001CE
:10C9E8008001C001A001A001900188018801840193
:10C9F8008201FE0F8001800180018001E0070000B4
:10CA08000000000000000000000000000000FC031F
:10CA180004000400040004000400F4008C01040372
:10CA2800000300030603060382018401F8000000E6
:10CA38000000000000000000000000000000E0010D
:10CA480018030C030C0004000600E60116030E068A
:10CA580006060606060604060C021803F000000087
:10CA68000000000000000000000000000000F807BF
:10CA78000C0604020401000100018000800040004F
:10CA8800400040006000600060006000600000003E
:10CA98000000000000000000000000000000F80195
:10CAA8000C030606060606060C021C03F000C80165
:10CAB8000C0306060606060606060C03F00100002F
:10CAC8000000000000000000000000000000F0006E
:10CAD8000C010C03060206060606060606078C0667
:10CAE80078060006000300030C018C0178000000A2
:10CAF800000000000000000000000000000000002E
:10CB08000000000000000000E000E000E00000007D
:10CB18000000000000000000E000E000E00000006D
:10CB280000000000000000000000000000000000FD
:10CB3800000000000000000060006000000000002D
:10CB480000000000000000000000600060004000DD
:10CB58002000200000000000000000000004000287
:10CB680000018000400020001000080004000800B8
:10CB780010002000400080000001000200040000B6
:10CB8800000000000000000000000000000000009D
:10CB98000000000000000000FE0700000000000088
:10CBA800FE07000000000000000000000000000078
:10CBB8000000000000000000000000000400080061
:10CBC8001000200040008000000100020004000264
:10CBD8000001800040002000100008000400000050
:10CBE8000000000000000000000000000000E0035A
:10CBF8001806040C040C0C0C0C0C000780014000F7
:10CC08004000400000000000E000E000E0000000FC
:10CC1800000000000000000000000000E000180311
:10CC28000C02CC0564056605A605B604B604B60470
:10CC3800B604B602E4010C040C021803F00000006C
:10CC4800000000000000000000000000000060007C
:10CC580060005000D0009000900088008801080112
:10CC6800F801040304030402020202060F0F000085
:10CC78000000000000000000000000000000FE00AE
:10CC88008C030C030C030C030C038C01FC000C0339
:10CC98000C020C060C060C060C060C03FE01000028
:10CCA8000000000000000000000000000000E00399
:10CCB80018030C060C04040406000600060006000F
:10CCC8000600060006040C040C021803F00000001D
:10CCD80000000000000000000000000000007F00CD
:10CCE8008C010C030C030C060C060C060C060C0637
:10CCF8000C060C060C060C030C038C017F000000CC
:10CD08000000000000000000000000000000FF0319
:10CD1800060306040604060086008600FE00860058
:10CD2800860086000600060406040602FF030000CB
:10CD38000000000000000000000000000000FF03E9
:10CD4800060306040604060086008600FE00860028
:10CD58008600860006000600060006001F00000088
:10CD68000000000000000000000000000000F000CB
:10CD780018010C020C020402060006000600060058
:10CD8800C60F060306030C030C031803F00000008B
:10CD980000000000000000000000000000000F0F6D
:10CDA800060606060606060606060606FE07060622
:10CDB8000606060606060606060606060F0F000005
:10CDC8000000000000000000000000000000FC035C
:10CDD800600060006000600060006000600060004B
:10CDE800600060006000600060006000FC030000FC
:10CDF8000000000000000000000000000000F8072C
:10CE0800C000C000C000C000C000C000C000C0001A
:10CE1800C000C000C000C000C000C000C000C60004
:10CE280066003C0000000000000000000000CF0386
:10CE38008601C60046002600160036002E006E0049
:10CE48004600C60086008601060106038F0700001B
:10CE580000000000000000000000000000001F00AB
:10CE6800060006000600060006000600060006008A
:10CE7800060006000600060406040602FF0300007A
:10CE8800000000000000000000000000000007078C
:10CE9800860386038E038E034E034E034A035A030A
:10CEA8005A033A033203320332031203870700009E
:10CEB80000000000000000000000000000008E0FCD
:10CEC8000C021C021C023402340264026402440292
:10CED800C402840284038403040304031F020000C1
:10CEE8000000000000000000000000000000F0004A
:10CEF80098010C030C020606060606060606060638
:10CF08000606060606060C020C039801F00000004F
:10CF18000000000000000000000000000000FF000A
:10CF28000603060606060606060606068603FE002D
:10CF38000600060006000600060006001F000000A6
:10CF48000000000000000000000000000000F000E9
:10CF580098010C030C0206060606060606060606D7
:10CF68000606060676064C02CC039801F0008007F8
:10CF78000003000000000000000000000000FF01A6
:10CF8800060306060606060606060603FE00460013
:10CF9800C600860086010603060306060F0E00007B
:10CFA8000000000000000000000000000000F8027F
:10CFB8000C030602060206000E003C00F800E0031F
:10CFC800800300070206020606060C03F0010000B3
:10CFD8000000000000000000000000000000FE0744
:10CFE8006204610861086000600060006000600021
:10CFF800600060006000600060006000F8010000F0
:10D0080000000000000000000000000000001E07F3
:10D018000C020C020C020C020C020C020C020C0298
:10D028000C020C020C020C020C021801F0000000A9
:10D0380000000000000000000000000000000F07D2
:10D048000602040104010C010C0188008800980004
:10D0580098005000500070003000200020000000B0
:10D068000000000000000000000000000000F70EB3
:10D07800620442044604460464026402E402E402D0
:10D088009C029C0198019801880188008800000092
:10D0980000000000000000000000000000009E07E3
:10D0A8000C01080118019000B00060002000600029
:10D0B8006000D00090008801080104038E0700007A
:10D0C80000000000000000000000000000000F0F3A
:10D0D800060404020C0208011801B800B000700030
:10D0E800600060006000600060006000F8010000FF
:10D0F8000000000000000000000000000000FC0725
:10D108000C0206030201800180004000400020005C
:10D1180020001000180008040C040402FE0300009C
:10D128000000000000000000E003200020002000B4
:10D1380020002000200020002000200020002000E7
:10D1480020002000200020002000200020002000D7
:10D15800E0030000000000000000000004000400DC
:10D1680008000800100010001000200020004000F7
:10D178004000C000800080000001000100020002A1
:10D1880000020004000000007C0040004000400055
:10D198004000400040004000400040004000400087
:10D1A8004000400040004000400040004000400077
:10D1B8007C000000000060009000080100000000F2
:10D1C8000000000000000000000000000000000057
:10D1D8000000000000000000000000000000000047
:10D1E8000000000000000000000000000000000037
:10D1F8000000000000000000000000000000000027
:10D208000000000000000000000000000000000016
:10D218000000FF0F00000000180060000000000080
:10D2280000000000000000000000000000000000F6
:10D2380000000000000000000000000000000000E6
:10D2480000000000000000000000000000000000D6
:10D258000000000000000000F0010C030C030003B4
:10D26800E0031C030E03060306038E0B7C0E00006E
:10D2780000000000000000000000000008000E0090
:10D288000C000C000C000C00CC013C031C060C0626
:10D298000C060C060C060C060C021C03E40100002C
:10D2A8000000000000000000000000000000000076
:10D2B8000000000000000000F0008C018C018601D5
:10D2C80006000600060006020C020C01F000000031
:10D2D8000000000000000000000000000002C00381
:10D2E800000300030003000378038C030C03060308
:10D2F800060306030603060304038C0778010000EF
:10D308000000000000000000000000000000000015
:10D318000000000000000000E001180308020C06ED
:10D328000C06FC070C000C0018041802E0010000B1
:10D338000000000000000000000000000000C00322
:10D348006006300630003000FE013000300030004A
:10D35800300030003000300030003000FC010000A8
:10D3680000000000000000000000000000000000B5
:10D378000000000000000000F007D8068C018C01B6
:10D388008C019801F8000C00FC00CC03060306038E
:10D398008E03F800000000000000000008000E00E6
:10D3A8000C000C000C000C00EC011C030C030C031B
:10D3B8000C030C030C030C030C030C039E07000066
:10D3C80000000000000000000000000000006000F5
:10D3D80060000000000040007C0060006000600009
:10D3E800600060006000600060006000FC030000F6
:10D3F8000000000000000000000000000000C00164
:10D40800C001000000000001F001800180018001DE
:10D4180080018001800180018001800180018001FC
:10D42800CC007C00000000000000000008000E0096
:10D438000C000C000C000C008C038C008C004C00C1
:10D448006C005C008C008C010C010C039E07000032
:10D4580000000000000000000000000040007C0008
:10D4680060006000600060006000600060006000B4
:10D47800600060006000600060006000FC03000065
:10D488000000000000000000000000000000000094
:10D4980000000000000000003707EE06660666067A
:10D4A800660666066606660666066606FF0F0000DE
:10D4B8000000000000000000000000000000000064
:10D4C8000000000000000000EE011C030C030C0328
:10D4D8000C030C030C030C030C030C039E07000045
:10D4E8000000000000000000000000000000000034
:10D4F8000000000000000000F00098010C03060680
:10D5080006060606060606060C030C03F0000000D5
:10D518000000000000000000000000000000000003
:10D528000000000000000000EE011C030C060C06C1
:10D538000C060C060C060C060C031C03EC010C0074
:10D548000C003E0000000000000000000000000089
:10D55800000000000000000078028C030C030603A2
:10D56800060306030603060304038C03780300037B
:10D578000003C007000000000000000000000000D9
:10D5880000000000000000009F035806380618003D
:10D59800180018001800180018001800FF000000F4
:10D5A8000000000000000000000000000000000073
:10D5B8000000000000000000F0031C030C020C0235
:10D5C8003800F000C003040304038C03FC010000CE
:10D5D8000000000000000000000000000000000043
:10D5E8002000200030003000FE0130003000300004
:10D5F800300030003000300030023002E00100001E
:10D608000000000000000000000000000000000012
:10D6180000000000000008028E030C030C030C033A
:10D628000C030C030C030C030C039C07780100008B
:10D6380000000000000000000000000000000000E2
:10D6480000000000000000001E070C02080108018D
:10D6580018019000B000B0006000600020000000D9
:10D6680000000000000000000000000000000000B2
:10D678000000000000000000F70E62044604640287
:10D688006402EC029C0198019801980108000000CE
:10D698000000000000000000000000000000000082
:10D6A8000000000000000000BC0718011001B000D5
:10D6B80060006000E0009000080108039E07000079
:10D6C8000000000000000000000000000000000052
:10D6D80000000000000000009E0708010801080182
:10D6E80090009000B0006000600060002000200002
:10D6F80024001C00000000000000000000000000E2
:10D708000000000000000000FC018401C400440087
:10D71800600020003000180208020C03FC01000021
:10D72800000000000000000000038000800080006E
:10D7380080008000800080008000400020004000C1
:10D7480080008000800080008000800080008000D1
:10D75800000300004000400040004000400040003E
:10D7680040004000400040004000400040004000B1
:10D7780040004000400040004000400040004000A1
:10D7880040004000000000000C00100010001000D5
:10D7980010001000100010001000200040002000B1
:10D7A80010001000100010001000100010001000F1
:10D7B8000C00000000001C002204C20480030000CA
:10D7C8000000000000000000000000000000000051
:10D7D8000000000000000000000000000000000041
:10D7E800000000000000000001020304010203041D
:10D7F8000607080921626C6F636B5F69735F6C6170
:10D80800737428626C6F636B29000000443A5C48AB
:10D81800374F535C447269766572735C4B65726E00
:10D82800656C5C7372635C746C73662E63000000D5
:10D8380030203D3D2028616C69676E2026202861D4
:10D848006C69676E202D2031292920262620226D1B
:10D8580075737420616C69676E20746F2061207025
:10D868006F776572206F662074776F220000000062
:10D8780063757272656E742026262022667265654D
:10D88800206C6973742063616E6E6F7420686176B2
:10D89800652061206E756C6C20656E74727922004B
:10D8A800626C6F636B202626202263616E6E6F7434
:10D8B80020696E736572742061206E756C6C2065CA
:10D8C8006E74727920696E746F2074686520667250
:10D8D8006565206C6973742200000000626C6F63D8
:10D8E8006B5F746F5F70747228626C6F636B292052
:10D8F8003D3D20616C69676E5F70747228626C6F61
:10D90800636B5F746F5F70747228626C6F636B29EE
:10D918002C20414C49474E5F53495A452920262619
:10D928002022626C6F636B206E6F7420616C696774
:10D938006E65642070726F7065726C7922000000E9
:10D94800707265762026262022707265765F667270
:10D958006565206669656C642063616E206E6F740E
:10D96800206265206E756C6C220000006E6578740C
:10D9780020262620226E6578745F667265652066AB
:10D9880069656C642063616E206E6F742062652027
:10D998006E756C6C22000000626C6F636B5F746F55
:10D9A8005F7074722872656D61696E696E6729208F
:10D9B8003D3D20616C69676E5F70747228626C6FA0
:10D9C800636B5F746F5F7074722872656D61696EE6
:10D9D800696E67292C20414C49474E5F53495A4587
:10D9E80029202626202272656D61696E696E67207E
:10D9F800626C6F636B206E6F7420616C69676E6513
:10DA0800642070726F7065726C792200626C6F634B
:10DA18006B5F73697A6528626C6F636B29203D3D83
:10DA28002072656D61696E5F73697A65202B20735A
:10DA3800697A65202B20626C6F636B5F686561642F
:10DA480065725F6F7665726865616400626C6F63AA
:10DA58006B5F73697A652872656D61696E696E6757
:10DA680029203E3D20626C6F636B5F73697A655F46
:10DA78006D696E2026262022626C6F636B2073709E
:10DA88006C6974207769746820696E76616C696462
:10DA98002073697A6522000021626C6F636B5F698D
:10DAA800735F6C617374287072657629202626204E
:10DAB8002270726576696F757320626C6F636B2074
:10DAC80063616E2774206265206C61737421220083
:10DAD800626C6F636B5F69735F6672656528626C01
:10DAE8006F636B292026262022626C6F636B206D82
:10DAF80075737420626520667265652200000000F7
:10DB080070726576202626202270726576207068ED
:10DB180079736963616C20626C6F636B2063616EFB
:10DB28002774206265206E756C6C2200626C6F63CE
:10DB38006B5F69735F667265652870726576292008
:10DB4800262620227072657620626C6F636B2069CE
:10DB580073206E6F7420667265652074686F7567D0
:10DB680068206D61726B65642061732073756368EA
:10DB7800220000006E65787420262620226E6578C3
:10DB88007420706879736963616C20626C6F636B71
:10DB98002063616E2774206265206E756C6C2200AC
:10DBA80021626C6F636B5F69735F6C617374286269
:10DBB8006C6F636B29202626202270726576696F48
:10DBC800757320626C6F636B2063616E27742062CB
:10DBD80065206C617374212200000000736C5F6D16
:10DBE80061702026262022696E7465726E616C2031
:10DBF8006572726F72202D207365636F6E64206C7E
:10DC08006576656C206269746D6170206973206E39
:10DC1800756C6C2200000000626C6F636B5F736947
:10DC28007A6528626C6F636B29203E3D2073697AA0
:10DC38006500000021626C6F636B5F69735F6672D9
:10DC4800656528626C6F636B292026262022626C2A
:10DC58006F636B20616C7265616479206D61726BB2
:10DC6800656420617320667265652200626C6F636B
:10DC78006B5F6C6F636174655F6672656500000059
:10DC8800616C69676E5F75700000000072656D6F8A
:10DC980076655F667265655F626C6F636B00000036
:10DCA800616C69676E5F707472000000696E7365FD
:10DCB80072745F667265655F626C6F636B0000000B
:10DCC800616C69676E5F646F776E0000626C6F638A
:10DCD8006B5F6E6578740000626C6F636B5F6D6577
:10DCE8007267655F6E65787400000000626C6F6330
:10DCF8006B5F6162736F726200000000626C6F6339
:10DD08006B5F6D657267655F707265760000000015
:10DD1800746C73665F66726565000000626C6F63A1
:10DD28006B5F73706C697400626C6F636B5F7472A5
:10DD3800696D5F66726565007365617263685F73BC
:10DD480075697461626C655F626C6F636B0000007B
:10DD5800000610160006101600020102040403044F
:10DD680007050404000102770001020311040521DC
:10DD78003106124151076171132232810814429110
:10DD8800A1B1C109233352F0156272D10A162434A5
:10DD9800E125F11718191A262728292A3536373880
:10DDA800393A434445464748494A535455565758C3
:10DDB800595A636465666768696A737475767778B3
:10DDC800797A82838485868788898A9293949596BE
:10DDD8009798999AA2A3A4A5A6A7A8A9AAB2B3B4EA
:10DDE800B5B6B7B8B9BAC2C3C4C5C6C7C8C9CAD216
:10DDF800D3D4D5D6D7D8D9DAE2E3E4E5E6E7E8E93B
:10DE0800EAF2F3F4F5F6F7F8F9FA00000002010374
:10DE180003020403050504040000017D0102030058
:10DE28000411051221314106135161072271143280
:10DE38008191A1082342B1C11552D1F024336272F5
:10DE480082090A161718191A25262728292A343567
:10DE5800363738393A434445464748494A53545572
:10DE6800565758595A636465666768696A73747562
:10DE7800767778797A838485868788898A92939455
:10DE880095969798999AA2A3A4A5A6A7A8A9AAB275
:10DE9800B3B4B5B6B7B8B9BAC2C3C4C5C6C7C8C99A
:10DEA800CAD2D3D4D5D6D7D8D9DAE1E2E3E4E5E6C5
:10DEB800E7E8E9EAF1F2F3F4F5F6F7F8F9FA000021
:10DEC8001112182F6363636312151A426363636345
:10DED800181A3863636363632F426363636363631E
:10DEE80063636363636363636363636363636363FA
:10DEF80063636363636363636363636363636363EA
:10DF080000030101010101010101010000000000FD
:10DF1800000102030405060708090A0B00010501B0
:10DF280001010101010000000000000000010203DE
:10DF38000405060708090A0B100B0A101828333DB8
:10DF48000C0C0E131A3A3C370E0D101828394538A8
:10DF58000E11161D3357503E12162538446D674D65
:10DF6800182337405168715C31404E57677978659E
:10DF7800485C5F6270646763010002000400060089
:10DF880008000A000C00100020004000800000017A
:10DF9800080402040801010101010103070100004E
:10DFA80069E60008DDE600080DE7000871E80008EA
:10DFB800D5E90008EBFE904D53444F53352E300001
:10DFC8004E4F204E414D45202020204641543332AB
:10DFD800202020004E4F204E414D45202020204635
:10DFE800415420202020200001000400100040009F
:10DFF8000001000200000000010002000400080007
:10E00800100020000000000049444C4500000000BA
:10E0180020200000602D00001B5B313B33346D0075
:10E028007C2D00001B5B313B33356D0043505500A0
:10E0380053544D333220435055000000435055206F
:10E048006E616D653A2025730A0000004350552023
:10E058006465736372697074696F6E3A2025730A18
:10E0680000000000435055206672657175656E6347
:10E07800793A20256C7520485A0A000043505520EB
:10E0880074656D70657261747572653A20256620D5
:10E09800430A0000435055206C6F61643A2025669E
:10E0A80025250A003D3D3D3D3D3D3D3D3D3D3D3D38
:10E0B8003D3D3D3D3D3D3D3D3D3D3D3D3D3D3D3D88
:10E0C8003D3D3D3D3D3D3D3D0A00000070726F63A2
:10E0D80000000000646576007573720062696E0066
:10E0E8005B4472545D3A2044725420496E6974004E
:10E0F80043656E7472616C2050726F6365737369E7
:10E108006E6720556E69740053657269616C206290
:10E118007573206465766963650000005553415244
:10E12800543100005B434D445D3A20436F6D6D618F
:10E138006E6420496E6974002E2E2F00726D3A208D
:10E1480064656C6574652022257322206661696C9C
:10E1580064210A00726D3A206E6F2073756368201F
:10E1680066696C65206F7220666F6C6465722C201E
:10E17800636865636B206974210A00002573202099
:10E188000000000025730900436F6D6D616E642007
:10E198006E6F7420666F756E640A0000436F6D6D54
:10E1A800616E6409094465736372697074696F6E9E
:10E1B800090955736167650A00000000257309099C
:10E1C8002573090925730A0053544D3332205669C3
:10E1D800727475616C20436F6D506F72740000002B
:10E1E80053544D6963726F656C656374726F6E69C1
:10E1F8006373000043444320436F6E666967000001
:10E2080043444320496E746572666163650000008B
:10E218002C2066756E6374696F6E3A2000000000EA
:10E22800617373657274696F6E202225732220668C
:10E2380061696C65643A2066696C652022257322E1
:10E248002C206C696E65202564257325730A0000EF
:10E2580018010024494E4600696E66004E414E0082
:10E268006E616E0030313233343536373839616299
:10E278006364656600000000303132333435363768
:10E28800383941424344454600000000286E756C09
:10E298006C290000300000002020202020202020B1
:10E2A80020202020202020203030303030303030E6
:10E2B80030303030303030302020202020202020D6
:10E2C80020202020202020203030303030303030C6
:10E2D80030303030303030302020202020202020B6
:10E2E80020202020202020203030303030303030A6
:10E2F80030303030303030300020202020202020B6
:10E3080020202828282828202020202020202020DD
:10E3180020202020202020202088101010101010ED
:10E328001010101010101010100404040404040439
:10E3380004040410101010101010414141414141D3
:10E3480001010101010101010101010101010101B5
:10E3580001010101101010101010424242424242C5
:10E368000202020202020202020202020202020285
:10E37800020202021010101020000000000000002D
:10E388000000000000000000000000000000000085
:10E398000000000000000000000000000000000075
:10E3A8000000000000000000000000000000000065
:10E3B8000000000000000000000000000000000055
:10E3C8000000000000000000000000000000000045
:10E3D8000000000000000000000000000000000035
:10E3E8000000000000000000000000000000000025
:10E3F8000000000000000000000000004E614E0018
:10E40800496E66696E6974790000000042616C6C3F
:10E418006F6320737563636565646564000000005D
:10E428002F6D6E742F776F726B73706163652F77C2
:10E438006F726B73706163652F4743432D31302DC5
:10E44800706970656C696E652F6A656E6B696E734D
:10E458002D4743432D31302D706970656C696E65A9
:10E468002D3333385F32303231313031385F313625
:10E4780033343531363230332F7372632F6E65770C
:10E488006C69622F6E65776C69622F6C6962632FA5
:10E498007374646C69622F64746F612E630000008A
:10E4A80043000000504F5349580000002E00000060
:10E4B8002F6D6E742F776F726B73706163652F7732
:10E4C8006F726B73706163652F4743432D31302D35
:10E4D800706970656C696E652F6A656E6B696E73BD
:10E4E8002D4743432D31302D706970656C696E6519
:10E4F8002D3333385F32303231313031385F313695
:10E5080033343531363230332F7372632F6E65777B
:10E518006C69622F6E65776C69622F6C6962632F14
:10E528007374646C69622F6D707265632E6300008A
:10E538000080E03779C34143176E05B5B5B89346F7
:10E54800F5F93FE9034F384D321D30F94877825AC3
:10E558003CBF737FDD4F1575000000000000F03FE1
:10E5680000000000000024400000000000005940A6
:10E578000000000000408F40000000000088C340F9
:10E5880000000000006AF8400000000080842E416E
:10E5980000000000D01263410000000084D79741BA
:10E5A8000000000065CDCD41000000205FA00242C0
:10E5B800000000E876483742000000A2941A6D4235
:10E5C800000040E59C30A2420000901EC4BCD64228
:10E5D80000003426F56B0C430080E03779C34143D3
:10E5E80000A0D8855734764300C84E676DC1AB4349
:10E5F800003D9160E458E143408CB5781DAF154467
:10E6080050EFE2D6E41A4B4492D54D06CFF0804441
:10E61800F64AE1C7022DB544B49DD9794378EA4456
:0CE6280005000000190000007D0000004B
:08E634007425FE7F01000000C7
:08E63C006D880108E5020008E9
:04E64400C102000807
:10E648001CC601080C001800300000000090D00320
:10E658000090D0030100000010000000010000003D
:10E66800ABED000847ED00082DEC000800000000A5
:10E6780055EA0008B1EB000879EB0008000000003B
:10E68800000000000000000031EB0008E9EA000883
:10E69800A1EA000895EA000809024300020100C047
:10E6A80032090400000102020100052400100105DE
:10E6B8002401000104240202052406000107058242
:10E6C8000308001009040100020A00000007050100
:10E6D8000240000007058102400000000A0600020F
:10E6E8000000004001000000AAAAAAAA25360108D5
:10E6F800FD3501080136010809360108053601080B
:10E70800213701082D370108F1370108CD370108F5
:10E71800B93701080D380108313801080000000038
:10E728001201000202020040830440570002010265
:10E7380003010000040309041A030000000000009C
:10E7480000000000000000000000000000000000C1
:10E758000000000018010024000000000404002448
:10E768006C040024D4040024000000000000000011
:10E778000000000000000000000000000000000091
:10E788000000000000000000000000000000000081
:10E798000000000000000000000000000000000071
:10E7A8000000000000000000000000000000000061
:10E7B8000000000000000000000000000000000051
:10E7C8000000000000000000000000000000000041
:10E7D8000000000000000000000000000000000031
:10E7E8000000000000000000000000000000000021
:10E7F8000000000000000000000000000000000011
:10E8080001000000000000000E33CDAB34126DE6AD
:10E81800ECDE05000B000000000000000000000016
:10E8280000000000000000000000000000000000E0
:10E8380000000000000000000000000000000000D0
:10E8480000000000000000000000000000000000C0
:10E8580000000000000000000000000000000000B0
:10E8680000000000000000000000000000000000A0
:10E878000000000000000000000000000000000090
:10E888000000000000000000000000000000000080
:10E898000000000000000000000000000000000070
:10E8A8000000000000000000000000000000000060
:10E8B8000000000000000000000000000000000050
:10E8C8000000000000000000000000000000000040
:10E8D8000000000000000000000000000000000030
:10E8E8000000000000000000000000000000000020
:10E8F8000000000000000000000000000000000010
:10E9080000000000000000000000000000000000FF
:10E9180000000000000000000000000000000000EF
:10E9280000000000000000000000000000000000DF
:10E9380000000000000000000000000000000000CF
:10E9480000000000000000000000000000000000BF
:10E9580000000000000000000000000000000000AF
:10E96800000000000000000000000000000000009F
:10E97800000000000000000000000000000000008F
:10E98800000000000000000000000000000000007F
:10E99800000000000000000000000000000000006F
:10E9A800000000000000000000000000000000005F
:10E9B800000000000000000000000000000000004F
:10E9C800000000000000000000000000000000003F
:10E9D800000000000000000000000000000000002F
:10E9E800000000000000000000000000000000001F
:10E9F800000000000000000000000000000000000F
:10EA080000000000000000000000000000000000FE
:10EA180000000000000000000000000000000000EE
:10EA280000000000000000000000000000000000DE
:10EA380000000000000000000000000000000000CE
:10EA480000000000000000000000000000000000BE
:10EA580000000000000000000000000000000000AE
:10EA6800000000000000000000000000000000009E
:10EA7800000000000000000000000000000000008E
:10EA8800000000000000000000000000000000007E
:10EA9800000000000000000000000000000000006E
:10EAA800000000000000000000000000000000005E
:10EAB800000000000000000000000000000000004E
:10EAC800000000000000000000000000000000003E
:10EAD800000000000000000000000000000000002E
:10EAE800000000000000000000000000000000001E
:10EAF800000000000000000000000000000000000E
:10EB080000000000000000000000000000000000FD
:10EB180000000000000000000000000000000000ED
:10EB280000000000000000000000000000000000DD
:10EB380000000000000000000000000000000000CD
:10EB480000000000000000000000000000000000BD
:10EB580000000000000000000000000000000000AD
:10EB6800000000000000000000000000000000009D
:10EB7800000000000000000000000000000000008D
:10EB880034B1002443000000000000000000000031
:10EB9800000000000000000000000000000000006D
:10EBA800000000004300000000000000000000001A
:10EBB800000000000000000000000000000000004D
:10EBC80000000000430000000000000000000000FA
:10EBD800000000000000000000000000000000002D
:10EBE80000000000430000000000000000000000DA
:10EBF800000000000000000000000000000000000D
:10EC080000000000430000000000000000000000B9
:10EC180000000000000000000000000000000000EC
:10EC28000000000043000000000000000000000099
:10EC380000000000000000000000000000000000CC
:10EC48000000000043000000000000000000000079
:10EC580000000000000000000000000000000000AC
:10EC680000000000B9B9010845A90108000000002A
:10EC780000E30108B4E40108C8C00108C8C00108DD
:10EC8800C8C00108C8C00108C8C00108C8C0010838
:10EC9800C8C00108C8C00108C8C00108FFFFFFFFBD
:10ECA800FFFFFFFFFFFFFFFFFFFF000001004153D1
:10ECB8004349490000000000000000000000000077
:10ECC80000000000000000000000000000004153A8
:10ECD8004349490000000000000000000000000057
:10ECE800000000000000000000000000000000001C
:10ECF8000000000000000000B0060024B006002458
:10ED0800B8060024B8060024C0060024C006002463
:10ED1800C8060024C8060024D0060024D006002413
:10ED2800D8060024D8060024E0060024E0060024C3
:10ED3800E8060024E8060024F0060024F006002473
:10ED4800F8060024F8060024000700240007002421
:10ED580008070024080700241007002410070024CF
:10ED6800180700241807002420070024200700247F
:10ED7800280700242807002430070024300700242F
:10ED880038070024380700244007002440070024DF
:10ED9800480700244807002450070024500700248F
:10EDA800580700245807002460070024600700243F
:10EDB80068070024680700247007002470070024EF
:10EDC800780700247807002480070024800700249F
:10EDD800880700248807002490070024900700244F
:10EDE8009807002498070024A0070024A0070024FF
:10EDF800A8070024A8070024B0070024B0070024AF
:10EE0800B8070024B8070024C0070024C00700245E
:10EE1800C8070024C8070024D0070024D00700240E
:10EE2800D8070024D8070024E0070024E0070024BE
:10EE3800E8070024E8070024F0070024F00700246E
:10EE4800F8070024F807002400080024000800241C
:10EE580008080024080800241008002410080024CA
:10EE6800180800241808002420080024200800247A
:10EE7800280800242808002430080024300800242A
:10EE880038080024380800244008002440080024DA
:10EE9800480800244808002450080024500800248A
:10EEA800580800245808002460080024600800243A
:10EEB80068080024680800247008002470080024EA
:10EEC800780800247808002480080024800800249A
:10EED800880800248808002490080024900800244A
:10EEE8009808002498080024A0080024A0080024FA
:10EEF800A8080024A8080024B0080024B0080024AA
:10EF0800B8080024B8080024C0080024C008002459
:10EF1800C8080024C8080024D0080024D008002409
:10EF2800D8080024D8080024E0080024E0080024B9
:10EF3800E8080024E8080024F0080024F008002469
:10EF4800F8080024F8080024000900240009002417
:10EF580008090024080900241009002410090024C5
:10EF68001809002418090024200900242009002475
:10EF78002809002428090024300900243009002425
:10EF880038090024380900244009002440090024D5
:10EF98004809002448090024500900245009002485
:10EFA8005809002458090024600900246009002435
:10EFB80068090024680900247009002470090024E5
:10EFC8007809002478090024800900248009002495
:10EFD8008809002488090024900900249009002445
:10EFE8009809002498090024A0090024A0090024F5
:10EFF800A8090024A8090024B0090024B0090024A5
:10F00800B8090024B8090024C0090024C009002454
:10F01800C8090024C8090024D0090024D009002404
:10F02800D8090024D8090024E0090024E0090024B4
:10F03800E8090024E8090024F0090024F009002464
:10F04800F8090024F8090024000A0024000A002412
:10F05800080A0024080A0024100A0024100A0024C0
:10F06800180A0024180A0024200A0024200A002470
:10F07800280A0024280A0024300A0024300A002420
:10F08800380A0024380A0024400A0024400A0024D0
:10F09800480A0024480A0024500A0024500A002480
:10F0A800580A0024580A0024600A0024600A002430
:10F0B800680A0024680A0024700A0024700A0024E0
:10F0C800780A0024780A0024800A0024800A002490
:10F0D800880A0024880A0024900A0024900A002440
:10F0E800980A0024980A0024A00A0024A00A0024F0
:10F0F800A80A0024A80A0024FFFFFFFF000002005E
:04000005080040416E
:00000001FF
